waveform;Bridge
t0;17/11/2021  10:20:34,681833
delta t;0,000500

time;Bridge
17/11/2021  10:20:34,681833;1,123323E-3
17/11/2021  10:20:34,682333;1,122429E-3
17/11/2021  10:20:34,682833;1,122313E-3
17/11/2021  10:20:34,683333;1,122537E-3
17/11/2021  10:20:34,683833;1,122310E-3
17/11/2021  10:20:34,684333;1,122408E-3
17/11/2021  10:20:34,684833;1,122820E-3
17/11/2021  10:20:34,685333;1,121631E-3
17/11/2021  10:20:34,685833;1,122808E-3
17/11/2021  10:20:34,686333;1,123159E-3
17/11/2021  10:20:34,686833;1,121976E-3
17/11/2021  10:20:34,687333;1,121714E-3
17/11/2021  10:20:34,687833;1,122701E-3
17/11/2021  10:20:34,688333;1,121520E-3
17/11/2021  10:20:34,688833;1,122912E-3
17/11/2021  10:20:34,689333;1,121869E-3
17/11/2021  10:20:34,689833;1,122319E-3
17/11/2021  10:20:34,690333;1,122402E-3
17/11/2021  10:20:34,690833;1,122808E-3
17/11/2021  10:20:34,691333;1,121592E-3
17/11/2021  10:20:34,691833;1,121821E-3
17/11/2021  10:20:34,692333;1,122960E-3
17/11/2021  10:20:34,692833;1,122584E-3
17/11/2021  10:20:34,693333;1,122414E-3
17/11/2021  10:20:34,693833;1,122388E-3
17/11/2021  10:20:34,694333;1,121732E-3
17/11/2021  10:20:34,694833;1,122104E-3
17/11/2021  10:20:34,695333;1,122560E-3
17/11/2021  10:20:34,695833;1,122310E-3
17/11/2021  10:20:34,696333;1,121830E-3
17/11/2021  10:20:34,696833;1,122161E-3
17/11/2021  10:20:34,697333;1,122677E-3
17/11/2021  10:20:34,697833;1,123136E-3
17/11/2021  10:20:34,698333;1,123797E-3
17/11/2021  10:20:34,698833;1,122563E-3
17/11/2021  10:20:34,699333;1,122516E-3
17/11/2021  10:20:34,699833;1,122405E-3
17/11/2021  10:20:34,700333;1,123279E-3
17/11/2021  10:20:34,700833;1,122808E-3
17/11/2021  10:20:34,701333;1,121660E-3
17/11/2021  10:20:34,701833;1,122698E-3
17/11/2021  10:20:34,702333;1,122933E-3
17/11/2021  10:20:34,702833;1,123237E-3
17/11/2021  10:20:34,703333;1,122402E-3
17/11/2021  10:20:34,703833;1,122426E-3
17/11/2021  10:20:34,704333;1,122987E-3
17/11/2021  10:20:34,704833;1,122277E-3
17/11/2021  10:20:34,705333;1,123025E-3
17/11/2021  10:20:34,705833;1,122307E-3
17/11/2021  10:20:34,706333;1,123359E-3
17/11/2021  10:20:34,706833;1,122048E-3
17/11/2021  10:20:34,707333;1,122417E-3
17/11/2021  10:20:34,707833;1,122146E-3
17/11/2021  10:20:34,708333;1,122477E-3
17/11/2021  10:20:34,708833;1,122718E-3
17/11/2021  10:20:34,709333;1,122489E-3
17/11/2021  10:20:34,709833;1,122164E-3
17/11/2021  10:20:34,710333;1,121675E-3
17/11/2021  10:20:34,710833;1,122402E-3
17/11/2021  10:20:34,711333;1,122048E-3
17/11/2021  10:20:34,711833;1,122891E-3
17/11/2021  10:20:34,712333;1,121601E-3
17/11/2021  10:20:34,712833;1,122638E-3
17/11/2021  10:20:34,713333;1,122498E-3
17/11/2021  10:20:34,713833;1,121327E-3
17/11/2021  10:20:34,714333;1,122888E-3
17/11/2021  10:20:34,714833;1,123159E-3
17/11/2021  10:20:34,715333;1,123386E-3
17/11/2021  10:20:34,715833;1,122471E-3
17/11/2021  10:20:34,716333;1,122215E-3
17/11/2021  10:20:34,716833;1,122492E-3
17/11/2021  10:20:34,717333;1,122379E-3
17/11/2021  10:20:34,717833;1,121893E-3
17/11/2021  10:20:34,718333;1,122385E-3
17/11/2021  10:20:34,718833;1,122981E-3
17/11/2021  10:20:34,719333;1,122316E-3
17/11/2021  10:20:34,719833;1,122921E-3
17/11/2021  10:20:34,720333;1,121824E-3
17/11/2021  10:20:34,720833;1,122733E-3
17/11/2021  10:20:34,721333;1,122546E-3
17/11/2021  10:20:34,721833;1,121860E-3
17/11/2021  10:20:34,722333;1,122325E-3
17/11/2021  10:20:34,722833;1,121839E-3
17/11/2021  10:20:34,723333;1,122429E-3
17/11/2021  10:20:34,723833;1,123198E-3
17/11/2021  10:20:34,724333;1,121800E-3
17/11/2021  10:20:34,724833;1,122727E-3
17/11/2021  10:20:34,725333;1,123022E-3
17/11/2021  10:20:34,725833;1,122951E-3
17/11/2021  10:20:34,726333;1,123568E-3
17/11/2021  10:20:34,726833;1,122820E-3
17/11/2021  10:20:34,727333;1,123314E-3
17/11/2021  10:20:34,727833;1,122313E-3
17/11/2021  10:20:34,728333;1,121935E-3
17/11/2021  10:20:34,728833;1,123255E-3
17/11/2021  10:20:34,729333;1,121333E-3
17/11/2021  10:20:34,729833;1,121795E-3
17/11/2021  10:20:34,730333;1,122715E-3
17/11/2021  10:20:34,730833;1,121982E-3
17/11/2021  10:20:34,731333;1,122328E-3
17/11/2021  10:20:34,731833;1,121577E-3
17/11/2021  10:20:34,732333;1,122534E-3
17/11/2021  10:20:34,732833;1,121529E-3
17/11/2021  10:20:34,733333;1,121967E-3
17/11/2021  10:20:34,733833;1,121929E-3
17/11/2021  10:20:34,734333;1,122361E-3
17/11/2021  10:20:34,734833;1,122265E-3
17/11/2021  10:20:34,735333;1,122480E-3
17/11/2021  10:20:34,735833;1,121878E-3
17/11/2021  10:20:34,736333;1,122584E-3
17/11/2021  10:20:34,736833;1,122173E-3
17/11/2021  10:20:34,737333;1,121574E-3
17/11/2021  10:20:34,737833;1,122140E-3
17/11/2021  10:20:34,738333;1,122215E-3
17/11/2021  10:20:34,738833;1,123100E-3
17/11/2021  10:20:34,739333;1,122510E-3
17/11/2021  10:20:34,739833;1,121070E-3
17/11/2021  10:20:34,740333;1,121011E-3
17/11/2021  10:20:34,740833;1,123428E-3
17/11/2021  10:20:34,741333;1,122927E-3
17/11/2021  10:20:34,741833;1,122939E-3
17/11/2021  10:20:34,742333;1,122563E-3
17/11/2021  10:20:34,742833;1,121643E-3
17/11/2021  10:20:34,743333;1,121768E-3
17/11/2021  10:20:34,743833;1,122787E-3
17/11/2021  10:20:34,744333;1,122686E-3
17/11/2021  10:20:34,744833;1,122665E-3
17/11/2021  10:20:34,745333;1,122727E-3
17/11/2021  10:20:34,745833;1,122250E-3
17/11/2021  10:20:34,746333;1,122808E-3
17/11/2021  10:20:34,746833;1,122978E-3
17/11/2021  10:20:34,747333;1,121944E-3
17/11/2021  10:20:34,747833;1,122799E-3
17/11/2021  10:20:34,748333;1,122131E-3
17/11/2021  10:20:34,748833;1,122823E-3
17/11/2021  10:20:34,749333;1,122262E-3
17/11/2021  10:20:34,749833;1,121792E-3
17/11/2021  10:20:34,750333;1,122662E-3
17/11/2021  10:20:34,750833;1,122829E-3
17/11/2021  10:20:34,751333;1,122441E-3
17/11/2021  10:20:34,751833;1,122176E-3
17/11/2021  10:20:34,752333;1,122549E-3
17/11/2021  10:20:34,752833;1,122668E-3
17/11/2021  10:20:34,753333;1,122593E-3
17/11/2021  10:20:34,753833;1,122552E-3
17/11/2021  10:20:34,754333;1,122355E-3
17/11/2021  10:20:34,754833;1,123446E-3
17/11/2021  10:20:34,755333;1,122426E-3
17/11/2021  10:20:34,755833;1,122379E-3
17/11/2021  10:20:34,756333;1,121970E-3
17/11/2021  10:20:34,756833;1,122361E-3
17/11/2021  10:20:34,757333;1,121815E-3
17/11/2021  10:20:34,757833;1,122137E-3
17/11/2021  10:20:34,758333;1,122209E-3
17/11/2021  10:20:34,758833;1,121607E-3
17/11/2021  10:20:34,759333;1,122152E-3
17/11/2021  10:20:34,759833;1,121824E-3
17/11/2021  10:20:34,760333;1,122215E-3
17/11/2021  10:20:34,760833;1,122012E-3
17/11/2021  10:20:34,761333;1,121997E-3
17/11/2021  10:20:34,761833;1,121994E-3
17/11/2021  10:20:34,762333;1,122411E-3
17/11/2021  10:20:34,762833;1,122763E-3
17/11/2021  10:20:34,763333;1,122751E-3
17/11/2021  10:20:34,763833;1,122656E-3
17/11/2021  10:20:34,764333;1,122444E-3
17/11/2021  10:20:34,764833;1,122352E-3
17/11/2021  10:20:34,765333;1,122200E-3
17/11/2021  10:20:34,765833;1,122984E-3
17/11/2021  10:20:34,766333;1,122775E-3
17/11/2021  10:20:34,766833;1,122703E-3
17/11/2021  10:20:34,767333;1,122188E-3
17/11/2021  10:20:34,767833;1,122388E-3
17/11/2021  10:20:34,768333;1,122304E-3
17/11/2021  10:20:34,768833;1,122373E-3
17/11/2021  10:20:34,769333;1,123937E-3
17/11/2021  10:20:34,769833;1,122873E-3
17/11/2021  10:20:34,770333;1,123189E-3
17/11/2021  10:20:34,770833;1,122578E-3
17/11/2021  10:20:34,771333;1,122596E-3
17/11/2021  10:20:34,771833;1,122838E-3
17/11/2021  10:20:34,772333;1,122778E-3
17/11/2021  10:20:34,772833;1,122617E-3
17/11/2021  10:20:34,773333;1,122468E-3
17/11/2021  10:20:34,773833;1,121675E-3
17/11/2021  10:20:34,774333;1,122218E-3
17/11/2021  10:20:34,774833;1,122489E-3
17/11/2021  10:20:34,775333;1,122832E-3
17/11/2021  10:20:34,775833;1,121949E-3
17/11/2021  10:20:34,776333;1,122325E-3
17/11/2021  10:20:34,776833;1,121926E-3
17/11/2021  10:20:34,777333;1,122033E-3
17/11/2021  10:20:34,777833;1,122644E-3
17/11/2021  10:20:34,778333;1,121711E-3
17/11/2021  10:20:34,778833;1,122861E-3
17/11/2021  10:20:34,779333;1,122486E-3
17/11/2021  10:20:34,779833;1,121482E-3
17/11/2021  10:20:34,780333;1,121556E-3
17/11/2021  10:20:34,780833;1,122140E-3
17/11/2021  10:20:34,781333;1,122501E-3
17/11/2021  10:20:34,781833;1,122462E-3
17/11/2021  10:20:34,782333;1,122283E-3
17/11/2021  10:20:34,782833;1,122256E-3
17/11/2021  10:20:34,783333;1,122352E-3
17/11/2021  10:20:34,783833;1,122250E-3
17/11/2021  10:20:34,784333;1,122048E-3
17/11/2021  10:20:34,784833;1,122519E-3
17/11/2021  10:20:34,785333;1,122566E-3
17/11/2021  10:20:34,785833;1,122337E-3
17/11/2021  10:20:34,786333;1,122322E-3
17/11/2021  10:20:34,786833;1,122683E-3
17/11/2021  10:20:34,787333;1,122552E-3
17/11/2021  10:20:34,787833;1,121851E-3
17/11/2021  10:20:34,788333;1,122209E-3
17/11/2021  10:20:34,788833;1,122853E-3
17/11/2021  10:20:34,789333;1,122805E-3
17/11/2021  10:20:34,789833;1,122957E-3
17/11/2021  10:20:34,790333;1,121467E-3
17/11/2021  10:20:34,790833;1,122724E-3
17/11/2021  10:20:34,791333;1,122560E-3
17/11/2021  10:20:34,791833;1,122289E-3
17/11/2021  10:20:34,792333;1,123538E-3
17/11/2021  10:20:34,792833;1,122200E-3
17/11/2021  10:20:34,793333;1,121961E-3
17/11/2021  10:20:34,793833;1,122522E-3
17/11/2021  10:20:34,794333;1,122164E-3
17/11/2021  10:20:34,794833;1,122355E-3
17/11/2021  10:20:34,795333;1,122706E-3
17/11/2021  10:20:34,795833;1,122614E-3
17/11/2021  10:20:34,796333;1,123234E-3
17/11/2021  10:20:34,796833;1,122110E-3
17/11/2021  10:20:34,797333;1,122525E-3
17/11/2021  10:20:34,797833;1,121711E-3
17/11/2021  10:20:34,798333;1,122364E-3
17/11/2021  10:20:34,798833;1,122417E-3
17/11/2021  10:20:34,799333;1,121762E-3
17/11/2021  10:20:34,799833;1,122996E-3
17/11/2021  10:20:34,800333;1,122855E-3
17/11/2021  10:20:34,800833;1,122098E-3
17/11/2021  10:20:34,801333;1,122557E-3
17/11/2021  10:20:34,801833;1,122000E-3
17/11/2021  10:20:34,802333;1,122814E-3
17/11/2021  10:20:34,802833;1,122233E-3
17/11/2021  10:20:34,803333;1,122358E-3
17/11/2021  10:20:34,803833;1,122248E-3
17/11/2021  10:20:34,804333;1,121610E-3
17/11/2021  10:20:34,804833;1,122414E-3
17/11/2021  10:20:34,805333;1,122224E-3
17/11/2021  10:20:34,805833;1,123308E-3
17/11/2021  10:20:34,806333;1,121833E-3
17/11/2021  10:20:34,806833;1,121192E-3
17/11/2021  10:20:34,807333;1,122829E-3
17/11/2021  10:20:34,807833;1,122200E-3
17/11/2021  10:20:34,808333;1,122018E-3
17/11/2021  10:20:34,808833;1,122811E-3
17/11/2021  10:20:34,809333;1,122426E-3
17/11/2021  10:20:34,809833;1,122459E-3
17/11/2021  10:20:34,810333;1,122644E-3
17/11/2021  10:20:34,810833;1,122718E-3
17/11/2021  10:20:34,811333;1,123139E-3
17/11/2021  10:20:34,811833;1,122605E-3
17/11/2021  10:20:34,812333;1,122167E-3
17/11/2021  10:20:34,812833;1,122912E-3
17/11/2021  10:20:34,813333;1,121830E-3
17/11/2021  10:20:34,813833;1,122653E-3
17/11/2021  10:20:34,814333;1,123079E-3
17/11/2021  10:20:34,814833;1,122692E-3
17/11/2021  10:20:34,815333;1,122060E-3
17/11/2021  10:20:34,815833;1,122522E-3
17/11/2021  10:20:34,816333;1,121985E-3
17/11/2021  10:20:34,816833;1,122119E-3
17/11/2021  10:20:34,817333;1,122638E-3
17/11/2021  10:20:34,817833;1,122656E-3
17/11/2021  10:20:34,818333;1,122098E-3
17/11/2021  10:20:34,818833;1,122158E-3
17/11/2021  10:20:34,819333;1,122596E-3
17/11/2021  10:20:34,819833;1,123791E-3
17/11/2021  10:20:34,820333;1,122596E-3
17/11/2021  10:20:34,820833;1,122167E-3
17/11/2021  10:20:34,821333;1,122414E-3
17/11/2021  10:20:34,821833;1,122268E-3
17/11/2021  10:20:34,822333;1,122346E-3
17/11/2021  10:20:34,822833;1,122206E-3
17/11/2021  10:20:34,823333;1,122355E-3
17/11/2021  10:20:34,823833;1,122689E-3
17/11/2021  10:20:34,824333;1,121729E-3
17/11/2021  10:20:34,824833;1,121675E-3
17/11/2021  10:20:34,825333;1,122349E-3
17/11/2021  10:20:34,825833;1,122367E-3
17/11/2021  10:20:34,826333;1,123547E-3
17/11/2021  10:20:34,826833;1,121750E-3
17/11/2021  10:20:34,827333;1,123428E-3
17/11/2021  10:20:34,827833;1,121082E-3
17/11/2021  10:20:34,828333;1,121350E-3
17/11/2021  10:20:34,828833;1,122414E-3
17/11/2021  10:20:34,829333;1,122298E-3
17/11/2021  10:20:34,829833;1,123338E-3
17/11/2021  10:20:34,830333;1,122760E-3
17/11/2021  10:20:34,830833;1,122936E-3
17/11/2021  10:20:34,831333;1,121932E-3
17/11/2021  10:20:34,831833;1,121818E-3
17/11/2021  10:20:34,832333;1,122426E-3
17/11/2021  10:20:34,832833;1,121878E-3
17/11/2021  10:20:34,833333;1,122256E-3
17/11/2021  10:20:34,833833;1,122546E-3
17/11/2021  10:20:34,834333;1,123666E-3
17/11/2021  10:20:34,834833;1,121851E-3
17/11/2021  10:20:34,835333;1,122012E-3
17/11/2021  10:20:34,835833;1,122742E-3
17/11/2021  10:20:34,836333;1,122632E-3
17/11/2021  10:20:34,836833;1,123058E-3
17/11/2021  10:20:34,837333;1,122683E-3
17/11/2021  10:20:34,837833;1,122575E-3
17/11/2021  10:20:34,838333;1,122510E-3
17/11/2021  10:20:34,838833;1,122656E-3
17/11/2021  10:20:34,839333;1,122200E-3
17/11/2021  10:20:34,839833;1,121389E-3
17/11/2021  10:20:34,840333;1,122769E-3
17/11/2021  10:20:34,840833;1,123815E-3
17/11/2021  10:20:34,841333;1,122897E-3
17/11/2021  10:20:34,841833;1,122107E-3
17/11/2021  10:20:34,842333;1,121783E-3
17/11/2021  10:20:34,842833;1,122125E-3
17/11/2021  10:20:34,843333;1,122009E-3
17/11/2021  10:20:34,843833;1,123005E-3
17/11/2021  10:20:34,844333;1,122018E-3
17/11/2021  10:20:34,844833;1,122620E-3
17/11/2021  10:20:34,845333;1,121800E-3
17/11/2021  10:20:34,845833;1,121568E-3
17/11/2021  10:20:34,846333;1,121964E-3
17/11/2021  10:20:34,846833;1,121374E-3
17/11/2021  10:20:34,847333;1,122411E-3
17/11/2021  10:20:34,847833;1,121008E-3
17/11/2021  10:20:34,848333;1,121529E-3
17/11/2021  10:20:34,848833;1,122003E-3
17/11/2021  10:20:34,849333;1,122650E-3
17/11/2021  10:20:34,849833;1,122721E-3
17/11/2021  10:20:34,850333;1,122748E-3
17/11/2021  10:20:34,850833;1,121896E-3
17/11/2021  10:20:34,851333;1,122161E-3
17/11/2021  10:20:34,851833;1,122298E-3
17/11/2021  10:20:34,852333;1,122420E-3
17/11/2021  10:20:34,852833;1,122599E-3
17/11/2021  10:20:34,853333;1,122513E-3
17/11/2021  10:20:34,853833;1,122367E-3
17/11/2021  10:20:34,854333;1,122876E-3
17/11/2021  10:20:34,854833;1,122319E-3
17/11/2021  10:20:34,855333;1,121964E-3
17/11/2021  10:20:34,855833;1,122560E-3
17/11/2021  10:20:34,856333;1,123171E-3
17/11/2021  10:20:34,856833;1,122388E-3
17/11/2021  10:20:34,857333;1,122057E-3
17/11/2021  10:20:34,857833;1,122328E-3
17/11/2021  10:20:34,858333;1,122364E-3
17/11/2021  10:20:34,858833;1,121204E-3
17/11/2021  10:20:34,859333;1,122212E-3
17/11/2021  10:20:34,859833;1,123466E-3
17/11/2021  10:20:34,860333;1,122376E-3
17/11/2021  10:20:34,860833;1,122447E-3
17/11/2021  10:20:34,861333;1,122391E-3
17/11/2021  10:20:34,861833;1,122385E-3
17/11/2021  10:20:34,862333;1,123127E-3
17/11/2021  10:20:34,862833;1,121812E-3
17/11/2021  10:20:34,863333;1,122948E-3
17/11/2021  10:20:34,863833;1,122328E-3
17/11/2021  10:20:34,864333;1,122191E-3
17/11/2021  10:20:34,864833;1,121416E-3
17/11/2021  10:20:34,865333;1,122137E-3
17/11/2021  10:20:34,865833;1,122864E-3
17/11/2021  10:20:34,866333;1,122417E-3
17/11/2021  10:20:34,866833;1,121663E-3
17/11/2021  10:20:34,867333;1,121949E-3
17/11/2021  10:20:34,867833;1,123091E-3
17/11/2021  10:20:34,868333;1,121705E-3
17/11/2021  10:20:34,868833;1,122602E-3
17/11/2021  10:20:34,869333;1,122641E-3
17/11/2021  10:20:34,869833;1,122128E-3
17/11/2021  10:20:34,870333;1,122000E-3
17/11/2021  10:20:34,870833;1,122581E-3
17/11/2021  10:20:34,871333;1,122867E-3
17/11/2021  10:20:34,871833;1,122140E-3
17/11/2021  10:20:34,872333;1,122534E-3
17/11/2021  10:20:34,872833;1,122018E-3
17/11/2021  10:20:34,873333;1,121312E-3
17/11/2021  10:20:34,873833;1,122718E-3
17/11/2021  10:20:34,874333;1,123186E-3
17/11/2021  10:20:34,874833;1,122107E-3
17/11/2021  10:20:34,875333;1,122090E-3
17/11/2021  10:20:34,875833;1,122349E-3
17/11/2021  10:20:34,876333;1,122540E-3
17/11/2021  10:20:34,876833;1,122400E-3
17/11/2021  10:20:34,877333;1,122239E-3
17/11/2021  10:20:34,877833;1,121863E-3
17/11/2021  10:20:34,878333;1,122990E-3
17/11/2021  10:20:34,878833;1,122543E-3
17/11/2021  10:20:34,879333;1,122385E-3
17/11/2021  10:20:34,879833;1,122999E-3
17/11/2021  10:20:34,880333;1,122611E-3
17/11/2021  10:20:34,880833;1,122364E-3
17/11/2021  10:20:34,881333;1,122587E-3
17/11/2021  10:20:34,881833;1,122122E-3
17/11/2021  10:20:34,882333;1,122131E-3
17/11/2021  10:20:34,882833;1,122408E-3
17/11/2021  10:20:34,883333;1,123559E-3
17/11/2021  10:20:34,883833;1,122948E-3
17/11/2021  10:20:34,884333;1,122546E-3
17/11/2021  10:20:34,884833;1,122215E-3
17/11/2021  10:20:34,885333;1,121893E-3
17/11/2021  10:20:34,885833;1,122289E-3
17/11/2021  10:20:34,886333;1,122566E-3
17/11/2021  10:20:34,886833;1,122492E-3
17/11/2021  10:20:34,887333;1,121571E-3
17/11/2021  10:20:34,887833;1,122471E-3
17/11/2021  10:20:34,888333;1,121690E-3
17/11/2021  10:20:34,888833;1,122608E-3
17/11/2021  10:20:34,889333;1,122218E-3
17/11/2021  10:20:34,889833;1,122543E-3
17/11/2021  10:20:34,890333;1,122566E-3
17/11/2021  10:20:34,890833;1,122453E-3
17/11/2021  10:20:34,891333;1,122808E-3
17/11/2021  10:20:34,891833;1,122110E-3
17/11/2021  10:20:34,892333;1,122468E-3
17/11/2021  10:20:34,892833;1,121458E-3
17/11/2021  10:20:34,893333;1,123016E-3
17/11/2021  10:20:34,893833;1,122313E-3
17/11/2021  10:20:34,894333;1,122173E-3
17/11/2021  10:20:34,894833;1,123368E-3
17/11/2021  10:20:34,895333;1,122584E-3
17/11/2021  10:20:34,895833;1,122060E-3
17/11/2021  10:20:34,896333;1,122215E-3
17/11/2021  10:20:34,896833;1,122408E-3
17/11/2021  10:20:34,897333;1,122492E-3
17/11/2021  10:20:34,897833;1,121935E-3
17/11/2021  10:20:34,898333;1,121681E-3
17/11/2021  10:20:34,898833;1,122701E-3
17/11/2021  10:20:34,899333;1,122131E-3
17/11/2021  10:20:34,899833;1,122152E-3
17/11/2021  10:20:34,900333;1,122903E-3
17/11/2021  10:20:34,900833;1,122677E-3
17/11/2021  10:20:34,901333;1,122394E-3
17/11/2021  10:20:34,901833;1,122206E-3
17/11/2021  10:20:34,902333;1,123130E-3
17/11/2021  10:20:34,902833;1,121851E-3
17/11/2021  10:20:34,903333;1,122343E-3
17/11/2021  10:20:34,903833;1,123320E-3
17/11/2021  10:20:34,904333;1,121401E-3
17/11/2021  10:20:34,904833;1,122826E-3
17/11/2021  10:20:34,905333;1,121982E-3
17/11/2021  10:20:34,905833;1,122155E-3
17/11/2021  10:20:34,906333;1,122188E-3
17/11/2021  10:20:34,906833;1,122093E-3
17/11/2021  10:20:34,907333;1,121321E-3
17/11/2021  10:20:34,907833;1,121631E-3
17/11/2021  10:20:34,908333;1,122003E-3
17/11/2021  10:20:34,908833;1,121911E-3
17/11/2021  10:20:34,909333;1,122292E-3
17/11/2021  10:20:34,909833;1,122021E-3
17/11/2021  10:20:34,910333;1,121809E-3
17/11/2021  10:20:34,910833;1,121836E-3
17/11/2021  10:20:34,911333;1,122957E-3
17/11/2021  10:20:34,911833;1,121955E-3
17/11/2021  10:20:34,912333;1,122480E-3
17/11/2021  10:20:34,912833;1,121815E-3
17/11/2021  10:20:34,913333;1,122146E-3
17/11/2021  10:20:34,913833;1,122745E-3
17/11/2021  10:20:34,914333;1,122626E-3
17/11/2021  10:20:34,914833;1,122048E-3
17/11/2021  10:20:34,915333;1,122450E-3
17/11/2021  10:20:34,915833;1,122310E-3
17/11/2021  10:20:34,916333;1,123258E-3
17/11/2021  10:20:34,916833;1,122093E-3
17/11/2021  10:20:34,917333;1,121532E-3
17/11/2021  10:20:34,917833;1,122283E-3
17/11/2021  10:20:34,918333;1,121783E-3
17/11/2021  10:20:34,918833;1,121938E-3
17/11/2021  10:20:34,919333;1,121446E-3
17/11/2021  10:20:34,919833;1,122736E-3
17/11/2021  10:20:34,920333;1,123070E-3
17/11/2021  10:20:34,920833;1,122417E-3
17/11/2021  10:20:34,921333;1,122602E-3
17/11/2021  10:20:34,921833;1,121976E-3
17/11/2021  10:20:34,922333;1,123630E-3
17/11/2021  10:20:34,922833;1,122477E-3
17/11/2021  10:20:34,923333;1,122262E-3
17/11/2021  10:20:34,923833;1,122668E-3
17/11/2021  10:20:34,924333;1,121505E-3
17/11/2021  10:20:34,924833;1,122343E-3
17/11/2021  10:20:34,925333;1,123186E-3
17/11/2021  10:20:34,925833;1,121991E-3
17/11/2021  10:20:34,926333;1,122483E-3
17/11/2021  10:20:34,926833;1,122870E-3
17/11/2021  10:20:34,927333;1,123177E-3
17/11/2021  10:20:34,927833;1,122897E-3
17/11/2021  10:20:34,928333;1,122632E-3
17/11/2021  10:20:34,928833;1,121890E-3
17/11/2021  10:20:34,929333;1,121622E-3
17/11/2021  10:20:34,929833;1,122778E-3
17/11/2021  10:20:34,930333;1,122274E-3
17/11/2021  10:20:34,930833;1,121994E-3
17/11/2021  10:20:34,931333;1,122233E-3
17/11/2021  10:20:34,931833;1,122173E-3
17/11/2021  10:20:34,932333;1,122096E-3
17/11/2021  10:20:34,932833;1,122075E-3
17/11/2021  10:20:34,933333;1,122781E-3
17/11/2021  10:20:34,933833;1,121759E-3
17/11/2021  10:20:34,934333;1,122370E-3
17/11/2021  10:20:34,934833;1,122122E-3
17/11/2021  10:20:34,935333;1,121973E-3
17/11/2021  10:20:34,935833;1,122280E-3
17/11/2021  10:20:34,936333;1,122358E-3
17/11/2021  10:20:34,936833;1,122450E-3
17/11/2021  10:20:34,937333;1,121654E-3
17/11/2021  10:20:34,937833;1,122450E-3
17/11/2021  10:20:34,938333;1,121994E-3
17/11/2021  10:20:34,938833;1,121884E-3
17/11/2021  10:20:34,939333;1,121851E-3
17/11/2021  10:20:34,939833;1,122200E-3
17/11/2021  10:20:34,940333;1,122903E-3
17/11/2021  10:20:34,940833;1,122686E-3
17/11/2021  10:20:34,941333;1,122426E-3
17/11/2021  10:20:34,941833;1,121672E-3
17/11/2021  10:20:34,942333;1,122498E-3
17/11/2021  10:20:34,942833;1,122078E-3
17/11/2021  10:20:34,943333;1,121678E-3
17/11/2021  10:20:34,943833;1,122972E-3
17/11/2021  10:20:34,944333;1,122811E-3
17/11/2021  10:20:34,944833;1,123121E-3
17/11/2021  10:20:34,945333;1,121571E-3
17/11/2021  10:20:34,945833;1,123097E-3
17/11/2021  10:20:34,946333;1,123523E-3
17/11/2021  10:20:34,946833;1,122206E-3
17/11/2021  10:20:34,947333;1,122990E-3
17/11/2021  10:20:34,947833;1,122423E-3
17/11/2021  10:20:34,948333;1,122447E-3
17/11/2021  10:20:34,948833;1,121759E-3
17/11/2021  10:20:34,949333;1,123055E-3
17/11/2021  10:20:34,949833;1,121443E-3
17/11/2021  10:20:34,950333;1,122608E-3
17/11/2021  10:20:34,950833;1,122352E-3
17/11/2021  10:20:34,951333;1,121744E-3
17/11/2021  10:20:34,951833;1,122596E-3
17/11/2021  10:20:34,952333;1,121982E-3
17/11/2021  10:20:34,952833;1,122179E-3
17/11/2021  10:20:34,953333;1,122024E-3
17/11/2021  10:20:34,953833;1,121988E-3
17/11/2021  10:20:34,954333;1,122861E-3
17/11/2021  10:20:34,954833;1,122775E-3
17/11/2021  10:20:34,955333;1,122301E-3
17/11/2021  10:20:34,955833;1,122939E-3
17/11/2021  10:20:34,956333;1,121780E-3
17/11/2021  10:20:34,956833;1,122861E-3
17/11/2021  10:20:34,957333;1,122596E-3
17/11/2021  10:20:34,957833;1,121482E-3
17/11/2021  10:20:34,958333;1,122912E-3
17/11/2021  10:20:34,958833;1,122370E-3
17/11/2021  10:20:34,959333;1,122349E-3
17/11/2021  10:20:34,959833;1,123043E-3
17/11/2021  10:20:34,960333;1,122465E-3
17/11/2021  10:20:34,960833;1,122242E-3
17/11/2021  10:20:34,961333;1,122930E-3
17/11/2021  10:20:34,961833;1,121997E-3
17/11/2021  10:20:34,962333;1,123398E-3
17/11/2021  10:20:34,962833;1,123592E-3
17/11/2021  10:20:34,963333;1,121780E-3
17/11/2021  10:20:34,963833;1,122078E-3
17/11/2021  10:20:34,964333;1,121893E-3
17/11/2021  10:20:34,964833;1,122256E-3
17/11/2021  10:20:34,965333;1,121938E-3
17/11/2021  10:20:34,965833;1,122009E-3
17/11/2021  10:20:34,966333;1,121663E-3
17/11/2021  10:20:34,966833;1,122075E-3
17/11/2021  10:20:34,967333;1,121768E-3
17/11/2021  10:20:34,967833;1,122751E-3
17/11/2021  10:20:34,968333;1,121324E-3
17/11/2021  10:20:34,968833;1,121693E-3
17/11/2021  10:20:34,969333;1,122012E-3
17/11/2021  10:20:34,969833;1,121616E-3
17/11/2021  10:20:34,970333;1,122459E-3
17/11/2021  10:20:34,970833;1,122760E-3
17/11/2021  10:20:34,971333;1,121848E-3
17/11/2021  10:20:34,971833;1,122206E-3
17/11/2021  10:20:34,972333;1,122110E-3
17/11/2021  10:20:34,972833;1,122227E-3
17/11/2021  10:20:34,973333;1,122969E-3
17/11/2021  10:20:34,973833;1,121318E-3
17/11/2021  10:20:34,974333;1,122295E-3
17/11/2021  10:20:34,974833;1,122400E-3
17/11/2021  10:20:34,975333;1,121800E-3
17/11/2021  10:20:34,975833;1,122292E-3
17/11/2021  10:20:34,976333;1,122057E-3
17/11/2021  10:20:34,976833;1,121634E-3
17/11/2021  10:20:34,977333;1,122626E-3
17/11/2021  10:20:34,977833;1,123010E-3
17/11/2021  10:20:34,978333;1,121452E-3
17/11/2021  10:20:34,978833;1,121988E-3
17/11/2021  10:20:34,979333;1,122113E-3
17/11/2021  10:20:34,979833;1,122277E-3
17/11/2021  10:20:34,980333;1,121371E-3
17/11/2021  10:20:34,980833;1,122513E-3
17/11/2021  10:20:34,981333;1,122483E-3
17/11/2021  10:20:34,981833;1,122751E-3
17/11/2021  10:20:34,982333;1,122045E-3
17/11/2021  10:20:34,982833;1,121166E-3
17/11/2021  10:20:34,983333;1,122698E-3
17/11/2021  10:20:34,983833;1,122134E-3
17/11/2021  10:20:34,984333;1,122665E-3
17/11/2021  10:20:34,984833;1,122149E-3
17/11/2021  10:20:34,985333;1,122906E-3
17/11/2021  10:20:34,985833;1,121994E-3
17/11/2021  10:20:34,986333;1,122438E-3
17/11/2021  10:20:34,986833;1,122662E-3
17/11/2021  10:20:34,987333;1,121660E-3
17/11/2021  10:20:34,987833;1,122727E-3
17/11/2021  10:20:34,988333;1,122185E-3
17/11/2021  10:20:34,988833;1,122793E-3
17/11/2021  10:20:34,989333;1,122590E-3
17/11/2021  10:20:34,989833;1,121419E-3
17/11/2021  10:20:34,990333;1,122706E-3
17/11/2021  10:20:34,990833;1,122197E-3
17/11/2021  10:20:34,991333;1,122838E-3
17/11/2021  10:20:34,991833;1,123019E-3
17/11/2021  10:20:34,992333;1,122113E-3
17/11/2021  10:20:34,992833;1,122712E-3
17/11/2021  10:20:34,993333;1,122996E-3
17/11/2021  10:20:34,993833;1,122456E-3
17/11/2021  10:20:34,994333;1,122134E-3
17/11/2021  10:20:34,994833;1,122078E-3
17/11/2021  10:20:34,995333;1,121920E-3
17/11/2021  10:20:34,995833;1,122483E-3
17/11/2021  10:20:34,996333;1,122069E-3
17/11/2021  10:20:34,996833;1,123195E-3
17/11/2021  10:20:34,997333;1,121643E-3
17/11/2021  10:20:34,997833;1,122328E-3
17/11/2021  10:20:34,998333;1,122638E-3
17/11/2021  10:20:34,998833;1,121583E-3
17/11/2021  10:20:34,999333;1,123177E-3
17/11/2021  10:20:34,999833;1,123398E-3
17/11/2021  10:20:35,000333;1,123770E-3
17/11/2021  10:20:35,000833;1,122560E-3
17/11/2021  10:20:35,001333;1,122659E-3
17/11/2021  10:20:35,001833;1,121884E-3
17/11/2021  10:20:35,002333;1,122021E-3
17/11/2021  10:20:35,002833;1,122981E-3
17/11/2021  10:20:35,003333;1,122489E-3
17/11/2021  10:20:35,003833;1,122182E-3
17/11/2021  10:20:35,004333;1,122996E-3
17/11/2021  10:20:35,004833;1,122757E-3
17/11/2021  10:20:35,005333;1,123279E-3
17/11/2021  10:20:35,005833;1,123225E-3
17/11/2021  10:20:35,006333;1,122674E-3
17/11/2021  10:20:35,006833;1,121797E-3
17/11/2021  10:20:35,007333;1,122313E-3
17/11/2021  10:20:35,007833;1,122817E-3
17/11/2021  10:20:35,008333;1,122736E-3
17/11/2021  10:20:35,008833;1,122686E-3
17/11/2021  10:20:35,009333;1,122116E-3
17/11/2021  10:20:35,009833;1,121625E-3
17/11/2021  10:20:35,010333;1,122242E-3
17/11/2021  10:20:35,010833;1,123776E-3
17/11/2021  10:20:35,011333;1,122626E-3
17/11/2021  10:20:35,011833;1,121792E-3
17/11/2021  10:20:35,012333;1,122611E-3
17/11/2021  10:20:35,012833;1,121735E-3
17/11/2021  10:20:35,013333;1,121493E-3
17/11/2021  10:20:35,013833;1,122528E-3
17/11/2021  10:20:35,014333;1,122867E-3
17/11/2021  10:20:35,014833;1,122069E-3
17/11/2021  10:20:35,015333;1,122292E-3
17/11/2021  10:20:35,015833;1,123183E-3
17/11/2021  10:20:35,016333;1,122230E-3
17/11/2021  10:20:35,016833;1,121949E-3
17/11/2021  10:20:35,017333;1,122012E-3
17/11/2021  10:20:35,017833;1,122498E-3
17/11/2021  10:20:35,018333;1,121875E-3
17/11/2021  10:20:35,018833;1,122349E-3
17/11/2021  10:20:35,019333;1,122510E-3
17/11/2021  10:20:35,019833;1,122462E-3
17/11/2021  10:20:35,020333;1,122778E-3
17/11/2021  10:20:35,020833;1,122596E-3
17/11/2021  10:20:35,021333;1,122504E-3
17/11/2021  10:20:35,021833;1,121690E-3
17/11/2021  10:20:35,022333;1,122993E-3
17/11/2021  10:20:35,022833;1,121821E-3
17/11/2021  10:20:35,023333;1,122805E-3
17/11/2021  10:20:35,023833;1,122766E-3
17/11/2021  10:20:35,024333;1,121407E-3
17/11/2021  10:20:35,024833;1,123389E-3
17/11/2021  10:20:35,025333;1,122173E-3
17/11/2021  10:20:35,025833;1,122516E-3
17/11/2021  10:20:35,026333;1,122054E-3
17/11/2021  10:20:35,026833;1,122325E-3
17/11/2021  10:20:35,027333;1,122504E-3
17/11/2021  10:20:35,027833;1,122468E-3
17/11/2021  10:20:35,028333;1,122596E-3
17/11/2021  10:20:35,028833;1,121574E-3
17/11/2021  10:20:35,029333;1,122900E-3
17/11/2021  10:20:35,029833;1,122817E-3
17/11/2021  10:20:35,030333;1,122522E-3
17/11/2021  10:20:35,030833;1,122855E-3
17/11/2021  10:20:35,031333;1,122379E-3
17/11/2021  10:20:35,031833;1,122510E-3
17/11/2021  10:20:35,032333;1,121836E-3
17/11/2021  10:20:35,032833;1,122346E-3
17/11/2021  10:20:35,033333;1,121553E-3
17/11/2021  10:20:35,033833;1,122405E-3
17/11/2021  10:20:35,034333;1,123085E-3
17/11/2021  10:20:35,034833;1,122340E-3
17/11/2021  10:20:35,035333;1,122227E-3
17/11/2021  10:20:35,035833;1,122197E-3
17/11/2021  10:20:35,036333;1,122319E-3
17/11/2021  10:20:35,036833;1,123136E-3
17/11/2021  10:20:35,037333;1,122572E-3
17/11/2021  10:20:35,037833;1,122546E-3
17/11/2021  10:20:35,038333;1,122239E-3
17/11/2021  10:20:35,038833;1,122498E-3
17/11/2021  10:20:35,039333;1,121613E-3
17/11/2021  10:20:35,039833;1,121929E-3
17/11/2021  10:20:35,040333;1,123195E-3
17/11/2021  10:20:35,040833;1,122090E-3
17/11/2021  10:20:35,041333;1,123568E-3
17/11/2021  10:20:35,041833;1,122459E-3
17/11/2021  10:20:35,042333;1,121952E-3
17/11/2021  10:20:35,042833;1,121625E-3
17/11/2021  10:20:35,043333;1,123049E-3
17/11/2021  10:20:35,043833;1,121219E-3
17/11/2021  10:20:35,044333;1,122370E-3
17/11/2021  10:20:35,044833;1,122826E-3
17/11/2021  10:20:35,045333;1,122456E-3
17/11/2021  10:20:35,045833;1,122402E-3
17/11/2021  10:20:35,046333;1,122751E-3
17/11/2021  10:20:35,046833;1,122954E-3
17/11/2021  10:20:35,047333;1,122549E-3
17/11/2021  10:20:35,047833;1,122173E-3
17/11/2021  10:20:35,048333;1,122259E-3
17/11/2021  10:20:35,048833;1,123300E-3
17/11/2021  10:20:35,049333;1,122346E-3
17/11/2021  10:20:35,049833;1,123541E-3
17/11/2021  10:20:35,050333;1,122808E-3
17/11/2021  10:20:35,050833;1,123207E-3
17/11/2021  10:20:35,051333;1,122036E-3
17/11/2021  10:20:35,051833;1,121252E-3
17/11/2021  10:20:35,052333;1,122897E-3
17/11/2021  10:20:35,052833;1,122721E-3
17/11/2021  10:20:35,053333;1,120388E-3
17/11/2021  10:20:35,053833;1,123043E-3
17/11/2021  10:20:35,054333;1,123502E-3
17/11/2021  10:20:35,054833;1,122903E-3
17/11/2021  10:20:35,055333;1,123487E-3
17/11/2021  10:20:35,055833;1,121750E-3
17/11/2021  10:20:35,056333;1,122009E-3
17/11/2021  10:20:35,056833;1,122441E-3
17/11/2021  10:20:35,057333;1,122569E-3
17/11/2021  10:20:35,057833;1,122200E-3
17/11/2021  10:20:35,058333;1,121383E-3
17/11/2021  10:20:35,058833;1,122736E-3
17/11/2021  10:20:35,059333;1,122250E-3
17/11/2021  10:20:35,059833;1,122569E-3
17/11/2021  10:20:35,060333;1,122665E-3
17/11/2021  10:20:35,060833;1,122277E-3
17/11/2021  10:20:35,061333;1,121085E-3
17/11/2021  10:20:35,061833;1,122799E-3
17/11/2021  10:20:35,062333;1,122197E-3
17/11/2021  10:20:35,062833;1,122018E-3
17/11/2021  10:20:35,063333;1,122814E-3
17/11/2021  10:20:35,063833;1,122253E-3
17/11/2021  10:20:35,064333;1,122718E-3
17/11/2021  10:20:35,064833;1,121979E-3
17/11/2021  10:20:35,065333;1,122000E-3
17/11/2021  10:20:35,065833;1,122090E-3
17/11/2021  10:20:35,066333;1,122444E-3
17/11/2021  10:20:35,066833;1,122093E-3
17/11/2021  10:20:35,067333;1,122242E-3
17/11/2021  10:20:35,067833;1,122298E-3
17/11/2021  10:20:35,068333;1,122552E-3
17/11/2021  10:20:35,068833;1,122757E-3
17/11/2021  10:20:35,069333;1,122426E-3
17/11/2021  10:20:35,069833;1,123049E-3
17/11/2021  10:20:35,070333;1,122134E-3
17/11/2021  10:20:35,070833;1,122039E-3
17/11/2021  10:20:35,071333;1,122671E-3
17/11/2021  10:20:35,071833;1,122441E-3
17/11/2021  10:20:35,072333;1,121672E-3
17/11/2021  10:20:35,072833;1,122447E-3
17/11/2021  10:20:35,073333;1,123377E-3
17/11/2021  10:20:35,073833;1,122668E-3
17/11/2021  10:20:35,074333;1,121783E-3
17/11/2021  10:20:35,074833;1,121967E-3
17/11/2021  10:20:35,075333;1,122361E-3
17/11/2021  10:20:35,075833;1,122835E-3
17/11/2021  10:20:35,076333;1,121720E-3
17/11/2021  10:20:35,076833;1,122256E-3
17/11/2021  10:20:35,077333;1,121756E-3
17/11/2021  10:20:35,077833;1,122745E-3
17/11/2021  10:20:35,078333;1,122566E-3
17/11/2021  10:20:35,078833;1,122194E-3
17/11/2021  10:20:35,079333;1,122599E-3
17/11/2021  10:20:35,079833;1,122224E-3
17/11/2021  10:20:35,080333;1,122504E-3
17/11/2021  10:20:35,080833;1,123040E-3
17/11/2021  10:20:35,081333;1,122388E-3
17/11/2021  10:20:35,081833;1,122358E-3
17/11/2021  10:20:35,082333;1,121678E-3
17/11/2021  10:20:35,082833;1,122060E-3
17/11/2021  10:20:35,083333;1,122838E-3
17/11/2021  10:20:35,083833;1,121890E-3
17/11/2021  10:20:35,084333;1,122733E-3
17/11/2021  10:20:35,084833;1,122250E-3
17/11/2021  10:20:35,085333;1,122698E-3
17/11/2021  10:20:35,085833;1,122730E-3
17/11/2021  10:20:35,086333;1,122042E-3
17/11/2021  10:20:35,086833;1,122322E-3
17/11/2021  10:20:35,087333;1,122876E-3
17/11/2021  10:20:35,087833;1,121952E-3
17/11/2021  10:20:35,088333;1,121452E-3
17/11/2021  10:20:35,088833;1,121637E-3
17/11/2021  10:20:35,089333;1,122742E-3
17/11/2021  10:20:35,089833;1,122540E-3
17/11/2021  10:20:35,090333;1,122516E-3
17/11/2021  10:20:35,090833;1,122546E-3
17/11/2021  10:20:35,091333;1,122474E-3
17/11/2021  10:20:35,091833;1,123171E-3
17/11/2021  10:20:35,092333;1,121765E-3
17/11/2021  10:20:35,092833;1,122188E-3
17/11/2021  10:20:35,093333;1,121800E-3
17/11/2021  10:20:35,093833;1,122572E-3
17/11/2021  10:20:35,094333;1,121878E-3
17/11/2021  10:20:35,094833;1,122113E-3
17/11/2021  10:20:35,095333;1,122373E-3
17/11/2021  10:20:35,095833;1,122361E-3
17/11/2021  10:20:35,096333;1,121163E-3
17/11/2021  10:20:35,096833;1,123002E-3
17/11/2021  10:20:35,097333;1,121800E-3
17/11/2021  10:20:35,097833;1,122185E-3
17/11/2021  10:20:35,098333;1,123544E-3
17/11/2021  10:20:35,098833;1,122253E-3
17/11/2021  10:20:35,099333;1,122021E-3
17/11/2021  10:20:35,099833;1,122394E-3
17/11/2021  10:20:35,100333;1,122507E-3
17/11/2021  10:20:35,100833;1,123016E-3
17/11/2021  10:20:35,101333;1,122504E-3
17/11/2021  10:20:35,101833;1,122239E-3
17/11/2021  10:20:35,102333;1,122340E-3
17/11/2021  10:20:35,102833;1,122784E-3
17/11/2021  10:20:35,103333;1,122647E-3
17/11/2021  10:20:35,103833;1,122814E-3
17/11/2021  10:20:35,104333;1,122349E-3
17/11/2021  10:20:35,104833;1,122957E-3
17/11/2021  10:20:35,105333;1,121556E-3
17/11/2021  10:20:35,105833;1,121628E-3
17/11/2021  10:20:35,106333;1,123449E-3
17/11/2021  10:20:35,106833;1,122754E-3
17/11/2021  10:20:35,107333;1,121803E-3
17/11/2021  10:20:35,107833;1,122423E-3
17/11/2021  10:20:35,108333;1,122951E-3
17/11/2021  10:20:35,108833;1,122149E-3
17/11/2021  10:20:35,109333;1,122939E-3
17/11/2021  10:20:35,109833;1,122295E-3
17/11/2021  10:20:35,110333;1,122510E-3
17/11/2021  10:20:35,110833;1,122498E-3
17/11/2021  10:20:35,111333;1,122182E-3
17/11/2021  10:20:35,111833;1,121976E-3
17/11/2021  10:20:35,112333;1,122447E-3
17/11/2021  10:20:35,112833;1,122474E-3
17/11/2021  10:20:35,113333;1,122486E-3
17/11/2021  10:20:35,113833;1,122096E-3
17/11/2021  10:20:35,114333;1,122420E-3
17/11/2021  10:20:35,114833;1,122718E-3
17/11/2021  10:20:35,115333;1,122462E-3
17/11/2021  10:20:35,115833;1,122471E-3
17/11/2021  10:20:35,116333;1,121812E-3
17/11/2021  10:20:35,116833;1,122197E-3
17/11/2021  10:20:35,117333;1,122620E-3
17/11/2021  10:20:35,117833;1,122152E-3
17/11/2021  10:20:35,118333;1,122027E-3
17/11/2021  10:20:35,118833;1,122006E-3
17/11/2021  10:20:35,119333;1,123133E-3
17/11/2021  10:20:35,119833;1,122847E-3
17/11/2021  10:20:35,120333;1,122328E-3
17/11/2021  10:20:35,120833;1,122686E-3
17/11/2021  10:20:35,121333;1,122340E-3
17/11/2021  10:20:35,121833;1,122033E-3
17/11/2021  10:20:35,122333;1,122757E-3
17/11/2021  10:20:35,122833;1,121979E-3
17/11/2021  10:20:35,123333;1,122462E-3
17/11/2021  10:20:35,123833;1,121812E-3
17/11/2021  10:20:35,124333;1,122203E-3
17/11/2021  10:20:35,124833;1,121535E-3
17/11/2021  10:20:35,125333;1,122009E-3
17/11/2021  10:20:35,125833;1,122867E-3
17/11/2021  10:20:35,126333;1,122042E-3
17/11/2021  10:20:35,126833;1,122584E-3
17/11/2021  10:20:35,127333;1,122945E-3
17/11/2021  10:20:35,127833;1,123529E-3
17/11/2021  10:20:35,128333;1,122870E-3
17/11/2021  10:20:35,128833;1,122197E-3
17/11/2021  10:20:35,129333;1,123973E-3
17/11/2021  10:20:35,129833;1,122560E-3
17/11/2021  10:20:35,130333;1,122438E-3
17/11/2021  10:20:35,130833;1,123204E-3
17/11/2021  10:20:35,131333;1,122560E-3
17/11/2021  10:20:35,131833;1,123130E-3
17/11/2021  10:20:35,132333;1,122447E-3
17/11/2021  10:20:35,132833;1,122164E-3
17/11/2021  10:20:35,133333;1,122766E-3
17/11/2021  10:20:35,133833;1,122188E-3
17/11/2021  10:20:35,134333;1,122352E-3
17/11/2021  10:20:35,134833;1,122778E-3
17/11/2021  10:20:35,135333;1,122346E-3
17/11/2021  10:20:35,135833;1,122674E-3
17/11/2021  10:20:35,136333;1,122394E-3
17/11/2021  10:20:35,136833;1,122513E-3
17/11/2021  10:20:35,137333;1,122507E-3
17/11/2021  10:20:35,137833;1,121935E-3
17/11/2021  10:20:35,138333;1,122584E-3
17/11/2021  10:20:35,138833;1,122858E-3
17/11/2021  10:20:35,139333;1,122939E-3
17/11/2021  10:20:35,139833;1,122063E-3
17/11/2021  10:20:35,140333;1,122340E-3
17/11/2021  10:20:35,140833;1,122510E-3
17/11/2021  10:20:35,141333;1,121851E-3
17/11/2021  10:20:35,141833;1,122191E-3
17/11/2021  10:20:35,142333;1,122546E-3
17/11/2021  10:20:35,142833;1,122140E-3
17/11/2021  10:20:35,143333;1,123222E-3
17/11/2021  10:20:35,143833;1,121881E-3
17/11/2021  10:20:35,144333;1,122695E-3
17/11/2021  10:20:35,144833;1,122400E-3
17/11/2021  10:20:35,145333;1,121088E-3
17/11/2021  10:20:35,145833;1,122209E-3
17/11/2021  10:20:35,146333;1,123010E-3
17/11/2021  10:20:35,146833;1,122695E-3
17/11/2021  10:20:35,147333;1,121404E-3
17/11/2021  10:20:35,147833;1,121976E-3
17/11/2021  10:20:35,148333;1,122036E-3
17/11/2021  10:20:35,148833;1,121982E-3
17/11/2021  10:20:35,149333;1,121976E-3
17/11/2021  10:20:35,149833;1,121860E-3
17/11/2021  10:20:35,150333;1,122337E-3
17/11/2021  10:20:35,150833;1,122140E-3
17/11/2021  10:20:35,151333;1,121863E-3
17/11/2021  10:20:35,151833;1,122179E-3
17/11/2021  10:20:35,152333;1,121225E-3
17/11/2021  10:20:35,152833;1,121884E-3
17/11/2021  10:20:35,153333;1,121395E-3
17/11/2021  10:20:35,153833;1,121958E-3
17/11/2021  10:20:35,154333;1,122289E-3
17/11/2021  10:20:35,154833;1,121535E-3
17/11/2021  10:20:35,155333;1,122310E-3
17/11/2021  10:20:35,155833;1,122057E-3
17/11/2021  10:20:35,156333;1,121702E-3
17/11/2021  10:20:35,156833;1,122492E-3
17/11/2021  10:20:35,157333;1,121383E-3
17/11/2021  10:20:35,157833;1,122304E-3
17/11/2021  10:20:35,158333;1,122489E-3
17/11/2021  10:20:35,158833;1,122456E-3
17/11/2021  10:20:35,159333;1,122534E-3
17/11/2021  10:20:35,159833;1,121330E-3
17/11/2021  10:20:35,160333;1,121881E-3
17/11/2021  10:20:35,160833;1,122632E-3
17/11/2021  10:20:35,161333;1,121952E-3
17/11/2021  10:20:35,161833;1,122292E-3
17/11/2021  10:20:35,162333;1,121887E-3
17/11/2021  10:20:35,162833;1,122921E-3
17/11/2021  10:20:35,163333;1,122262E-3
17/11/2021  10:20:35,163833;1,121565E-3
17/11/2021  10:20:35,164333;1,122572E-3
17/11/2021  10:20:35,164833;1,122224E-3
17/11/2021  10:20:35,165333;1,122838E-3
17/11/2021  10:20:35,165833;1,121893E-3
17/11/2021  10:20:35,166333;1,122182E-3
17/11/2021  10:20:35,166833;1,122444E-3
17/11/2021  10:20:35,167333;1,122870E-3
17/11/2021  10:20:35,167833;1,121979E-3
17/11/2021  10:20:35,168333;1,122310E-3
17/11/2021  10:20:35,168833;1,123005E-3
17/11/2021  10:20:35,169333;1,122984E-3
17/11/2021  10:20:35,169833;1,122671E-3
17/11/2021  10:20:35,170333;1,122557E-3
17/11/2021  10:20:35,170833;1,122405E-3
17/11/2021  10:20:35,171333;1,122051E-3
17/11/2021  10:20:35,171833;1,120650E-3
17/11/2021  10:20:35,172333;1,121654E-3
17/11/2021  10:20:35,172833;1,122337E-3
17/11/2021  10:20:35,173333;1,121914E-3
17/11/2021  10:20:35,173833;1,121991E-3
17/11/2021  10:20:35,174333;1,122623E-3
17/11/2021  10:20:35,174833;1,122537E-3
17/11/2021  10:20:35,175333;1,122173E-3
17/11/2021  10:20:35,175833;1,122024E-3
17/11/2021  10:20:35,176333;1,122778E-3
17/11/2021  10:20:35,176833;1,123338E-3
17/11/2021  10:20:35,177333;1,122027E-3
17/11/2021  10:20:35,177833;1,121848E-3
17/11/2021  10:20:35,178333;1,121696E-3
17/11/2021  10:20:35,178833;1,123189E-3
17/11/2021  10:20:35,179333;1,122671E-3
17/11/2021  10:20:35,179833;1,122176E-3
17/11/2021  10:20:35,180333;1,121470E-3
17/11/2021  10:20:35,180833;1,122230E-3
17/11/2021  10:20:35,181333;1,122310E-3
17/11/2021  10:20:35,181833;1,122462E-3
17/11/2021  10:20:35,182333;1,122420E-3
17/11/2021  10:20:35,182833;1,122814E-3
17/11/2021  10:20:35,183333;1,122596E-3
17/11/2021  10:20:35,183833;1,122063E-3
17/11/2021  10:20:35,184333;1,121911E-3
17/11/2021  10:20:35,184833;1,122912E-3
17/11/2021  10:20:35,185333;1,121949E-3
17/11/2021  10:20:35,185833;1,121753E-3
17/11/2021  10:20:35,186333;1,121890E-3
17/11/2021  10:20:35,186833;1,122841E-3
17/11/2021  10:20:35,187333;1,122665E-3
17/11/2021  10:20:35,187833;1,121347E-3
17/11/2021  10:20:35,188333;1,122355E-3
17/11/2021  10:20:35,188833;1,122662E-3
17/11/2021  10:20:35,189333;1,122483E-3
17/11/2021  10:20:35,189833;1,122879E-3
17/11/2021  10:20:35,190333;1,121222E-3
17/11/2021  10:20:35,190833;1,122242E-3
17/11/2021  10:20:35,191333;1,121100E-3
17/11/2021  10:20:35,191833;1,122554E-3
17/11/2021  10:20:35,192333;1,122635E-3
17/11/2021  10:20:35,192833;1,122471E-3
17/11/2021  10:20:35,193333;1,122104E-3
17/11/2021  10:20:35,193833;1,122161E-3
17/11/2021  10:20:35,194333;1,122036E-3
17/11/2021  10:20:35,194833;1,122334E-3
17/11/2021  10:20:35,195333;1,122262E-3
17/11/2021  10:20:35,195833;1,122096E-3
17/11/2021  10:20:35,196333;1,121520E-3
17/11/2021  10:20:35,196833;1,121860E-3
17/11/2021  10:20:35,197333;1,122554E-3
17/11/2021  10:20:35,197833;1,122996E-3
17/11/2021  10:20:35,198333;1,122239E-3
17/11/2021  10:20:35,198833;1,122659E-3
17/11/2021  10:20:35,199333;1,122346E-3
17/11/2021  10:20:35,199833;1,122703E-3
17/11/2021  10:20:35,200333;1,121797E-3
17/11/2021  10:20:35,200833;1,121795E-3
17/11/2021  10:20:35,201333;1,122009E-3
17/11/2021  10:20:35,201833;1,122677E-3
17/11/2021  10:20:35,202333;1,122638E-3
17/11/2021  10:20:35,202833;1,122131E-3
17/11/2021  10:20:35,203333;1,121809E-3
17/11/2021  10:20:35,203833;1,122751E-3
17/11/2021  10:20:35,204333;1,121753E-3
17/11/2021  10:20:35,204833;1,122236E-3
17/11/2021  10:20:35,205333;1,122289E-3
17/11/2021  10:20:35,205833;1,122617E-3
17/11/2021  10:20:35,206333;1,122292E-3
17/11/2021  10:20:35,206833;1,122176E-3
17/11/2021  10:20:35,207333;1,122262E-3
17/11/2021  10:20:35,207833;1,121619E-3
17/11/2021  10:20:35,208333;1,122340E-3
17/11/2021  10:20:35,208833;1,122012E-3
17/11/2021  10:20:35,209333;1,122209E-3
17/11/2021  10:20:35,209833;1,123052E-3
17/11/2021  10:20:35,210333;1,121175E-3
17/11/2021  10:20:35,210833;1,121812E-3
17/11/2021  10:20:35,211333;1,122316E-3
17/11/2021  10:20:35,211833;1,122617E-3
17/11/2021  10:20:35,212333;1,122984E-3
17/11/2021  10:20:35,212833;1,122057E-3
17/11/2021  10:20:35,213333;1,122739E-3
17/11/2021  10:20:35,213833;1,122313E-3
17/11/2021  10:20:35,214333;1,121440E-3
17/11/2021  10:20:35,214833;1,122370E-3
17/11/2021  10:20:35,215333;1,122748E-3
17/11/2021  10:20:35,215833;1,123285E-3
17/11/2021  10:20:35,216333;1,122701E-3
17/11/2021  10:20:35,216833;1,122715E-3
17/11/2021  10:20:35,217333;1,122078E-3
17/11/2021  10:20:35,217833;1,122236E-3
17/11/2021  10:20:35,218333;1,121756E-3
17/11/2021  10:20:35,218833;1,122131E-3
17/11/2021  10:20:35,219333;1,121932E-3
17/11/2021  10:20:35,219833;1,122245E-3
17/11/2021  10:20:35,220333;1,122042E-3
17/11/2021  10:20:35,220833;1,121949E-3
17/11/2021  10:20:35,221333;1,123568E-3
17/11/2021  10:20:35,221833;1,121377E-3
17/11/2021  10:20:35,222333;1,120683E-3
17/11/2021  10:20:35,222833;1,122379E-3
17/11/2021  10:20:35,223333;1,122331E-3
17/11/2021  10:20:35,223833;1,121610E-3
17/11/2021  10:20:35,224333;1,121905E-3
17/11/2021  10:20:35,224833;1,121929E-3
17/11/2021  10:20:35,225333;1,123186E-3
17/11/2021  10:20:35,225833;1,122373E-3
17/11/2021  10:20:35,226333;1,122432E-3
17/11/2021  10:20:35,226833;1,122283E-3
17/11/2021  10:20:35,227333;1,123127E-3
17/11/2021  10:20:35,227833;1,122096E-3
17/11/2021  10:20:35,228333;1,122656E-3
17/11/2021  10:20:35,228833;1,122411E-3
17/11/2021  10:20:35,229333;1,122405E-3
17/11/2021  10:20:35,229833;1,123320E-3
17/11/2021  10:20:35,230333;1,122677E-3
17/11/2021  10:20:35,230833;1,122215E-3
17/11/2021  10:20:35,231333;1,121958E-3
17/11/2021  10:20:35,231833;1,123121E-3
17/11/2021  10:20:35,232333;1,123395E-3
17/11/2021  10:20:35,232833;1,122620E-3
17/11/2021  10:20:35,233333;1,122239E-3
17/11/2021  10:20:35,233833;1,122578E-3
17/11/2021  10:20:35,234333;1,122745E-3
17/11/2021  10:20:35,234833;1,122873E-3
17/11/2021  10:20:35,235333;1,123195E-3
17/11/2021  10:20:35,235833;1,122328E-3
17/11/2021  10:20:35,236333;1,122280E-3
17/11/2021  10:20:35,236833;1,122885E-3
17/11/2021  10:20:35,237333;1,122185E-3
17/11/2021  10:20:35,237833;1,122259E-3
17/11/2021  10:20:35,238333;1,122948E-3
17/11/2021  10:20:35,238833;1,122465E-3
17/11/2021  10:20:35,239333;1,122480E-3
17/11/2021  10:20:35,239833;1,122224E-3
17/11/2021  10:20:35,240333;1,122090E-3
17/11/2021  10:20:35,240833;1,122695E-3
17/11/2021  10:20:35,241333;1,121991E-3
17/11/2021  10:20:35,241833;1,122650E-3
17/11/2021  10:20:35,242333;1,122078E-3
17/11/2021  10:20:35,242833;1,121988E-3
17/11/2021  10:20:35,243333;1,122954E-3
17/11/2021  10:20:35,243833;1,122206E-3
17/11/2021  10:20:35,244333;1,122057E-3
17/11/2021  10:20:35,244833;1,121610E-3
17/11/2021  10:20:35,245333;1,122048E-3
17/11/2021  10:20:35,245833;1,121595E-3
17/11/2021  10:20:35,246333;1,122638E-3
17/11/2021  10:20:35,246833;1,122641E-3
17/11/2021  10:20:35,247333;1,122033E-3
17/11/2021  10:20:35,247833;1,123025E-3
17/11/2021  10:20:35,248333;1,121607E-3
17/11/2021  10:20:35,248833;1,122304E-3
17/11/2021  10:20:35,249333;1,122781E-3
17/11/2021  10:20:35,249833;1,122096E-3
17/11/2021  10:20:35,250333;1,121797E-3
17/11/2021  10:20:35,250833;1,122319E-3
17/11/2021  10:20:35,251333;1,122447E-3
17/11/2021  10:20:35,251833;1,122882E-3
17/11/2021  10:20:35,252333;1,122411E-3
17/11/2021  10:20:35,252833;1,122918E-3
17/11/2021  10:20:35,253333;1,122501E-3
17/11/2021  10:20:35,253833;1,122098E-3
17/11/2021  10:20:35,254333;1,122122E-3
17/11/2021  10:20:35,254833;1,122593E-3
17/11/2021  10:20:35,255333;1,122036E-3
17/11/2021  10:20:35,255833;1,122227E-3
17/11/2021  10:20:35,256333;1,121866E-3
17/11/2021  10:20:35,256833;1,122197E-3
17/11/2021  10:20:35,257333;1,122984E-3
17/11/2021  10:20:35,257833;1,122203E-3
17/11/2021  10:20:35,258333;1,122867E-3
17/11/2021  10:20:35,258833;1,122611E-3
17/11/2021  10:20:35,259333;1,122790E-3
17/11/2021  10:20:35,259833;1,122084E-3
17/11/2021  10:20:35,260333;1,122289E-3
17/11/2021  10:20:35,260833;1,122027E-3
17/11/2021  10:20:35,261333;1,122382E-3
17/11/2021  10:20:35,261833;1,122379E-3
17/11/2021  10:20:35,262333;1,121625E-3
17/11/2021  10:20:35,262833;1,122817E-3
17/11/2021  10:20:35,263333;1,122715E-3
17/11/2021  10:20:35,263833;1,122623E-3
17/11/2021  10:20:35,264333;1,122751E-3
17/11/2021  10:20:35,264833;1,122778E-3
17/11/2021  10:20:35,265333;1,121869E-3
17/11/2021  10:20:35,265833;1,122331E-3
17/11/2021  10:20:35,266333;1,122557E-3
17/11/2021  10:20:35,266833;1,122665E-3
17/11/2021  10:20:35,267333;1,121848E-3
17/11/2021  10:20:35,267833;1,122128E-3
17/11/2021  10:20:35,268333;1,121866E-3
17/11/2021  10:20:35,268833;1,122182E-3
17/11/2021  10:20:35,269333;1,121920E-3
17/11/2021  10:20:35,269833;1,121836E-3
17/11/2021  10:20:35,270333;1,121628E-3
17/11/2021  10:20:35,270833;1,121923E-3
17/11/2021  10:20:35,271333;1,122549E-3
17/11/2021  10:20:35,271833;1,122236E-3
17/11/2021  10:20:35,272333;1,122546E-3
17/11/2021  10:20:35,272833;1,123207E-3
17/11/2021  10:20:35,273333;1,123246E-3
17/11/2021  10:20:35,273833;1,122641E-3
17/11/2021  10:20:35,274333;1,123693E-3
17/11/2021  10:20:35,274833;1,122605E-3
17/11/2021  10:20:35,275333;1,122233E-3
17/11/2021  10:20:35,275833;1,123079E-3
17/11/2021  10:20:35,276333;1,122844E-3
17/11/2021  10:20:35,276833;1,122686E-3
17/11/2021  10:20:35,277333;1,121812E-3
17/11/2021  10:20:35,277833;1,122817E-3
17/11/2021  10:20:35,278333;1,122504E-3
17/11/2021  10:20:35,278833;1,121875E-3
17/11/2021  10:20:35,279333;1,122689E-3
17/11/2021  10:20:35,279833;1,122191E-3
17/11/2021  10:20:35,280333;1,122313E-3
17/11/2021  10:20:35,280833;1,122799E-3
17/11/2021  10:20:35,281333;1,122435E-3
17/11/2021  10:20:35,281833;1,122727E-3
17/11/2021  10:20:35,282333;1,122602E-3
17/11/2021  10:20:35,282833;1,122879E-3
17/11/2021  10:20:35,283333;1,122248E-3
17/11/2021  10:20:35,283833;1,122140E-3
17/11/2021  10:20:35,284333;1,122540E-3
17/11/2021  10:20:35,284833;1,121845E-3
17/11/2021  10:20:35,285333;1,122069E-3
17/11/2021  10:20:35,285833;1,122069E-3
17/11/2021  10:20:35,286333;1,122265E-3
17/11/2021  10:20:35,286833;1,123007E-3
17/11/2021  10:20:35,287333;1,122981E-3
17/11/2021  10:20:35,287833;1,123383E-3
17/11/2021  10:20:35,288333;1,121789E-3
17/11/2021  10:20:35,288833;1,122018E-3
17/11/2021  10:20:35,289333;1,122456E-3
17/11/2021  10:20:35,289833;1,121866E-3
17/11/2021  10:20:35,290333;1,122090E-3
17/11/2021  10:20:35,290833;1,122209E-3
17/11/2021  10:20:35,291333;1,123195E-3
17/11/2021  10:20:35,291833;1,122137E-3
17/11/2021  10:20:35,292333;1,121619E-3
17/11/2021  10:20:35,292833;1,121589E-3
17/11/2021  10:20:35,293333;1,122161E-3
17/11/2021  10:20:35,293833;1,121780E-3
17/11/2021  10:20:35,294333;1,122620E-3
17/11/2021  10:20:35,294833;1,123136E-3
17/11/2021  10:20:35,295333;1,122012E-3
17/11/2021  10:20:35,295833;1,122942E-3
17/11/2021  10:20:35,296333;1,123192E-3
17/11/2021  10:20:35,296833;1,122426E-3
17/11/2021  10:20:35,297333;1,122298E-3
17/11/2021  10:20:35,297833;1,122352E-3
17/11/2021  10:20:35,298333;1,121893E-3
17/11/2021  10:20:35,298833;1,123204E-3
17/11/2021  10:20:35,299333;1,121726E-3
17/11/2021  10:20:35,299833;1,121702E-3
17/11/2021  10:20:35,300333;1,122107E-3
17/11/2021  10:20:35,300833;1,121631E-3
17/11/2021  10:20:35,301333;1,123079E-3
17/11/2021  10:20:35,301833;1,122122E-3
17/11/2021  10:20:35,302333;1,123341E-3
17/11/2021  10:20:35,302833;1,122718E-3
17/11/2021  10:20:35,303333;1,123320E-3
17/11/2021  10:20:35,303833;1,123484E-3
17/11/2021  10:20:35,304333;1,121929E-3
17/11/2021  10:20:35,304833;1,122021E-3
17/11/2021  10:20:35,305333;1,122167E-3
17/11/2021  10:20:35,305833;1,122572E-3
17/11/2021  10:20:35,306333;1,122200E-3
17/11/2021  10:20:35,306833;1,122322E-3
17/11/2021  10:20:35,307333;1,122137E-3
17/11/2021  10:20:35,307833;1,122575E-3
17/11/2021  10:20:35,308333;1,120883E-3
17/11/2021  10:20:35,308833;1,121905E-3
17/11/2021  10:20:35,309333;1,122358E-3
17/11/2021  10:20:35,309833;1,122292E-3
17/11/2021  10:20:35,310333;1,122125E-3
17/11/2021  10:20:35,310833;1,122066E-3
17/11/2021  10:20:35,311333;1,121830E-3
17/11/2021  10:20:35,311833;1,121732E-3
17/11/2021  10:20:35,312333;1,122000E-3
17/11/2021  10:20:35,312833;1,122227E-3
17/11/2021  10:20:35,313333;1,121529E-3
17/11/2021  10:20:35,313833;1,122167E-3
17/11/2021  10:20:35,314333;1,123213E-3
17/11/2021  10:20:35,314833;1,121964E-3
17/11/2021  10:20:35,315333;1,122158E-3
17/11/2021  10:20:35,315833;1,121052E-3
17/11/2021  10:20:35,316333;1,121976E-3
17/11/2021  10:20:35,316833;1,122277E-3
17/11/2021  10:20:35,317333;1,122164E-3
17/11/2021  10:20:35,317833;1,122850E-3
17/11/2021  10:20:35,318333;1,122024E-3
17/11/2021  10:20:35,318833;1,121049E-3
17/11/2021  10:20:35,319333;1,122674E-3
17/11/2021  10:20:35,319833;1,122444E-3
17/11/2021  10:20:35,320333;1,121809E-3
17/11/2021  10:20:35,320833;1,121908E-3
17/11/2021  10:20:35,321333;1,122686E-3
17/11/2021  10:20:35,321833;1,121941E-3
17/11/2021  10:20:35,322333;1,122397E-3
17/11/2021  10:20:35,322833;1,122149E-3
17/11/2021  10:20:35,323333;1,122253E-3
17/11/2021  10:20:35,323833;1,122388E-3
17/11/2021  10:20:35,324333;1,122194E-3
17/11/2021  10:20:35,324833;1,122611E-3
17/11/2021  10:20:35,325333;1,121818E-3
17/11/2021  10:20:35,325833;1,121607E-3
17/11/2021  10:20:35,326333;1,122844E-3
17/11/2021  10:20:35,326833;1,122298E-3
17/11/2021  10:20:35,327333;1,122557E-3
17/11/2021  10:20:35,327833;1,122361E-3
17/11/2021  10:20:35,328333;1,122268E-3
17/11/2021  10:20:35,328833;1,122423E-3
17/11/2021  10:20:35,329333;1,121869E-3
17/11/2021  10:20:35,329833;1,122149E-3
17/11/2021  10:20:35,330333;1,121112E-3
17/11/2021  10:20:35,330833;1,123279E-3
17/11/2021  10:20:35,331333;1,122143E-3
17/11/2021  10:20:35,331833;1,122197E-3
17/11/2021  10:20:35,332333;1,122003E-3
17/11/2021  10:20:35,332833;1,122194E-3
17/11/2021  10:20:35,333333;1,123133E-3
17/11/2021  10:20:35,333833;1,121485E-3
17/11/2021  10:20:35,334333;1,122391E-3
17/11/2021  10:20:35,334833;1,121511E-3
17/11/2021  10:20:35,335333;1,122152E-3
17/11/2021  10:20:35,335833;1,121944E-3
17/11/2021  10:20:35,336333;1,121187E-3
17/11/2021  10:20:35,336833;1,122143E-3
17/11/2021  10:20:35,337333;1,123618E-3
17/11/2021  10:20:35,337833;1,122698E-3
17/11/2021  10:20:35,338333;1,122441E-3
17/11/2021  10:20:35,338833;1,122566E-3
17/11/2021  10:20:35,339333;1,122999E-3
17/11/2021  10:20:35,339833;1,122096E-3
17/11/2021  10:20:35,340333;1,122405E-3
17/11/2021  10:20:35,340833;1,122242E-3
17/11/2021  10:20:35,341333;1,121744E-3
17/11/2021  10:20:35,341833;1,122864E-3
17/11/2021  10:20:35,342333;1,121949E-3
17/11/2021  10:20:35,342833;1,122733E-3
17/11/2021  10:20:35,343333;1,121911E-3
17/11/2021  10:20:35,343833;1,122730E-3
17/11/2021  10:20:35,344333;1,122492E-3
17/11/2021  10:20:35,344833;1,122701E-3
17/11/2021  10:20:35,345333;1,122820E-3
17/11/2021  10:20:35,345833;1,122853E-3
17/11/2021  10:20:35,346333;1,122215E-3
17/11/2021  10:20:35,346833;1,121881E-3
17/11/2021  10:20:35,347333;1,122519E-3
17/11/2021  10:20:35,347833;1,122706E-3
17/11/2021  10:20:35,348333;1,121863E-3
17/11/2021  10:20:35,348833;1,121130E-3
17/11/2021  10:20:35,349333;1,121818E-3
17/11/2021  10:20:35,349833;1,122814E-3
17/11/2021  10:20:35,350333;1,122912E-3
17/11/2021  10:20:35,350833;1,123535E-3
17/11/2021  10:20:35,351333;1,121991E-3
17/11/2021  10:20:35,351833;1,122060E-3
17/11/2021  10:20:35,352333;1,122963E-3
17/11/2021  10:20:35,352833;1,121672E-3
17/11/2021  10:20:35,353333;1,121723E-3
17/11/2021  10:20:35,353833;1,121753E-3
17/11/2021  10:20:35,354333;1,121634E-3
17/11/2021  10:20:35,354833;1,122402E-3
17/11/2021  10:20:35,355333;1,121106E-3
17/11/2021  10:20:35,355833;1,122096E-3
17/11/2021  10:20:35,356333;1,122277E-3
17/11/2021  10:20:35,356833;1,122596E-3
17/11/2021  10:20:35,357333;1,122408E-3
17/11/2021  10:20:35,357833;1,122274E-3
17/11/2021  10:20:35,358333;1,122897E-3
17/11/2021  10:20:35,358833;1,122644E-3
17/11/2021  10:20:35,359333;1,121964E-3
17/11/2021  10:20:35,359833;1,121866E-3
17/11/2021  10:20:35,360333;1,122078E-3
17/11/2021  10:20:35,360833;1,122873E-3
17/11/2021  10:20:35,361333;1,121848E-3
17/11/2021  10:20:35,361833;1,122391E-3
17/11/2021  10:20:35,362333;1,123252E-3
17/11/2021  10:20:35,362833;1,122259E-3
17/11/2021  10:20:35,363333;1,121729E-3
17/11/2021  10:20:35,363833;1,122948E-3
17/11/2021  10:20:35,364333;1,122483E-3
17/11/2021  10:20:35,364833;1,122450E-3
17/11/2021  10:20:35,365333;1,122730E-3
17/11/2021  10:20:35,365833;1,122805E-3
17/11/2021  10:20:35,366333;1,122894E-3
17/11/2021  10:20:35,366833;1,123058E-3
17/11/2021  10:20:35,367333;1,121845E-3
17/11/2021  10:20:35,367833;1,121869E-3
17/11/2021  10:20:35,368333;1,123821E-3
17/11/2021  10:20:35,368833;1,122239E-3
17/11/2021  10:20:35,369333;1,121637E-3
17/11/2021  10:20:35,369833;1,122373E-3
17/11/2021  10:20:35,370333;1,122289E-3
17/11/2021  10:20:35,370833;1,122277E-3
17/11/2021  10:20:35,371333;1,122313E-3
17/11/2021  10:20:35,371833;1,122262E-3
17/11/2021  10:20:35,372333;1,122459E-3
17/11/2021  10:20:35,372833;1,123314E-3
17/11/2021  10:20:35,373333;1,121982E-3
17/11/2021  10:20:35,373833;1,123168E-3
17/11/2021  10:20:35,374333;1,122405E-3
17/11/2021  10:20:35,374833;1,122608E-3
17/11/2021  10:20:35,375333;1,122659E-3
17/11/2021  10:20:35,375833;1,122838E-3
17/11/2021  10:20:35,376333;1,122942E-3
17/11/2021  10:20:35,376833;1,121654E-3
17/11/2021  10:20:35,377333;1,121759E-3
17/11/2021  10:20:35,377833;1,121359E-3
17/11/2021  10:20:35,378333;1,122176E-3
17/11/2021  10:20:35,378833;1,122906E-3
17/11/2021  10:20:35,379333;1,121219E-3
17/11/2021  10:20:35,379833;1,121371E-3
17/11/2021  10:20:35,380333;1,122853E-3
17/11/2021  10:20:35,380833;1,122230E-3
17/11/2021  10:20:35,381333;1,122560E-3
17/11/2021  10:20:35,381833;1,121803E-3
17/11/2021  10:20:35,382333;1,122581E-3
17/11/2021  10:20:35,382833;1,121762E-3
17/11/2021  10:20:35,383333;1,122072E-3
17/11/2021  10:20:35,383833;1,122838E-3
17/11/2021  10:20:35,384333;1,121944E-3
17/11/2021  10:20:35,384833;1,123174E-3
17/11/2021  10:20:35,385333;1,122560E-3
17/11/2021  10:20:35,385833;1,121738E-3
17/11/2021  10:20:35,386333;1,122531E-3
17/11/2021  10:20:35,386833;1,122197E-3
17/11/2021  10:20:35,387333;1,122364E-3
17/11/2021  10:20:35,387833;1,122343E-3
17/11/2021  10:20:35,388333;1,122426E-3
17/11/2021  10:20:35,388833;1,122259E-3
17/11/2021  10:20:35,389333;1,122194E-3
17/11/2021  10:20:35,389833;1,121803E-3
17/11/2021  10:20:35,390333;1,122104E-3
17/11/2021  10:20:35,390833;1,123252E-3
17/11/2021  10:20:35,391333;1,121988E-3
17/11/2021  10:20:35,391833;1,121842E-3
17/11/2021  10:20:35,392333;1,122134E-3
17/11/2021  10:20:35,392833;1,122736E-3
17/11/2021  10:20:35,393333;1,122394E-3
17/11/2021  10:20:35,393833;1,123016E-3
17/11/2021  10:20:35,394333;1,123297E-3
17/11/2021  10:20:35,394833;1,122602E-3
17/11/2021  10:20:35,395333;1,122170E-3
17/11/2021  10:20:35,395833;1,121908E-3
17/11/2021  10:20:35,396333;1,121672E-3
17/11/2021  10:20:35,396833;1,122394E-3
17/11/2021  10:20:35,397333;1,122924E-3
17/11/2021  10:20:35,397833;1,122519E-3
17/11/2021  10:20:35,398333;1,123165E-3
17/11/2021  10:20:35,398833;1,123201E-3
17/11/2021  10:20:35,399333;1,122623E-3
17/11/2021  10:20:35,399833;1,122984E-3
17/11/2021  10:20:35,400333;1,122227E-3
17/11/2021  10:20:35,400833;1,122721E-3
17/11/2021  10:20:35,401333;1,122146E-3
17/11/2021  10:20:35,401833;1,122513E-3
17/11/2021  10:20:35,402333;1,122870E-3
17/11/2021  10:20:35,402833;1,121908E-3
17/11/2021  10:20:35,403333;1,121613E-3
17/11/2021  10:20:35,403833;1,122626E-3
17/11/2021  10:20:35,404333;1,122167E-3
17/11/2021  10:20:35,404833;1,121961E-3
17/11/2021  10:20:35,405333;1,122194E-3
17/11/2021  10:20:35,405833;1,123288E-3
17/11/2021  10:20:35,406333;1,122531E-3
17/11/2021  10:20:35,406833;1,122107E-3
17/11/2021  10:20:35,407333;1,122495E-3
17/11/2021  10:20:35,407833;1,122572E-3
17/11/2021  10:20:35,408333;1,122769E-3
17/11/2021  10:20:35,408833;1,122331E-3
17/11/2021  10:20:35,409333;1,122686E-3
17/11/2021  10:20:35,409833;1,123458E-3
17/11/2021  10:20:35,410333;1,122632E-3
17/11/2021  10:20:35,410833;1,123052E-3
17/11/2021  10:20:35,411333;1,123422E-3
17/11/2021  10:20:35,411833;1,123857E-3
17/11/2021  10:20:35,412333;1,122572E-3
17/11/2021  10:20:35,412833;1,121854E-3
17/11/2021  10:20:35,413333;1,122626E-3
17/11/2021  10:20:35,413833;1,121979E-3
17/11/2021  10:20:35,414333;1,122394E-3
17/11/2021  10:20:35,414833;1,122975E-3
17/11/2021  10:20:35,415333;1,121589E-3
17/11/2021  10:20:35,415833;1,121735E-3
17/11/2021  10:20:35,416333;1,121827E-3
17/11/2021  10:20:35,416833;1,121872E-3
17/11/2021  10:20:35,417333;1,122501E-3
17/11/2021  10:20:35,417833;1,123005E-3
17/11/2021  10:20:35,418333;1,121625E-3
17/11/2021  10:20:35,418833;1,121786E-3
17/11/2021  10:20:35,419333;1,122948E-3
17/11/2021  10:20:35,419833;1,122274E-3
17/11/2021  10:20:35,420333;1,121896E-3
17/11/2021  10:20:35,420833;1,122379E-3
17/11/2021  10:20:35,421333;1,120841E-3
17/11/2021  10:20:35,421833;1,122593E-3
17/11/2021  10:20:35,422333;1,122632E-3
17/11/2021  10:20:35,422833;1,122557E-3
17/11/2021  10:20:35,423333;1,122501E-3
17/11/2021  10:20:35,423833;1,122784E-3
17/11/2021  10:20:35,424333;1,122855E-3
17/11/2021  10:20:35,424833;1,122534E-3
17/11/2021  10:20:35,425333;1,121738E-3
17/11/2021  10:20:35,425833;1,122706E-3
17/11/2021  10:20:35,426333;1,122617E-3
17/11/2021  10:20:35,426833;1,122417E-3
17/11/2021  10:20:35,427333;1,122358E-3
17/11/2021  10:20:35,427833;1,122793E-3
17/11/2021  10:20:35,428333;1,122951E-3
17/11/2021  10:20:35,428833;1,122674E-3
17/11/2021  10:20:35,429333;1,122888E-3
17/11/2021  10:20:35,429833;1,122093E-3
17/11/2021  10:20:35,430333;1,122176E-3
17/11/2021  10:20:35,430833;1,122465E-3
17/11/2021  10:20:35,431333;1,121786E-3
17/11/2021  10:20:35,431833;1,122337E-3
17/11/2021  10:20:35,432333;1,122334E-3
17/11/2021  10:20:35,432833;1,123297E-3
17/11/2021  10:20:35,433333;1,121270E-3
17/11/2021  10:20:35,433833;1,122498E-3
17/11/2021  10:20:35,434333;1,122426E-3
17/11/2021  10:20:35,434833;1,121669E-3
17/11/2021  10:20:35,435333;1,122039E-3
17/11/2021  10:20:35,435833;1,121914E-3
17/11/2021  10:20:35,436333;1,121756E-3
17/11/2021  10:20:35,436833;1,122051E-3
17/11/2021  10:20:35,437333;1,121738E-3
17/11/2021  10:20:35,437833;1,122027E-3
17/11/2021  10:20:35,438333;1,122212E-3
17/11/2021  10:20:35,438833;1,122101E-3
17/11/2021  10:20:35,439333;1,122230E-3
17/11/2021  10:20:35,439833;1,122554E-3
17/11/2021  10:20:35,440333;1,122239E-3
17/11/2021  10:20:35,440833;1,122516E-3
17/11/2021  10:20:35,441333;1,121342E-3
17/11/2021  10:20:35,441833;1,121085E-3
17/11/2021  10:20:35,442333;1,121896E-3
17/11/2021  10:20:35,442833;1,123052E-3
17/11/2021  10:20:35,443333;1,122727E-3
17/11/2021  10:20:35,443833;1,121714E-3
17/11/2021  10:20:35,444333;1,122620E-3
17/11/2021  10:20:35,444833;1,122295E-3
17/11/2021  10:20:35,445333;1,122709E-3
17/11/2021  10:20:35,445833;1,121523E-3
17/11/2021  10:20:35,446333;1,122593E-3
17/11/2021  10:20:35,446833;1,121604E-3
17/11/2021  10:20:35,447333;1,122763E-3
17/11/2021  10:20:35,447833;1,122802E-3
17/11/2021  10:20:35,448333;1,123809E-3
17/11/2021  10:20:35,448833;1,123875E-3
17/11/2021  10:20:35,449333;1,121875E-3
17/11/2021  10:20:35,449833;1,123353E-3
17/11/2021  10:20:35,450333;1,121893E-3
17/11/2021  10:20:35,450833;1,122727E-3
17/11/2021  10:20:35,451333;1,122483E-3
17/11/2021  10:20:35,451833;1,122534E-3
17/11/2021  10:20:35,452333;1,122280E-3
17/11/2021  10:20:35,452833;1,123007E-3
17/11/2021  10:20:35,453333;1,122307E-3
17/11/2021  10:20:35,453833;1,121780E-3
17/11/2021  10:20:35,454333;1,123013E-3
17/11/2021  10:20:35,454833;1,121899E-3
17/11/2021  10:20:35,455333;1,122236E-3
17/11/2021  10:20:35,455833;1,122796E-3
17/11/2021  10:20:35,456333;1,122814E-3
17/11/2021  10:20:35,456833;1,122498E-3
17/11/2021  10:20:35,457333;1,122951E-3
17/11/2021  10:20:35,457833;1,121932E-3
17/11/2021  10:20:35,458333;1,122689E-3
17/11/2021  10:20:35,458833;1,121505E-3
17/11/2021  10:20:35,459333;1,122361E-3
17/11/2021  10:20:35,459833;1,122468E-3
17/11/2021  10:20:35,460333;1,122051E-3
17/11/2021  10:20:35,460833;1,122683E-3
17/11/2021  10:20:35,461333;1,122787E-3
17/11/2021  10:20:35,461833;1,123311E-3
17/11/2021  10:20:35,462333;1,121535E-3
17/11/2021  10:20:35,462833;1,122474E-3
17/11/2021  10:20:35,463333;1,123478E-3
17/11/2021  10:20:35,463833;1,121905E-3
17/11/2021  10:20:35,464333;1,122519E-3
17/11/2021  10:20:35,464833;1,122909E-3
17/11/2021  10:20:35,465333;1,121482E-3
17/11/2021  10:20:35,465833;1,123031E-3
17/11/2021  10:20:35,466333;1,122224E-3
17/11/2021  10:20:35,466833;1,122417E-3
17/11/2021  10:20:35,467333;1,122680E-3
17/11/2021  10:20:35,467833;1,123121E-3
17/11/2021  10:20:35,468333;1,122534E-3
17/11/2021  10:20:35,468833;1,122066E-3
17/11/2021  10:20:35,469333;1,123028E-3
17/11/2021  10:20:35,469833;1,123714E-3
17/11/2021  10:20:35,470333;1,122090E-3
17/11/2021  10:20:35,470833;1,122563E-3
17/11/2021  10:20:35,471333;1,122087E-3
17/11/2021  10:20:35,471833;1,123040E-3
17/11/2021  10:20:35,472333;1,121604E-3
17/11/2021  10:20:35,472833;1,121607E-3
17/11/2021  10:20:35,473333;1,122262E-3
17/11/2021  10:20:35,473833;1,122662E-3
17/11/2021  10:20:35,474333;1,122036E-3
17/11/2021  10:20:35,474833;1,122128E-3
17/11/2021  10:20:35,475333;1,122450E-3
17/11/2021  10:20:35,475833;1,122921E-3
17/11/2021  10:20:35,476333;1,122823E-3
17/11/2021  10:20:35,476833;1,121926E-3
17/11/2021  10:20:35,477333;1,120886E-3
17/11/2021  10:20:35,477833;1,121631E-3
17/11/2021  10:20:35,478333;1,121926E-3
17/11/2021  10:20:35,478833;1,122155E-3
17/11/2021  10:20:35,479333;1,122730E-3
17/11/2021  10:20:35,479833;1,122814E-3
17/11/2021  10:20:35,480333;1,122414E-3
17/11/2021  10:20:35,480833;1,122641E-3
17/11/2021  10:20:35,481333;1,123201E-3
17/11/2021  10:20:35,481833;1,122408E-3
17/11/2021  10:20:35,482333;1,122417E-3
17/11/2021  10:20:35,482833;1,123118E-3
17/11/2021  10:20:35,483333;1,122960E-3
17/11/2021  10:20:35,483833;1,122808E-3
17/11/2021  10:20:35,484333;1,122915E-3
17/11/2021  10:20:35,484833;1,121744E-3
17/11/2021  10:20:35,485333;1,121878E-3
17/11/2021  10:20:35,485833;1,122534E-3
17/11/2021  10:20:35,486333;1,122507E-3
17/11/2021  10:20:35,486833;1,121830E-3
17/11/2021  10:20:35,487333;1,121997E-3
17/11/2021  10:20:35,487833;1,122811E-3
17/11/2021  10:20:35,488333;1,122742E-3
17/11/2021  10:20:35,488833;1,121833E-3
17/11/2021  10:20:35,489333;1,122727E-3
17/11/2021  10:20:35,489833;1,122718E-3
17/11/2021  10:20:35,490333;1,123168E-3
17/11/2021  10:20:35,490833;1,122817E-3
17/11/2021  10:20:35,491333;1,122203E-3
17/11/2021  10:20:35,491833;1,122122E-3
17/11/2021  10:20:35,492333;1,121476E-3
17/11/2021  10:20:35,492833;1,122656E-3
17/11/2021  10:20:35,493333;1,123395E-3
17/11/2021  10:20:35,493833;1,123231E-3
17/11/2021  10:20:35,494333;1,122826E-3
17/11/2021  10:20:35,494833;1,121750E-3
17/11/2021  10:20:35,495333;1,123139E-3
17/11/2021  10:20:35,495833;1,122370E-3
17/11/2021  10:20:35,496333;1,122450E-3
17/11/2021  10:20:35,496833;1,121747E-3
17/11/2021  10:20:35,497333;1,122274E-3
17/11/2021  10:20:35,497833;1,121714E-3
17/11/2021  10:20:35,498333;1,122614E-3
17/11/2021  10:20:35,498833;1,123052E-3
17/11/2021  10:20:35,499333;1,122537E-3
17/11/2021  10:20:35,499833;1,121681E-3
17/11/2021  10:20:35,500333;1,121955E-3
17/11/2021  10:20:35,500833;1,122638E-3
17/11/2021  10:20:35,501333;1,122116E-3
17/11/2021  10:20:35,501833;1,122703E-3
17/11/2021  10:20:35,502333;1,122230E-3
17/11/2021  10:20:35,502833;1,122346E-3
17/11/2021  10:20:35,503333;1,122820E-3
17/11/2021  10:20:35,503833;1,122885E-3
17/11/2021  10:20:35,504333;1,121437E-3
17/11/2021  10:20:35,504833;1,121589E-3
17/11/2021  10:20:35,505333;1,122119E-3
17/11/2021  10:20:35,505833;1,121786E-3
17/11/2021  10:20:35,506333;1,121845E-3
17/11/2021  10:20:35,506833;1,122587E-3
17/11/2021  10:20:35,507333;1,121359E-3
17/11/2021  10:20:35,507833;1,121884E-3
17/11/2021  10:20:35,508333;1,122152E-3
17/11/2021  10:20:35,508833;1,122319E-3
17/11/2021  10:20:35,509333;1,122179E-3
17/11/2021  10:20:35,509833;1,121935E-3
17/11/2021  10:20:35,510333;1,121523E-3
17/11/2021  10:20:35,510833;1,121404E-3
17/11/2021  10:20:35,511333;1,121729E-3
17/11/2021  10:20:35,511833;1,123145E-3
17/11/2021  10:20:35,512333;1,122468E-3
17/11/2021  10:20:35,512833;1,122525E-3
17/11/2021  10:20:35,513333;1,122599E-3
17/11/2021  10:20:35,513833;1,122745E-3
17/11/2021  10:20:35,514333;1,122253E-3
17/11/2021  10:20:35,514833;1,121061E-3
17/11/2021  10:20:35,515333;1,122528E-3
17/11/2021  10:20:35,515833;1,122274E-3
17/11/2021  10:20:35,516333;1,122537E-3
17/11/2021  10:20:35,516833;1,122009E-3
17/11/2021  10:20:35,517333;1,122435E-3
17/11/2021  10:20:35,517833;1,122009E-3
17/11/2021  10:20:35,518333;1,122623E-3
17/11/2021  10:20:35,518833;1,121988E-3
17/11/2021  10:20:35,519333;1,122858E-3
17/11/2021  10:20:35,519833;1,122477E-3
17/11/2021  10:20:35,520333;1,122557E-3
17/11/2021  10:20:35,520833;1,122334E-3
17/11/2021  10:20:35,521333;1,122236E-3
17/11/2021  10:20:35,521833;1,121997E-3
17/11/2021  10:20:35,522333;1,122045E-3
17/11/2021  10:20:35,522833;1,122650E-3
17/11/2021  10:20:35,523333;1,122179E-3
17/11/2021  10:20:35,523833;1,122519E-3
17/11/2021  10:20:35,524333;1,122480E-3
17/11/2021  10:20:35,524833;1,122578E-3
17/11/2021  10:20:35,525333;1,122379E-3
17/11/2021  10:20:35,525833;1,122069E-3
17/11/2021  10:20:35,526333;1,121881E-3
17/11/2021  10:20:35,526833;1,122602E-3
17/11/2021  10:20:35,527333;1,122894E-3
17/11/2021  10:20:35,527833;1,122575E-3
17/11/2021  10:20:35,528333;1,122262E-3
17/11/2021  10:20:35,528833;1,122966E-3
17/11/2021  10:20:35,529333;1,123630E-3
17/11/2021  10:20:35,529833;1,123073E-3
17/11/2021  10:20:35,530333;1,123031E-3
17/11/2021  10:20:35,530833;1,123669E-3
17/11/2021  10:20:35,531333;1,123291E-3
17/11/2021  10:20:35,531833;1,123586E-3
17/11/2021  10:20:35,532333;1,122844E-3
17/11/2021  10:20:35,532833;1,122820E-3
17/11/2021  10:20:35,533333;1,122525E-3
17/11/2021  10:20:35,533833;1,122823E-3
17/11/2021  10:20:35,534333;1,122832E-3
17/11/2021  10:20:35,534833;1,122400E-3
17/11/2021  10:20:35,535333;1,122364E-3
17/11/2021  10:20:35,535833;1,122534E-3
17/11/2021  10:20:35,536333;1,122563E-3
17/11/2021  10:20:35,536833;1,122820E-3
17/11/2021  10:20:35,537333;1,122680E-3
17/11/2021  10:20:35,537833;1,122426E-3
17/11/2021  10:20:35,538333;1,123142E-3
17/11/2021  10:20:35,538833;1,122638E-3
17/11/2021  10:20:35,539333;1,122239E-3
17/11/2021  10:20:35,539833;1,122423E-3
17/11/2021  10:20:35,540333;1,122158E-3
17/11/2021  10:20:35,540833;1,121914E-3
17/11/2021  10:20:35,541333;1,123466E-3
17/11/2021  10:20:35,541833;1,122292E-3
17/11/2021  10:20:35,542333;1,121836E-3
17/11/2021  10:20:35,542833;1,122245E-3
17/11/2021  10:20:35,543333;1,122256E-3
17/11/2021  10:20:35,543833;1,122534E-3
17/11/2021  10:20:35,544333;1,122408E-3
17/11/2021  10:20:35,544833;1,121893E-3
17/11/2021  10:20:35,545333;1,122733E-3
17/11/2021  10:20:35,545833;1,122414E-3
17/11/2021  10:20:35,546333;1,123303E-3
17/11/2021  10:20:35,546833;1,121985E-3
17/11/2021  10:20:35,547333;1,123016E-3
17/11/2021  10:20:35,547833;1,122420E-3
17/11/2021  10:20:35,548333;1,122540E-3
17/11/2021  10:20:35,548833;1,121890E-3
17/11/2021  10:20:35,549333;1,122617E-3
17/11/2021  10:20:35,549833;1,122087E-3
17/11/2021  10:20:35,550333;1,122605E-3
17/11/2021  10:20:35,550833;1,122313E-3
17/11/2021  10:20:35,551333;1,121923E-3
17/11/2021  10:20:35,551833;1,122373E-3
17/11/2021  10:20:35,552333;1,120868E-3
17/11/2021  10:20:35,552833;1,121249E-3
17/11/2021  10:20:35,553333;1,122334E-3
17/11/2021  10:20:35,553833;1,122438E-3
17/11/2021  10:20:35,554333;1,121863E-3
17/11/2021  10:20:35,554833;1,123118E-3
17/11/2021  10:20:35,555333;1,121842E-3
17/11/2021  10:20:35,555833;1,123025E-3
17/11/2021  10:20:35,556333;1,121660E-3
17/11/2021  10:20:35,556833;1,122504E-3
17/11/2021  10:20:35,557333;1,123115E-3
17/11/2021  10:20:35,557833;1,121744E-3
17/11/2021  10:20:35,558333;1,122370E-3
17/11/2021  10:20:35,558833;1,122498E-3
17/11/2021  10:20:35,559333;1,121526E-3
17/11/2021  10:20:35,559833;1,121336E-3
17/11/2021  10:20:35,560333;1,121720E-3
17/11/2021  10:20:35,560833;1,122712E-3
17/11/2021  10:20:35,561333;1,122781E-3
17/11/2021  10:20:35,561833;1,122638E-3
17/11/2021  10:20:35,562333;1,121911E-3
17/11/2021  10:20:35,562833;1,122799E-3
17/11/2021  10:20:35,563333;1,122504E-3
17/11/2021  10:20:35,563833;1,123469E-3
17/11/2021  10:20:35,564333;1,122847E-3
17/11/2021  10:20:35,564833;1,121571E-3
17/11/2021  10:20:35,565333;1,121643E-3
17/11/2021  10:20:35,565833;1,122718E-3
17/11/2021  10:20:35,566333;1,123136E-3
17/11/2021  10:20:35,566833;1,122826E-3
17/11/2021  10:20:35,567333;1,122313E-3
17/11/2021  10:20:35,567833;1,122552E-3
17/11/2021  10:20:35,568333;1,121935E-3
17/11/2021  10:20:35,568833;1,121964E-3
17/11/2021  10:20:35,569333;1,122775E-3
17/11/2021  10:20:35,569833;1,122683E-3
17/11/2021  10:20:35,570333;1,122161E-3
17/11/2021  10:20:35,570833;1,121839E-3
17/11/2021  10:20:35,571333;1,122152E-3
17/11/2021  10:20:35,571833;1,122176E-3
17/11/2021  10:20:35,572333;1,121780E-3
17/11/2021  10:20:35,572833;1,122552E-3
17/11/2021  10:20:35,573333;1,122748E-3
17/11/2021  10:20:35,573833;1,122414E-3
17/11/2021  10:20:35,574333;1,121982E-3
17/11/2021  10:20:35,574833;1,121306E-3
17/11/2021  10:20:35,575333;1,122349E-3
17/11/2021  10:20:35,575833;1,122060E-3
17/11/2021  10:20:35,576333;1,121902E-3
17/11/2021  10:20:35,576833;1,122340E-3
17/11/2021  10:20:35,577333;1,122367E-3
17/11/2021  10:20:35,577833;1,122462E-3
17/11/2021  10:20:35,578333;1,122590E-3
17/11/2021  10:20:35,578833;1,122373E-3
17/11/2021  10:20:35,579333;1,121893E-3
17/11/2021  10:20:35,579833;1,122659E-3
17/11/2021  10:20:35,580333;1,122215E-3
17/11/2021  10:20:35,580833;1,121669E-3
17/11/2021  10:20:35,581333;1,122036E-3
17/11/2021  10:20:35,581833;1,122498E-3
17/11/2021  10:20:35,582333;1,122572E-3
17/11/2021  10:20:35,582833;1,122563E-3
17/11/2021  10:20:35,583333;1,121687E-3
17/11/2021  10:20:35,583833;1,121872E-3
17/11/2021  10:20:35,584333;1,123919E-3
17/11/2021  10:20:35,584833;1,122236E-3
17/11/2021  10:20:35,585333;1,123201E-3
17/11/2021  10:20:35,585833;1,122888E-3
17/11/2021  10:20:35,586333;1,121416E-3
17/11/2021  10:20:35,586833;1,122599E-3
17/11/2021  10:20:35,587333;1,122629E-3
17/11/2021  10:20:35,587833;1,122420E-3
17/11/2021  10:20:35,588333;1,122569E-3
17/11/2021  10:20:35,588833;1,122125E-3
17/11/2021  10:20:35,589333;1,121961E-3
17/11/2021  10:20:35,589833;1,122605E-3
17/11/2021  10:20:35,590333;1,122689E-3
17/11/2021  10:20:35,590833;1,121619E-3
17/11/2021  10:20:35,591333;1,122882E-3
17/11/2021  10:20:35,591833;1,122402E-3
17/11/2021  10:20:35,592333;1,121601E-3
17/11/2021  10:20:35,592833;1,123344E-3
17/11/2021  10:20:35,593333;1,123195E-3
17/11/2021  10:20:35,593833;1,122745E-3
17/11/2021  10:20:35,594333;1,121580E-3
17/11/2021  10:20:35,594833;1,122835E-3
17/11/2021  10:20:35,595333;1,121964E-3
17/11/2021  10:20:35,595833;1,122423E-3
17/11/2021  10:20:35,596333;1,122519E-3
17/11/2021  10:20:35,596833;1,122617E-3
17/11/2021  10:20:35,597333;1,121952E-3
17/11/2021  10:20:35,597833;1,121747E-3
17/11/2021  10:20:35,598333;1,122087E-3
17/11/2021  10:20:35,598833;1,122402E-3
17/11/2021  10:20:35,599333;1,121729E-3
17/11/2021  10:20:35,599833;1,123115E-3
17/11/2021  10:20:35,600333;1,122864E-3
17/11/2021  10:20:35,600833;1,122563E-3
17/11/2021  10:20:35,601333;1,123022E-3
17/11/2021  10:20:35,601833;1,122084E-3
17/11/2021  10:20:35,602333;1,122855E-3
17/11/2021  10:20:35,602833;1,122248E-3
17/11/2021  10:20:35,603333;1,121839E-3
17/11/2021  10:20:35,603833;1,122766E-3
17/11/2021  10:20:35,604333;1,121625E-3
17/11/2021  10:20:35,604833;1,121643E-3
17/11/2021  10:20:35,605333;1,122072E-3
17/11/2021  10:20:35,605833;1,122829E-3
17/11/2021  10:20:35,606333;1,122084E-3
17/11/2021  10:20:35,606833;1,121854E-3
17/11/2021  10:20:35,607333;1,123124E-3
17/11/2021  10:20:35,607833;1,122525E-3
17/11/2021  10:20:35,608333;1,121777E-3
17/11/2021  10:20:35,608833;1,122477E-3
17/11/2021  10:20:35,609333;1,122444E-3
17/11/2021  10:20:35,609833;1,123359E-3
17/11/2021  10:20:35,610333;1,123180E-3
17/11/2021  10:20:35,610833;1,122483E-3
17/11/2021  10:20:35,611333;1,121818E-3
17/11/2021  10:20:35,611833;1,121622E-3
17/11/2021  10:20:35,612333;1,122554E-3
17/11/2021  10:20:35,612833;1,122855E-3
17/11/2021  10:20:35,613333;1,121932E-3
17/11/2021  10:20:35,613833;1,122042E-3
17/11/2021  10:20:35,614333;1,123279E-3
17/11/2021  10:20:35,614833;1,123046E-3
17/11/2021  10:20:35,615333;1,122829E-3
17/11/2021  10:20:35,615833;1,122325E-3
17/11/2021  10:20:35,616333;1,122206E-3
17/11/2021  10:20:35,616833;1,122802E-3
17/11/2021  10:20:35,617333;1,122367E-3
17/11/2021  10:20:35,617833;1,121994E-3
17/11/2021  10:20:35,618333;1,122349E-3
17/11/2021  10:20:35,618833;1,122489E-3
17/11/2021  10:20:35,619333;1,122435E-3
17/11/2021  10:20:35,619833;1,121750E-3
17/11/2021  10:20:35,620333;1,122161E-3
17/11/2021  10:20:35,620833;1,122820E-3
17/11/2021  10:20:35,621333;1,122569E-3
17/11/2021  10:20:35,621833;1,122131E-3
17/11/2021  10:20:35,622333;1,122617E-3
17/11/2021  10:20:35,622833;1,122572E-3
17/11/2021  10:20:35,623333;1,123255E-3
17/11/2021  10:20:35,623833;1,121941E-3
17/11/2021  10:20:35,624333;1,121699E-3
17/11/2021  10:20:35,624833;1,120963E-3
17/11/2021  10:20:35,625333;1,122233E-3
17/11/2021  10:20:35,625833;1,122945E-3
17/11/2021  10:20:35,626333;1,122334E-3
17/11/2021  10:20:35,626833;1,122721E-3
17/11/2021  10:20:35,627333;1,122471E-3
17/11/2021  10:20:35,627833;1,122993E-3
17/11/2021  10:20:35,628333;1,122474E-3
17/11/2021  10:20:35,628833;1,123404E-3
17/11/2021  10:20:35,629333;1,121520E-3
17/11/2021  10:20:35,629833;1,122602E-3
17/11/2021  10:20:35,630333;1,122957E-3
17/11/2021  10:20:35,630833;1,122253E-3
17/11/2021  10:20:35,631333;1,122277E-3
17/11/2021  10:20:35,631833;1,122480E-3
17/11/2021  10:20:35,632333;1,122695E-3
17/11/2021  10:20:35,632833;1,122736E-3
17/11/2021  10:20:35,633333;1,122307E-3
17/11/2021  10:20:35,633833;1,122596E-3
17/11/2021  10:20:35,634333;1,122325E-3
17/11/2021  10:20:35,634833;1,122659E-3
17/11/2021  10:20:35,635333;1,122844E-3
17/11/2021  10:20:35,635833;1,123803E-3
17/11/2021  10:20:35,636333;1,122250E-3
17/11/2021  10:20:35,636833;1,122632E-3
17/11/2021  10:20:35,637333;1,123243E-3
17/11/2021  10:20:35,637833;1,121759E-3
17/11/2021  10:20:35,638333;1,122346E-3
17/11/2021  10:20:35,638833;1,121854E-3
17/11/2021  10:20:35,639333;1,122122E-3
17/11/2021  10:20:35,639833;1,121961E-3
17/11/2021  10:20:35,640333;1,121616E-3
17/11/2021  10:20:35,640833;1,122233E-3
17/11/2021  10:20:35,641333;1,122313E-3
17/11/2021  10:20:35,641833;1,122820E-3
17/11/2021  10:20:35,642333;1,121046E-3
17/11/2021  10:20:35,642833;1,122420E-3
17/11/2021  10:20:35,643333;1,122489E-3
17/11/2021  10:20:35,643833;1,123148E-3
17/11/2021  10:20:35,644333;1,121789E-3
17/11/2021  10:20:35,644833;1,123571E-3
17/11/2021  10:20:35,645333;1,122361E-3
17/11/2021  10:20:35,645833;1,122158E-3
17/11/2021  10:20:35,646333;1,122972E-3
17/11/2021  10:20:35,646833;1,122256E-3
17/11/2021  10:20:35,647333;1,122689E-3
17/11/2021  10:20:35,647833;1,122584E-3
17/11/2021  10:20:35,648333;1,122441E-3
17/11/2021  10:20:35,648833;1,123213E-3
17/11/2021  10:20:35,649333;1,120969E-3
17/11/2021  10:20:35,649833;1,121955E-3
17/11/2021  10:20:35,650333;1,122957E-3
17/11/2021  10:20:35,650833;1,122686E-3
17/11/2021  10:20:35,651333;1,122492E-3
17/11/2021  10:20:35,651833;1,122850E-3
17/11/2021  10:20:35,652333;1,122337E-3
17/11/2021  10:20:35,652833;1,122250E-3
17/11/2021  10:20:35,653333;1,122534E-3
17/11/2021  10:20:35,653833;1,123234E-3
17/11/2021  10:20:35,654333;1,121461E-3
17/11/2021  10:20:35,654833;1,122557E-3
17/11/2021  10:20:35,655333;1,122340E-3
17/11/2021  10:20:35,655833;1,122683E-3
17/11/2021  10:20:35,656333;1,121961E-3
17/11/2021  10:20:35,656833;1,122116E-3
17/11/2021  10:20:35,657333;1,121812E-3
17/11/2021  10:20:35,657833;1,122110E-3
17/11/2021  10:20:35,658333;1,122334E-3
17/11/2021  10:20:35,658833;1,121949E-3
17/11/2021  10:20:35,659333;1,122891E-3
17/11/2021  10:20:35,659833;1,123577E-3
17/11/2021  10:20:35,660333;1,122489E-3
17/11/2021  10:20:35,660833;1,122516E-3
17/11/2021  10:20:35,661333;1,122510E-3
17/11/2021  10:20:35,661833;1,122435E-3
17/11/2021  10:20:35,662333;1,122668E-3
17/11/2021  10:20:35,662833;1,123019E-3
17/11/2021  10:20:35,663333;1,122954E-3
17/11/2021  10:20:35,663833;1,122140E-3
17/11/2021  10:20:35,664333;1,123040E-3
17/11/2021  10:20:35,664833;1,122546E-3
17/11/2021  10:20:35,665333;1,122149E-3
17/11/2021  10:20:35,665833;1,121705E-3
17/11/2021  10:20:35,666333;1,122227E-3
17/11/2021  10:20:35,666833;1,122599E-3
17/11/2021  10:20:35,667333;1,122337E-3
17/11/2021  10:20:35,667833;1,121374E-3
17/11/2021  10:20:35,668333;1,121729E-3
17/11/2021  10:20:35,668833;1,122629E-3
17/11/2021  10:20:35,669333;1,122188E-3
17/11/2021  10:20:35,669833;1,122253E-3
17/11/2021  10:20:35,670333;1,121771E-3
17/11/2021  10:20:35,670833;1,121666E-3
17/11/2021  10:20:35,671333;1,122096E-3
17/11/2021  10:20:35,671833;1,121985E-3
17/11/2021  10:20:35,672333;1,123028E-3
17/11/2021  10:20:35,672833;1,121416E-3
17/11/2021  10:20:35,673333;1,122307E-3
17/11/2021  10:20:35,673833;1,122730E-3
17/11/2021  10:20:35,674333;1,122069E-3
17/11/2021  10:20:35,674833;1,122712E-3
17/11/2021  10:20:35,675333;1,123267E-3
17/11/2021  10:20:35,675833;1,121920E-3
17/11/2021  10:20:35,676333;1,122608E-3
17/11/2021  10:20:35,676833;1,121964E-3
17/11/2021  10:20:35,677333;1,121964E-3
17/11/2021  10:20:35,677833;1,122444E-3
17/11/2021  10:20:35,678333;1,122215E-3
17/11/2021  10:20:35,678833;1,122587E-3
17/11/2021  10:20:35,679333;1,122143E-3
17/11/2021  10:20:35,679833;1,122787E-3
17/11/2021  10:20:35,680333;1,122334E-3
17/11/2021  10:20:35,680833;1,122522E-3
17/11/2021  10:20:35,681333;1,121583E-3
17/11/2021  10:20:35,681833;1,122990E-3
17/11/2021  10:20:35,682333;1,121806E-3
17/11/2021  10:20:35,682833;1,122969E-3
17/11/2021  10:20:35,683333;1,121461E-3
17/11/2021  10:20:35,683833;1,122316E-3
17/11/2021  10:20:35,684333;1,122894E-3
17/11/2021  10:20:35,684833;1,122847E-3
17/11/2021  10:20:35,685333;1,121535E-3
17/11/2021  10:20:35,685833;1,122477E-3
17/11/2021  10:20:35,686333;1,122042E-3
17/11/2021  10:20:35,686833;1,121899E-3
17/11/2021  10:20:35,687333;1,121771E-3
17/11/2021  10:20:35,687833;1,121645E-3
17/11/2021  10:20:35,688333;1,121699E-3
17/11/2021  10:20:35,688833;1,121988E-3
17/11/2021  10:20:35,689333;1,121768E-3
17/11/2021  10:20:35,689833;1,122531E-3
17/11/2021  10:20:35,690333;1,121911E-3
17/11/2021  10:20:35,690833;1,122149E-3
17/11/2021  10:20:35,691333;1,122900E-3
17/11/2021  10:20:35,691833;1,122358E-3
17/11/2021  10:20:35,692333;1,122775E-3
17/11/2021  10:20:35,692833;1,122793E-3
17/11/2021  10:20:35,693333;1,123031E-3
17/11/2021  10:20:35,693833;1,122921E-3
17/11/2021  10:20:35,694333;1,122975E-3
17/11/2021  10:20:35,694833;1,122560E-3
17/11/2021  10:20:35,695333;1,121505E-3
17/11/2021  10:20:35,695833;1,121783E-3
17/11/2021  10:20:35,696333;1,122391E-3
17/11/2021  10:20:35,696833;1,122328E-3
17/11/2021  10:20:35,697333;1,122441E-3
17/11/2021  10:20:35,697833;1,121809E-3
17/11/2021  10:20:35,698333;1,122030E-3
17/11/2021  10:20:35,698833;1,123148E-3
17/11/2021  10:20:35,699333;1,120891E-3
17/11/2021  10:20:35,699833;1,123750E-3
17/11/2021  10:20:35,700333;1,122897E-3
17/11/2021  10:20:35,700833;1,121631E-3
17/11/2021  10:20:35,701333;1,122042E-3
17/11/2021  10:20:35,701833;1,122432E-3
17/11/2021  10:20:35,702333;1,122590E-3
17/11/2021  10:20:35,702833;1,123049E-3
17/11/2021  10:20:35,703333;1,123452E-3
17/11/2021  10:20:35,703833;1,122310E-3
17/11/2021  10:20:35,704333;1,122593E-3
17/11/2021  10:20:35,704833;1,122429E-3
17/11/2021  10:20:35,705333;1,122546E-3
17/11/2021  10:20:35,705833;1,122304E-3
17/11/2021  10:20:35,706333;1,122239E-3
17/11/2021  10:20:35,706833;1,122796E-3
17/11/2021  10:20:35,707333;1,121514E-3
17/11/2021  10:20:35,707833;1,121631E-3
17/11/2021  10:20:35,708333;1,122718E-3
17/11/2021  10:20:35,708833;1,122012E-3
17/11/2021  10:20:35,709333;1,122161E-3
17/11/2021  10:20:35,709833;1,122623E-3
17/11/2021  10:20:35,710333;1,122319E-3
17/11/2021  10:20:35,710833;1,122161E-3
17/11/2021  10:20:35,711333;1,121893E-3
17/11/2021  10:20:35,711833;1,121961E-3
17/11/2021  10:20:35,712333;1,122766E-3
17/11/2021  10:20:35,712833;1,122182E-3
17/11/2021  10:20:35,713333;1,122209E-3
17/11/2021  10:20:35,713833;1,122432E-3
17/11/2021  10:20:35,714333;1,123019E-3
17/11/2021  10:20:35,714833;1,122915E-3
17/11/2021  10:20:35,715333;1,121905E-3
17/11/2021  10:20:35,715833;1,122781E-3
17/11/2021  10:20:35,716333;1,121458E-3
17/11/2021  10:20:35,716833;1,122370E-3
17/11/2021  10:20:35,717333;1,121634E-3
17/11/2021  10:20:35,717833;1,122638E-3
17/11/2021  10:20:35,718333;1,122093E-3
17/11/2021  10:20:35,718833;1,121547E-3
17/11/2021  10:20:35,719333;1,122450E-3
17/11/2021  10:20:35,719833;1,122212E-3
17/11/2021  10:20:35,720333;1,121678E-3
17/11/2021  10:20:35,720833;1,121967E-3
17/11/2021  10:20:35,721333;1,121902E-3
17/11/2021  10:20:35,721833;1,122167E-3
17/11/2021  10:20:35,722333;1,122668E-3
17/11/2021  10:20:35,722833;1,122286E-3
17/11/2021  10:20:35,723333;1,123237E-3
17/11/2021  10:20:35,723833;1,122060E-3
17/11/2021  10:20:35,724333;1,122197E-3
17/11/2021  10:20:35,724833;1,122078E-3
17/11/2021  10:20:35,725333;1,121944E-3
17/11/2021  10:20:35,725833;1,123112E-3
17/11/2021  10:20:35,726333;1,122483E-3
17/11/2021  10:20:35,726833;1,122057E-3
17/11/2021  10:20:35,727333;1,122027E-3
17/11/2021  10:20:35,727833;1,122814E-3
17/11/2021  10:20:35,728333;1,122447E-3
17/11/2021  10:20:35,728833;1,122408E-3
17/11/2021  10:20:35,729333;1,121541E-3
17/11/2021  10:20:35,729833;1,122361E-3
17/11/2021  10:20:35,730333;1,122882E-3
17/11/2021  10:20:35,730833;1,122200E-3
17/11/2021  10:20:35,731333;1,122447E-3
17/11/2021  10:20:35,731833;1,122742E-3
17/11/2021  10:20:35,732333;1,122313E-3
17/11/2021  10:20:35,732833;1,122656E-3
17/11/2021  10:20:35,733333;1,122656E-3
17/11/2021  10:20:35,733833;1,123189E-3
17/11/2021  10:20:35,734333;1,123300E-3
17/11/2021  10:20:35,734833;1,122268E-3
17/11/2021  10:20:35,735333;1,122048E-3
17/11/2021  10:20:35,735833;1,121747E-3
17/11/2021  10:20:35,736333;1,122042E-3
17/11/2021  10:20:35,736833;1,121935E-3
17/11/2021  10:20:35,737333;1,122122E-3
17/11/2021  10:20:35,737833;1,122718E-3
17/11/2021  10:20:35,738333;1,122447E-3
17/11/2021  10:20:35,738833;1,122423E-3
17/11/2021  10:20:35,739333;1,122209E-3
17/11/2021  10:20:35,739833;1,121818E-3
17/11/2021  10:20:35,740333;1,121839E-3
17/11/2021  10:20:35,740833;1,122423E-3
17/11/2021  10:20:35,741333;1,122262E-3
17/11/2021  10:20:35,741833;1,122847E-3
17/11/2021  10:20:35,742333;1,122277E-3
17/11/2021  10:20:35,742833;1,122841E-3
17/11/2021  10:20:35,743333;1,122608E-3
17/11/2021  10:20:35,743833;1,121848E-3
17/11/2021  10:20:35,744333;1,122078E-3
17/11/2021  10:20:35,744833;1,122957E-3
17/11/2021  10:20:35,745333;1,122897E-3
17/11/2021  10:20:35,745833;1,123046E-3
17/11/2021  10:20:35,746333;1,122742E-3
17/11/2021  10:20:35,746833;1,122960E-3
17/11/2021  10:20:35,747333;1,122921E-3
17/11/2021  10:20:35,747833;1,121982E-3
17/11/2021  10:20:35,748333;1,122474E-3
17/11/2021  10:20:35,748833;1,122569E-3
17/11/2021  10:20:35,749333;1,121750E-3
17/11/2021  10:20:35,749833;1,122703E-3
17/11/2021  10:20:35,750333;1,122435E-3
17/11/2021  10:20:35,750833;1,122692E-3
17/11/2021  10:20:35,751333;1,122096E-3
17/11/2021  10:20:35,751833;1,122024E-3
17/11/2021  10:20:35,752333;1,122060E-3
17/11/2021  10:20:35,752833;1,121604E-3
17/11/2021  10:20:35,753333;1,122590E-3
17/11/2021  10:20:35,753833;1,121008E-3
17/11/2021  10:20:35,754333;1,121967E-3
17/11/2021  10:20:35,754833;1,121517E-3
17/11/2021  10:20:35,755333;1,122021E-3
17/11/2021  10:20:35,755833;1,121842E-3
17/11/2021  10:20:35,756333;1,121914E-3
17/11/2021  10:20:35,756833;1,122236E-3
17/11/2021  10:20:35,757333;1,121556E-3
17/11/2021  10:20:35,757833;1,122781E-3
17/11/2021  10:20:35,758333;1,121836E-3
17/11/2021  10:20:35,758833;1,122149E-3
17/11/2021  10:20:35,759333;1,122367E-3
17/11/2021  10:20:35,759833;1,122644E-3
17/11/2021  10:20:35,760333;1,122873E-3
17/11/2021  10:20:35,760833;1,121988E-3
17/11/2021  10:20:35,761333;1,121830E-3
17/11/2021  10:20:35,761833;1,123294E-3
17/11/2021  10:20:35,762333;1,122131E-3
17/11/2021  10:20:35,762833;1,123544E-3
17/11/2021  10:20:35,763333;1,123148E-3
17/11/2021  10:20:35,763833;1,122930E-3
17/11/2021  10:20:35,764333;1,122632E-3
17/11/2021  10:20:35,764833;1,122894E-3
17/11/2021  10:20:35,765333;1,122629E-3
17/11/2021  10:20:35,765833;1,122209E-3
17/11/2021  10:20:35,766333;1,122098E-3
17/11/2021  10:20:35,766833;1,122620E-3
17/11/2021  10:20:35,767333;1,122367E-3
17/11/2021  10:20:35,767833;1,122176E-3
17/11/2021  10:20:35,768333;1,122888E-3
17/11/2021  10:20:35,768833;1,122340E-3
17/11/2021  10:20:35,769333;1,122069E-3
17/11/2021  10:20:35,769833;1,122283E-3
17/11/2021  10:20:35,770333;1,122841E-3
17/11/2021  10:20:35,770833;1,121747E-3
17/11/2021  10:20:35,771333;1,122182E-3
17/11/2021  10:20:35,771833;1,122400E-3
17/11/2021  10:20:35,772333;1,121425E-3
17/11/2021  10:20:35,772833;1,122119E-3
17/11/2021  10:20:35,773333;1,122173E-3
17/11/2021  10:20:35,773833;1,122173E-3
17/11/2021  10:20:35,774333;1,122760E-3
17/11/2021  10:20:35,774833;1,121991E-3
17/11/2021  10:20:35,775333;1,122709E-3
17/11/2021  10:20:35,775833;1,122861E-3
17/11/2021  10:20:35,776333;1,122423E-3
17/11/2021  10:20:35,776833;1,122101E-3
17/11/2021  10:20:35,777333;1,121634E-3
17/11/2021  10:20:35,777833;1,122003E-3
17/11/2021  10:20:35,778333;1,122835E-3
17/11/2021  10:20:35,778833;1,122060E-3
17/11/2021  10:20:35,779333;1,121535E-3
17/11/2021  10:20:35,779833;1,122549E-3
17/11/2021  10:20:35,780333;1,122110E-3
17/11/2021  10:20:35,780833;1,122617E-3
17/11/2021  10:20:35,781333;1,121947E-3
17/11/2021  10:20:35,781833;1,122081E-3
17/11/2021  10:20:35,782333;1,123490E-3
17/11/2021  10:20:35,782833;1,122307E-3
17/11/2021  10:20:35,783333;1,121964E-3
17/11/2021  10:20:35,783833;1,122245E-3
17/11/2021  10:20:35,784333;1,122271E-3
17/11/2021  10:20:35,784833;1,122930E-3
17/11/2021  10:20:35,785333;1,122727E-3
17/11/2021  10:20:35,785833;1,121696E-3
17/11/2021  10:20:35,786333;1,122674E-3
17/11/2021  10:20:35,786833;1,123508E-3
17/11/2021  10:20:35,787333;1,121771E-3
17/11/2021  10:20:35,787833;1,121377E-3
17/11/2021  10:20:35,788333;1,122388E-3
17/11/2021  10:20:35,788833;1,121145E-3
17/11/2021  10:20:35,789333;1,122563E-3
17/11/2021  10:20:35,789833;1,123159E-3
17/11/2021  10:20:35,790333;1,122632E-3
17/11/2021  10:20:35,790833;1,121860E-3
17/11/2021  10:20:35,791333;1,122763E-3
17/11/2021  10:20:35,791833;1,122098E-3
17/11/2021  10:20:35,792333;1,123243E-3
17/11/2021  10:20:35,792833;1,123067E-3
17/11/2021  10:20:35,793333;1,122420E-3
17/11/2021  10:20:35,793833;1,122847E-3
17/11/2021  10:20:35,794333;1,122078E-3
17/11/2021  10:20:35,794833;1,122414E-3
17/11/2021  10:20:35,795333;1,122727E-3
17/11/2021  10:20:35,795833;1,122149E-3
17/11/2021  10:20:35,796333;1,122176E-3
17/11/2021  10:20:35,796833;1,122692E-3
17/11/2021  10:20:35,797333;1,122647E-3
17/11/2021  10:20:35,797833;1,122450E-3
17/11/2021  10:20:35,798333;1,122480E-3
17/11/2021  10:20:35,798833;1,122662E-3
17/11/2021  10:20:35,799333;1,122677E-3
17/11/2021  10:20:35,799833;1,122402E-3
17/11/2021  10:20:35,800333;1,122203E-3
17/11/2021  10:20:35,800833;1,122405E-3
17/11/2021  10:20:35,801333;1,121964E-3
17/11/2021  10:20:35,801833;1,121926E-3
17/11/2021  10:20:35,802333;1,122286E-3
17/11/2021  10:20:35,802833;1,122131E-3
17/11/2021  10:20:35,803333;1,122113E-3
17/11/2021  10:20:35,803833;1,121747E-3
17/11/2021  10:20:35,804333;1,122671E-3
17/11/2021  10:20:35,804833;1,122519E-3
17/11/2021  10:20:35,805333;1,122638E-3
17/11/2021  10:20:35,805833;1,122093E-3
17/11/2021  10:20:35,806333;1,122104E-3
17/11/2021  10:20:35,806833;1,122385E-3
17/11/2021  10:20:35,807333;1,122060E-3
17/11/2021  10:20:35,807833;1,122352E-3
17/11/2021  10:20:35,808333;1,122370E-3
17/11/2021  10:20:35,808833;1,122629E-3
17/11/2021  10:20:35,809333;1,122292E-3
17/11/2021  10:20:35,809833;1,123642E-3
17/11/2021  10:20:35,810333;1,123094E-3
17/11/2021  10:20:35,810833;1,122319E-3
17/11/2021  10:20:35,811333;1,122289E-3
17/11/2021  10:20:35,811833;1,122566E-3
17/11/2021  10:20:35,812333;1,122343E-3
17/11/2021  10:20:35,812833;1,121809E-3
17/11/2021  10:20:35,813333;1,122155E-3
17/11/2021  10:20:35,813833;1,122015E-3
17/11/2021  10:20:35,814333;1,122638E-3
17/11/2021  10:20:35,814833;1,121955E-3
17/11/2021  10:20:35,815333;1,122000E-3
17/11/2021  10:20:35,815833;1,120713E-3
17/11/2021  10:20:35,816333;1,122480E-3
17/11/2021  10:20:35,816833;1,122823E-3
17/11/2021  10:20:35,817333;1,121952E-3
17/11/2021  10:20:35,817833;1,121997E-3
17/11/2021  10:20:35,818333;1,122152E-3
17/11/2021  10:20:35,818833;1,122850E-3
17/11/2021  10:20:35,819333;1,122489E-3
17/11/2021  10:20:35,819833;1,122176E-3
17/11/2021  10:20:35,820333;1,121517E-3
17/11/2021  10:20:35,820833;1,122459E-3
17/11/2021  10:20:35,821333;1,122253E-3
17/11/2021  10:20:35,821833;1,122122E-3
17/11/2021  10:20:35,822333;1,122909E-3
17/11/2021  10:20:35,822833;1,121955E-3
17/11/2021  10:20:35,823333;1,121800E-3
17/11/2021  10:20:35,823833;1,122423E-3
17/11/2021  10:20:35,824333;1,121976E-3
17/11/2021  10:20:35,824833;1,122653E-3
17/11/2021  10:20:35,825333;1,122435E-3
17/11/2021  10:20:35,825833;1,123297E-3
17/11/2021  10:20:35,826333;1,122483E-3
17/11/2021  10:20:35,826833;1,122718E-3
17/11/2021  10:20:35,827333;1,123115E-3
17/11/2021  10:20:35,827833;1,122578E-3
17/11/2021  10:20:35,828333;1,122450E-3
17/11/2021  10:20:35,828833;1,122853E-3
17/11/2021  10:20:35,829333;1,122912E-3
17/11/2021  10:20:35,829833;1,122894E-3
17/11/2021  10:20:35,830333;1,122471E-3
17/11/2021  10:20:35,830833;1,122882E-3
17/11/2021  10:20:35,831333;1,121890E-3
17/11/2021  10:20:35,831833;1,122632E-3
17/11/2021  10:20:35,832333;1,123162E-3
17/11/2021  10:20:35,832833;1,122185E-3
17/11/2021  10:20:35,833333;1,122921E-3
17/11/2021  10:20:35,833833;1,122900E-3
17/11/2021  10:20:35,834333;1,122319E-3
17/11/2021  10:20:35,834833;1,122900E-3
17/11/2021  10:20:35,835333;1,123323E-3
17/11/2021  10:20:35,835833;1,122811E-3
17/11/2021  10:20:35,836333;1,122698E-3
17/11/2021  10:20:35,836833;1,121789E-3
17/11/2021  10:20:35,837333;1,121276E-3
17/11/2021  10:20:35,837833;1,122835E-3
17/11/2021  10:20:35,838333;1,122671E-3
17/11/2021  10:20:35,838833;1,122388E-3
17/11/2021  10:20:35,839333;1,121970E-3
17/11/2021  10:20:35,839833;1,121708E-3
17/11/2021  10:20:35,840333;1,122519E-3
17/11/2021  10:20:35,840833;1,122110E-3
17/11/2021  10:20:35,841333;1,121991E-3
17/11/2021  10:20:35,841833;1,123040E-3
17/11/2021  10:20:35,842333;1,122477E-3
17/11/2021  10:20:35,842833;1,121455E-3
17/11/2021  10:20:35,843333;1,121938E-3
17/11/2021  10:20:35,843833;1,123088E-3
17/11/2021  10:20:35,844333;1,121714E-3
17/11/2021  10:20:35,844833;1,120689E-3
17/11/2021  10:20:35,845333;1,122519E-3
17/11/2021  10:20:35,845833;1,122954E-3
17/11/2021  10:20:35,846333;1,121935E-3
17/11/2021  10:20:35,846833;1,122256E-3
17/11/2021  10:20:35,847333;1,122304E-3
17/11/2021  10:20:35,847833;1,122414E-3
17/11/2021  10:20:35,848333;1,122325E-3
17/11/2021  10:20:35,848833;1,122450E-3
17/11/2021  10:20:35,849333;1,122721E-3
17/11/2021  10:20:35,849833;1,123246E-3
17/11/2021  10:20:35,850333;1,122778E-3
17/11/2021  10:20:35,850833;1,122331E-3
17/11/2021  10:20:35,851333;1,122647E-3
17/11/2021  10:20:35,851833;1,121976E-3
17/11/2021  10:20:35,852333;1,123022E-3
17/11/2021  10:20:35,852833;1,122879E-3
17/11/2021  10:20:35,853333;1,122590E-3
17/11/2021  10:20:35,853833;1,122471E-3
17/11/2021  10:20:35,854333;1,122307E-3
17/11/2021  10:20:35,854833;1,123425E-3
17/11/2021  10:20:35,855333;1,123186E-3
17/11/2021  10:20:35,855833;1,123127E-3
17/11/2021  10:20:35,856333;1,121917E-3
17/11/2021  10:20:35,856833;1,122361E-3
17/11/2021  10:20:35,857333;1,122182E-3
17/11/2021  10:20:35,857833;1,121383E-3
17/11/2021  10:20:35,858333;1,122686E-3
17/11/2021  10:20:35,858833;1,122316E-3
17/11/2021  10:20:35,859333;1,121872E-3
17/11/2021  10:20:35,859833;1,122376E-3
17/11/2021  10:20:35,860333;1,121800E-3
17/11/2021  10:20:35,860833;1,121222E-3
17/11/2021  10:20:35,861333;1,122963E-3
17/11/2021  10:20:35,861833;1,121711E-3
17/11/2021  10:20:35,862333;1,121711E-3
17/11/2021  10:20:35,862833;1,121985E-3
17/11/2021  10:20:35,863333;1,121416E-3
17/11/2021  10:20:35,863833;1,122736E-3
17/11/2021  10:20:35,864333;1,121690E-3
17/11/2021  10:20:35,864833;1,122411E-3
17/11/2021  10:20:35,865333;1,122820E-3
17/11/2021  10:20:35,865833;1,123484E-3
17/11/2021  10:20:35,866333;1,122370E-3
17/11/2021  10:20:35,866833;1,122405E-3
17/11/2021  10:20:35,867333;1,122605E-3
17/11/2021  10:20:35,867833;1,122650E-3
17/11/2021  10:20:35,868333;1,122876E-3
17/11/2021  10:20:35,868833;1,122033E-3
17/11/2021  10:20:35,869333;1,123529E-3
17/11/2021  10:20:35,869833;1,121708E-3
17/11/2021  10:20:35,870333;1,122239E-3
17/11/2021  10:20:35,870833;1,121297E-3
17/11/2021  10:20:35,871333;1,120960E-3
17/11/2021  10:20:35,871833;1,123663E-3
17/11/2021  10:20:35,872333;1,122698E-3
17/11/2021  10:20:35,872833;1,122122E-3
17/11/2021  10:20:35,873333;1,122450E-3
17/11/2021  10:20:35,873833;1,123073E-3
17/11/2021  10:20:35,874333;1,122093E-3
17/11/2021  10:20:35,874833;1,122113E-3
17/11/2021  10:20:35,875333;1,123157E-3
17/11/2021  10:20:35,875833;1,122012E-3
17/11/2021  10:20:35,876333;1,121786E-3
17/11/2021  10:20:35,876833;1,121303E-3
17/11/2021  10:20:35,877333;1,122724E-3
17/11/2021  10:20:35,877833;1,122265E-3
17/11/2021  10:20:35,878333;1,121386E-3
17/11/2021  10:20:35,878833;1,122727E-3
17/11/2021  10:20:35,879333;1,121675E-3
17/11/2021  10:20:35,879833;1,122322E-3
17/11/2021  10:20:35,880333;1,122411E-3
17/11/2021  10:20:35,880833;1,122420E-3
17/11/2021  10:20:35,881333;1,122364E-3
