;0;1;2;3
0;0;0.940721614597785;80;0.940407957615894
1;0;0.940723572948062;80;0.9406650746575342
2;0;0.9407255312983389;80;0.9399797348993288
3;0;0.9407274896486156;80;0.9428253442857143
4;0;0.9407294479988926;80;0.9397934899328859
5;0;0.9407314063491695;80;0.9391394951724138
6;0;0.9407333646994462;80;0.9406070006944445
7;0;0.9407353230497232;80;0.9404257183098591
8;0;0.9407372813999999;80;0.941697609090909
9;0;0.940739239750277;80;0.9400424193333333
10;0;0.9407411981005537;80;0.9397210952380952
11;0;0.9407431564508305;80;0.9392564865384615
12;0;0.9407451148011076;80;0.9403094278911565
13;0;0.9407470731513844;80;0.9421395904761904
14;0;0.9407490315016611;80;0.9389978689655173
15;0;0.9407509898519382;80;0.9404408617021277
16;0;0.9407529482022149;80;0.9415848256944445
17;0;0.9407549065524917;80;0.9391806666666667
18;0;0.9407568649027686;80;0.9388420234899328
19;0;0.9407588232530455;80;0.9408798859060402
20;0;0.9407607816033223;80;0.9407732205298013
21;0;0.9407627399535992;80;0.9394003129251701
22;0;0.9407646983038761;80;0.940800985
23;0;0.9407666566541528;80;0.9419837775
24;0;0.9407686150044297;80;0.9392575127659575
25;0;0.9407705733547066;80;0.9399407952380953
26;0;0.9407725317049834;80;0.938840388028169
27;0;0.9407744900552604;80;0.9390850462068966
28;0;0.9407764484055371;80;0.9397846195945946
29;0;0.940778406755814;80;0.9394421971830986
30;1;0.9485676150729699;80;0.9478234719178082
31;1;0.9485682133120689;80;0.9514878226452905
32;1;0.948568811551168;80;0.9499833693693693
33;1;0.948569409790267;80;0.9493864902173913
34;1;0.948570008029366;80;0.9469840216783216
35;1;0.948570606268465;80;0.9534078345083488
36;1;0.9485712045075639;80;0.9524106313653137
37;1;0.948571802746663;80;0.9481863060721063
38;1;0.9485724009857618;80;0.9512032701275045
39;1;0.948572999224861;80;0.9478659371268657
40;1;0.94857359746396;80;0.9488012414678899
41;1;0.9485741957030589;80;0.9536214754545455
42;1;0.948574793942158;80;0.9480675256074766
43;1;0.948575392181257;80;0.9520662895306858
44;1;0.948575990420356;80;0.9484853382739212
45;1;0.948576588659455;80;0.9499747715909092
46;1;0.9485771868985539;80;0.9460379537391305
47;1;0.948577785137653;80;0.9504622247395833
48;1;0.948578383376752;80;0.9465503779891304
49;1;0.9485789816158511;80;0.9405687047826087
50;1;0.94857957985495;80;0.9469473695906433
51;1;0.9485801780940489;80;0.9490628408854167
52;1;0.948580776333148;80;0.957262508677686
53;1;0.9485813745722468;80;0.9531505619512195
54;1;0.948581972811346;80;0.9459291546558705
55;1;0.948582571050445;80;0.9514216738028168
56;1;0.9485831692895439;80;0.9482337051546391
57;1;0.948583767528643;80;0.9537298909326425
58;1;0.948584365767742;80;0.9500724408510638
59;2;0.9595777235329936;80;0.9582321331034482
60;2;0.9595712113683125;80;0.9577793546666666
61;2;0.9595646992036317;80;0.9582736475524476
62;2;0.9595581870389507;80;0.9581295868965517
63;2;0.9595516748742697;80;0.9589246835616438
64;2;0.9595451627095888;80;0.9577137020833333
65;2;0.9595386505449078;80;0.9579194131034483
66;2;0.9595321383802268;80;0.9579299063829787
67;2;0.959525626215546;80;0.9582397324503311
68;2;0.959519114050865;80;0.9602935737931034
69;2;0.959512601886184;80;0.9579203530201342
70;2;0.9595060897215031;80;0.9588455047945206
71;2;0.9594995775568221;80;0.96105966875
72;2;0.9594930653921411;80;0.9567781627586207
73;2;0.9594865532274603;80;0.9564439503496504
74;2;0.9594800410627792;80;0.9569404095890411
75;2;0.9594735288980984;80;0.9590974326388889
76;2;0.9594670167334175;80;0.9573194181818182
77;2;0.9594605045687364;80;0.9584934805555556
78;2;0.9594539924040556;80;0.95849114
79;2;0.9594474802393745;80;0.95922843125
80;2;0.9594409680746936;80;0.958512155033557
81;2;0.9594344559100125;80;0.9591983035211268
82;2;0.9594279437453318;80;0.9599135080536912
83;2;0.9594214315806506;80;0.960045952027027
84;2;0.9594149194159699;80;0.9574276642384106
85;2;0.9594084072512888;80;0.9580712563758389
86;2;0.9594018950866079;80;0.9588250944444444
87;2;0.9593953829219269;80;0.9593542993103449
88;3;0.9691125300427142;80;0.9690860594855305
89;3;0.9691139607805895;80;0.9699482727642277
90;3;0.969115391518465;80;0.964043261038961
91;3;0.9691168222563404;80;0.9677136778894472
92;3;0.9691182529942158;80;0.9629257774193548
93;3;0.9691196837320912;80;0.9568049897058823
94;3;0.9691211144699667;80;0.9662694390000001
95;3;0.9691225452078421;80;0.9713288682320442
96;3;0.9691239759457176;80;0.9725635121874999
97;3;0.9691254066835929;80;0.9726106252918287
98;3;0.9691268374214684;80;0.9732854158088236
99;3;0.9691282681593438;80;0.9714198170666667
100;3;0.9691296988972192;80;0.9780429975728155
101;3;0.9691311296350946;80;0.9692146426553672
102;3;0.96913256037297;80;0.9651655854219949
103;3;0.9691339911108454;80;0.9692188246231156
104;3;0.9691354218487208;80;0.9683921382075472
105;3;0.9691368525865963;80;0.9677742808219179
106;3;0.9691382833244717;80;0.9758645135678392
107;3;0.9691397140623471;80;0.9694950909090909
108;3;0.9691411448002225;80;0.9608893653266332
109;3;0.9691425755380979;80;0.975053059922179
110;3;0.9691440062759733;80;0.970403172260274
111;3;0.9691454370138487;80;0.9631194351973684
112;3;0.9691468677517241;80;0.9620829319277109
113;3;0.9691482984895996;80;0.9689741255605382
114;3;0.9691497292274749;80;0.9687440585434174
115;3;0.9691511599653504;80;0.9729628337579618
116;3;0.9691525907032258;80;0.9619791369158879
117;4;0.9789375383221484;80;0.9777412689189189
118;4;0.9789406705479511;80;0.9781759033557047
119;4;0.978943802773754;80;0.9766542028169014
120;4;0.978946934999557;80;0.9789374219178082
121;4;0.9789500672253599;80;0.9798790708333334
122;4;0.9789531994511627;80;0.97988095625
123;4;0.9789563316769656;80;0.9797570469798658
124;4;0.9789594639027686;80;0.9774258380952381
125;4;0.9789625961285713;80;0.9770723335616438
126;4;0.9789657283543742;80;0.9795697268456376
127;4;0.9789688605801772;80;0.9763910486666667
128;4;0.9789719928059799;80;0.9788170850340137
129;4;0.9789751250317829;80;0.9759605705479452
130;4;0.9789782572575858;80;0.9761848169014085
131;4;0.9789813894833888;80;0.9775195308219178
132;4;0.9789845217091915;80;0.9778041472972973
133;4;0.9789876539349944;80;0.9797285261744967
134;4;0.9789907861607974;80;0.9786100186666666
135;4;0.9789939183866001;80;0.9777254746666667
136;4;0.978997050612403;80;0.9772710020689656
137;4;0.979000182838206;80;0.9788477655405405
138;4;0.9790033150640087;80;0.976962355704698
139;4;0.9790064472898117;80;0.9763547993103449
140;4;0.9790095795156146;80;0.9793950027586207
141;4;0.9790127117414176;80;0.977052438
142;4;0.9790158439672203;80;0.9788584608391608
143;4;0.9790189761930232;80;0.9791262068965517
144;4;0.979022108418826;80;0.9790302006993007
145;4;0.9790252406446289;80;0.9788402561643835
146;4;0.9790283728704319;80;0.9769556173611111
147;5;0.9961067774467884;80;0.996884224
148;5;0.9961069150015505;80;0.996759761971831
149;5;0.9961070525563124;80;0.9954623289655172
150;5;0.9961071901110742;80;0.9973695703448275
151;5;0.9961073276658361;80;0.9935613619047619
152;5;0.9961074652205979;80;0.9971991482517483
153;5;0.99610760277536;80;0.9948957946308725
154;5;0.9961077403301218;80;0.99308534375
155;5;0.9961078778848836;80;0.995493957615894
156;5;0.9961080154396456;80;0.9959073951724138
157;5;0.9961081529944076;80;0.9938477286713286
158;5;0.9961082905491695;80;0.9958760219178082
159;5;0.9961084281039311;80;0.9944579972027972
160;5;0.9961085656586932;80;0.9984570744827587
161;5;0.996108703213455;80;0.9964187118055555
162;5;0.996108840768217;80;0.9934873191780822
163;5;0.9961089783229787;80;0.9944632451388888
164;5;0.9961091158777408;80;0.9963806952054794
165;5;0.9961092534325027;80;0.9940271288590604
166;5;0.9961093909872647;80;0.995013244520548
167;5;0.9961095285420266;80;0.9958123153846153
168;5;0.9961096660967884;80;0.9964850433566433
169;5;0.9961098036515502;80;0.9969888171232877
170;5;0.9961099412063121;80;0.9927706305555556
171;5;0.9961100787610742;80;0.9944223172413793
172;5;0.9961102163158361;80;0.9944364838028169
173;5;0.9961103538705979;80;0.9938322269503546
174;5;0.9961104914253598;80;0.9941521564285715
175;5;0.9961106289801218;80;0.9965695583892618
176;5;0.9961107665348836;80;0.9946207979865772
177;6;1.0111979409723146;80;1.010359526
178;6;1.0112003814130675;80;1.0095997389261746
179;6;1.0112028218538205;80;1.0082274773972604
180;6;1.0112052622945737;80;1.0117338531034483
181;6;1.0112077027353266;80;1.0090601965753425
182;6;1.0112101431760798;80;1.0119528992907803
183;6;1.0112125836168326;80;1.0096763246478873
184;6;1.0112150240575857;80;1.0101338742857142
185;6;1.0112174644983387;80;1.0085885407142856
186;6;1.011219904939092;80;1.009766416197183
187;6;1.011222345379845;80;1.0102743937931034
188;6;1.011224785820598;80;1.010761747857143
189;6;1.011227226261351;80;1.0108974520547944
190;6;1.0112296667021041;80;1.0113438489795918
191;6;1.0112321071428572;80;1.0120957423611112
192;6;1.0112345475836102;80;1.0087916122448979
193;6;1.0112369880243632;80;1.0089049754966888
194;6;1.0112394284651163;80;1.0131996910958905
195;6;1.0112418689058693;80;1.011565767132867
196;6;1.0112443093466223;80;1.0128964655172414
197;6;1.0112467497873754;80;1.0119151253521126
198;6;1.0112491902281284;80;1.0119145634482758
199;6;1.0112516306688817;80;1.010762012244898
200;6;1.0112540711096345;80;1.0089767950704225
201;6;1.0112565115503875;80;1.0112202909722223
202;6;1.0112589519911406;80;1.0103350809859155
203;6;1.0112613924318936;80;1.0094463493055557
204;6;1.0112638328726469;80;1.0081788917241379
205;6;1.0112662733133997;80;1.008609262328767
206;6;1.011268713754153;80;1.0097895950704225
207;7;1.035716304900905;80;1.0348801806896553
208;7;1.0357173198682552;80;1.0380386992957746
209;7;1.0357183348356056;80;1.0358535191489362
210;7;1.0357193498029555;80;1.036190660839161
211;7;1.035720364770306;80;1.034346
212;7;1.035721379737656;80;1.0363657459459459
213;7;1.0357223947050063;80;1.0348660704225352
214;7;1.0357234096723564;80;1.0349772806666666
215;7;1.0357244246397066;80;1.0326338243055555
216;7;1.035725439607057;80;1.034928361111111
217;7;1.035726454574407;80;1.0336121256944444
218;7;1.0357274695417575;80;1.0319998131944443
219;7;1.0357284845091077;80;1.032836440140845
220;7;1.0357294994764579;80;1.0326698118055555
221;7;1.035730514443808;80;1.0334573274647887
222;7;1.0357315294111582;80;1.0352742440559441
223;7;1.0357325443785084;80;1.0357867013888888
224;7;1.0357335593458585;80;1.0355919826388889
225;7;1.035734574313209;80;1.0370140137931034
226;7;1.035735589280559;80;1.0339786277027028
227;7;1.0357366042479093;80;1.0360379342465753
228;7;1.0357376192152594;80;1.035689102
229;7;1.0357386341826096;80;1.035157958108108
230;7;1.0357396491499598;80;1.0353543666666667
231;7;1.0357406641173101;80;1.0349476875
232;7;1.0357416790846605;80;1.0355865
233;7;1.0357426940520105;80;1.0326897555555556
234;7;1.0357437090193609;80;1.0345953027777777
235;7;1.035744723986711;80;1.0364897613793103
236;8;1.0589036298349943;80;1.0604477
237;8;1.0589013454839424;80;1.0588555862068965
238;8;1.0588990611328903;80;1.0596739862068965
239;8;1.0588967767818382;80;1.0584397702702704
240;8;1.0588944924307861;80;1.0597932040816327
241;8;1.058892208079734;80;1.055852724137931
242;8;1.0588899237286822;80;1.0579829866666666
243;8;1.0588876393776299;80;1.0600761438356165
244;8;1.058885355026578;80;1.0596540805369128
245;8;1.0588830706755261;80;1.0569975945945946
246;8;1.058880786324474;80;1.0569093653333332
247;8;1.058878501973422;80;1.0593929324324325
248;8;1.0588762176223698;80;1.057057698630137
249;8;1.0588739332713177;80;1.0570990896551724
250;8;1.0588716489202656;80;1.0598794413793104
251;8;1.0588693645692135;80;1.0611720476190476
252;8;1.0588670802181614;80;1.0562928133333334
253;8;1.0588647958671096;80;1.057761389261745
254;8;1.0588625115160575;80;1.0603655102040817
255;8;1.0588602271650058;80;1.0578713288590604
256;8;1.0588579428139537;80;1.0599407466666666
257;8;1.0588556584629016;80;1.0574326780821919
258;8;1.0588533741118495;80;1.05621894
259;8;1.0588510897607974;80;1.0561455714285715
260;8;1.0588488054097454;80;1.059901595890411
261;8;1.0588465210586935;80;1.0573695547945205
262;8;1.0588442367076414;80;1.0590950208333334
263;8;1.0588419523565893;80;1.0583820482758621
264;8;1.0588396680055372;80;1.057576275862069
265;8;1.058837383654485;80;1.0598700344827585
266;9;1.0836475227674418;80;1.081950441860465
267;9;1.083648879139535;80;1.083144375
268;9;1.083650235511628;80;1.0824355433070867
269;9;1.083651591883721;80;1.084833
270;9;1.083652948255814;80;1.0806971507936507
271;9;1.083654304627907;80;1.0815614094488188
272;9;1.083655661;80;1.0819394836065575
273;9;1.083657017372093;80;1.082778373015873
274;9;1.0836583737441858;80;1.0813643464566929
275;9;1.0836597301162791;80;1.084038610687023
276;9;1.083661086488372;80;1.0808845307692307
277;9;1.083662442860465;80;1.0848179516129033
278;9;1.0836637992325582;80;1.08106416
279;9;1.0836651556046513;80;1.0812382248062016
280;9;1.0836665119767441;80;1.0807125433070865
281;9;1.0836678683488372;80;1.0846877045454546
282;9;1.0836692247209303;80;1.0832766614173228
283;9;1.0836705810930232;80;1.0819850894308942
284;9;1.0836719374651163;80;1.0827919140625
285;9;1.0836732938372091;80;1.083612811023622
286;9;1.0836746502093024;80;1.0824552900763358
287;9;1.083676006581395;80;1.0834168677685951
288;9;1.0836773629534884;80;1.0835706923076922
289;9;1.0836787193255815;80;1.0821409047619048
290;9;1.0836800756976743;80;1.0808121461538462
291;9;1.0836814320697674;80;1.081053976744186
292;9;1.0836827884418603;80;1.0829602910447762
293;9;1.0836841448139536;80;1.0816844444444444
294;9;1.0836855011860462;80;1.0830589465648854
295;9;1.0836868575581395;80;1.0850082047244094
296;10;1.105225864562951;80;1.1024506511627907
297;10;1.1052292362189255;80;1.1025615615384616
298;10;1.1052326078749;80;1.1038663923076923
299;10;1.1052359795308742;80;1.1057642923076922
300;10;1.1052393511868486;80;1.106219488372093
301;10;1.105242722842823;80;1.1072644881889764
302;10;1.1052460944987972;80;1.10616865625
303;10;1.1052494661547716;80;1.103376728
304;10;1.1052528378107458;80;1.1049275447154472
305;10;1.1052562094667202;80;1.1044003333333334
306;10;1.1052595811226944;80;1.1024803412698412
307;10;1.1052629527786688;80;1.104650409090909
308;10;1.1052663244346435;80;1.1047661937984496
309;10;1.1052696960906174;80;1.1038278217054263
310;10;1.1052730677465918;80;1.1053705692307692
311;10;1.105276439402566;80;1.102624409090909
312;10;1.1052798110585405;80;1.1057491484375
313;10;1.105283182714515;80;1.1034921307692307
314;10;1.1052865543704893;80;1.103388984496124
315;10;1.1052899260264637;80;1.1056395984848484
316;10;1.1052932976824377;80;1.102657609375
317;10;1.105296669338412;80;1.1052742615384616
318;10;1.1053000409943867;80;1.1052230384615385
319;10;1.105303412650361;80;1.1042302671755726
320;10;1.1053067843063353;80;1.105251472868217
321;10;1.1053101559623095;80;1.1041937286821706
322;10;1.1053135276182837;80;1.1047596046511627
323;10;1.1053168992742581;80;1.1031097131782945
324;10;1.1053202709302326;80;1.1034695714285714
325;11;1.1187256268648946;80;1.1177670859375
326;11;1.1187255960221487;80;1.1168820234375
327;11;1.118725565179402;80;1.117884007751938
328;11;1.1187255343366558;80;1.12001475
329;11;1.1187255034939092;80;1.1198370833333333
330;11;1.1187254726511628;80;1.1200683816793893
331;11;1.1187254418084165;80;1.1163470887096774
332;11;1.11872541096567;80;1.1175597862595419
333;11;1.1187253801229238;80;1.1168677
334;11;1.1187253492801772;80;1.1171465877862596
335;11;1.1187253184374308;80;1.1192426666666666
336;11;1.1187252875946845;80;1.1183028125
337;11;1.118725256751938;80;1.118157048
338;11;1.1187252259091915;80;1.1193231060606061
339;11;1.1187251950664452;80;1.1196076904761905
340;11;1.1187251642236988;80;1.1155946124031009
341;11;1.1187251333809525;80;1.1179838897637795
342;11;1.118725102538206;80;1.117590671875
343;11;1.1187250716954595;80;1.1154672222222222
344;11;1.1187250408527132;80;1.1169576484375
345;11;1.1187250100099666;80;1.1176183333333334
346;11;1.1187249791672205;80;1.118457
347;11;1.118724948324474;80;1.118270408
348;11;1.1187249174817275;80;1.1181079523809523
349;11;1.1187248866389812;80;1.1174620390625
350;11;1.1187248557962346;80;1.1170974307692307
351;11;1.1187248249534882;80;1.118215380952381
352;11;1.1187247941107419;80;1.117408456
353;11;1.1187247632679955;80;1.1185016692913385
354;11;1.1187247324252492;80;1.1184803937007874
355;12;1.1352526293573149;80;1.1330919112903226
356;12;1.1352579620534997;80;1.1352053951612904
357;12;1.1352632947496848;80;1.132809888
358;12;1.13526862744587;80;1.135620984
359;12;1.1352739601420554;80;1.1347688203125
360;12;1.1352792928382403;80;1.1342853015873016
361;12;1.1352846255344256;80;1.1370162460317461
362;12;1.1352899582306106;80;1.1361168294573643
363;12;1.1352952909267957;80;1.1350322945736435
364;12;1.1353006236229808;80;1.1339833015873015
365;12;1.1353059563191659;80;1.1349526434108528
366;12;1.135311289015351;80;1.1375879527559054
367;12;1.135316621711536;80;1.134686552
368;12;1.1353219544077213;80;1.1348330952380952
369;12;1.1353272871039064;80;1.13588975
370;12;1.1353326198000915;80;1.1347555483870968
371;12;1.1353379524962766;80;1.134322921875
372;12;1.1353432851924619;80;1.13550309375
373;12;1.135348617888647;80;1.1336709285714286
374;12;1.135353950584832;80;1.1350544126984128
375;12;1.135359283281017;80;1.1357251484375
376;12;1.1353646159772024;80;1.1349723937007874
377;12;1.1353699486733875;80;1.134897796875
378;12;1.1353752813695726;80;1.1354578828125
379;12;1.1353806140657576;80;1.1354
380;12;1.1353859467619427;80;1.13412959375
381;12;1.135391279458128;80;1.1360226976744185
382;12;1.1353966121543133;80;1.134562584
383;12;1.1354019448504982;80;1.134949472
384;13;1.1515318921354107;80;1.1501395403225807
385;13;1.1515350633738113;80;1.1506768333333333
386;13;1.1515382346122123;80;1.151394423076923
387;13;1.151541405850613;80;1.1504601338582676
388;13;1.1515445770890136;80;1.1511413671875
389;13;1.1515477483274146;80;1.1515404173228347
390;13;1.1515509195658151;80;1.150321692913386
391;13;1.1515540908042157;80;1.15136415625
392;13;1.1515572620426167;80;1.1484980852713178
393;13;1.1515604332810174;80;1.1505787519379844
394;13;1.151563604519418;80;1.150467776923077
395;13;1.1515667757578187;80;1.1508394173228347
396;13;1.1515699469962195;80;1.1501715846153846
397;13;1.15157311823462;80;1.1514188062015505
398;13;1.151576289473021;80;1.1507190078740157
399;13;1.151579460711422;80;1.151506085271318
400;13;1.1515826319498226;80;1.1510748818897638
401;13;1.1515858031882233;80;1.1495103798449613
402;13;1.1515889744266241;80;1.149939937007874
403;13;1.1515921456650247;80;1.1501442403100774
404;13;1.1515953169034254;80;1.1509960708661418
405;13;1.1515984881418262;80;1.1501142868217054
406;13;1.1516016593802267;80;1.1508553046875
407;13;1.1516048306186275;80;1.1521166589147287
408;13;1.1516080018570283;80;1.149931265625
409;13;1.1516111730954288;80;1.1507148503937008
410;13;1.1516143443338298;80;1.1511936484375
411;13;1.1516175155722306;80;1.1520550390625
412;13;1.1516206868106313;80;1.150655776923077
413;14;1.1670564891600221;80;1.1684505658914728
414;14;1.1670568310110743;80;1.1666086746031745
415;14;1.1670571728621262;80;1.1663773953488372
416;14;1.167057514713178;80;1.16648496124031
417;14;1.1670578565642304;80;1.16707103125
418;14;1.1670581984152824;80;1.1691519842519684
419;14;1.1670585402663345;80;1.1641656615384615
420;14;1.1670588821173866;80;1.1654626692307692
421;14;1.1670592239684388;80;1.167116125984252
422;14;1.1670595658194904;80;1.166611409448819
423;14;1.1670599076705426;80;1.1661029921259842
424;14;1.1670602495215947;80;1.16837653125
425;14;1.1670605913726468;80;1.1666121984126985
426;14;1.1670609332236985;80;1.1671053253968253
427;14;1.1670612750747509;80;1.16608278125
428;14;1.1670616169258028;80;1.165649712
429;14;1.167061958776855;80;1.1670907906976744
430;14;1.167062300627907;80;1.1669824803149607
431;14;1.1670626424789592;80;1.1664899296875
432;14;1.1670629843300109;80;1.1669469379844961
433;14;1.1670633261810632;80;1.1665906846153846
434;14;1.1670636680321151;80;1.1675674453125
435;14;1.1670640098831673;80;1.1661007777777779
436;14;1.1670643517342194;80;1.1653776904761906
437;14;1.1670646935852713;80;1.1667697829457364
438;14;1.1670650354363232;80;1.1663660078125
439;14;1.1670653772873756;80;1.167498608
440;14;1.1670657191384275;80;1.1645601181102363
441;14;1.1670660609894796;80;1.167933403100775
442;14;1.1670664028405315;80;1.1664805384615384
443;15;1.1795063622209303;80;1.1809054666666667
444;15;1.179515016435216;80;1.1792104666666667
445;15;1.1795236706495018;80;1.1811855588235294
446;15;1.1795323248637872;80;1.1824029904761906
447;15;1.1795409790780729;80;1.1752836285714285
448;15;1.1795496332923587;80;1.1743445523809524
449;15;1.1795582875066444;80;1.1791047333333333
450;15;1.1795669417209302;80;1.1750735333333333
451;15;1.1795755959352159;80;1.1743780285714285
452;15;1.1795842501495015;80;1.175603438095238
453;15;1.1795929043637874;80;1.1825971346153845
454;15;1.179601558578073;80;1.173947657142857
455;15;1.1796102127923587;80;1.1757622952380953
456;15;1.1796188670066445;80;1.1736630095238094
457;15;1.17962752122093;80;1.1783650096153846
458;15;1.179636175435216;80;1.1808705523809524
459;15;1.1796448296495015;80;1.1793367333333333
460;15;1.1796534838637875;80;1.1761378285714286
461;15;1.1796621380780727;80;1.1828098095238095
462;15;1.1796707922923588;80;1.178217096153846
463;15;1.1796794465066442;80;1.1913639333333332
464;15;1.17968810072093;80;1.1781493523809523
465;15;1.1796967549352158;80;1.1839298823529412
466;15;1.1797054091495016;80;1.175935274509804
467;15;1.1797140633637875;80;1.1788278857142858
468;15;1.1797227175780731;80;1.1831291428571429
469;15;1.1797313717923585;80;1.1778859622641509
470;15;1.1797400260066444;80;1.1836362
471;15;1.1797486802209298;80;1.1794111047619047
472;15;1.179757334435216;80;1.1810339047619047
473;16;1.195252342162791;80;1.194872980392157
474;16;1.1952573668172757;80;1.1920395904761905
475;16;1.1952623914717608;80;1.1967978155339807
476;16;1.1952674161262458;80;1.207172
477;16;1.195272440780731;80;1.190878548076923
478;16;1.195277465435216;80;1.195682686868687
479;16;1.195282490089701;80;1.1951232621359222
480;16;1.195287514744186;80;1.1952681809523809
481;16;1.1952925393986713;80;1.193731219047619
482;16;1.1952975640531562;80;1.1922371287128712
483;16;1.1953025887076412;80;1.1915545904761904
484;16;1.195307613362126;80;1.1919274455445545
485;16;1.1953126380166113;80;1.189638320754717
486;16;1.1953176626710964;80;1.20399988
487;16;1.1953226873255813;80;1.1977120857142858
488;16;1.1953277119800663;80;1.1967419238095238
489;16;1.1953327366345514;80;1.1934335142857142
490;16;1.1953377612890366;80;1.1988050476190477
491;16;1.1953427859435215;80;1.1915158514851485
492;16;1.1953478105980067;80;1.1901336476190476
493;16;1.1953528352524918;80;1.19436901010101
494;16;1.1953578599069767;80;1.1926937904761905
495;16;1.195362884561462;80;1.1990587524752476
496;16;1.195367909215947;80;1.1887330285714286
497;16;1.195372933870432;80;1.1905179313725491
498;16;1.195377958524917;80;1.1996715377358491
499;16;1.1953829831794018;80;1.194151451923077
500;16;1.1953880078338872;80;1.1977640285714286
501;16;1.1953930324883721;80;1.1985015607476635
502;16;1.195398057142857;80;1.1876838217821781
503;17;1.210844988503876;80;1.2135255714285713
504;17;1.210852434815061;80;1.2041109700000001
505;17;1.2108598811262459;80;1.2148161509433961
506;17;1.210867327437431;80;1.2060934803921568
507;17;1.2108747737486159;80;1.2186750490196079
508;17;1.2108822200598006;80;1.2174657254901962
509;17;1.2108896663709856;80;1.2139951442307693
510;17;1.2108971126821708;80;1.20602073
511;17;1.2109045589933558;80;1.2052511346153847
512;17;1.2109120053045404;80;1.2169671584158417
513;17;1.2109194516157256;80;1.2043775612244898
514;17;1.2109268979269103;80;1.208464761904762
515;17;1.2109343442380955;80;1.210522619047619
516;17;1.2109417905492803;80;1.2081247142857143
517;17;1.210949236860465;80;1.215161419047619
518;17;1.21095668317165;80;1.2100746571428571
519;17;1.2109641294828353;80;1.213909216981132
520;17;1.2109715757940198;80;1.2149684952380952
521;17;1.2109790221052048;80;1.2094676476190476
522;17;1.21098646841639;80;1.209621588235294
523;17;1.2109939147275748;80;1.20786371875
524;17;1.2110013610387598;80;1.2076798095238095
525;17;1.2110088073499448;80;1.209804693069307
526;17;1.2110162536611295;80;1.21640443
527;17;1.2110236999723145;80;1.214936742857143
528;17;1.2110311462834997;80;1.214547657142857
529;17;1.2110385925946843;80;1.2128072830188679
530;17;1.211046038905869;80;1.21288325
531;17;1.2110534852170545;80;1.2075571287128712
532;17;1.2110609315282392;80;1.2118789207920793
533;18;1.2235646764721044;80;1.2238585537974684
534;18;1.2235641828611525;80;1.2207979674556213
535;18;1.2235636892502002;80;1.2401735728643215
536;18;1.2235631956392485;80;1.2115079893238434
537;18;1.2235627020282964;80;1.223883959409594
538;18;1.2235622084173448;80;1.2395029497487438
539;18;1.2235617148063924;80;1.2303339535603715
540;18;1.22356122119544;80;1.226394256281407
541;18;1.2235607275844884;80;1.221917447236181
542;18;1.2235602339735363;80;1.2199384824120603
543;18;1.2235597403625846;80;1.2252003954545454
544;18;1.2235592467516323;80;1.2289874726027397
545;18;1.2235587531406804;80;1.2372131306532663
546;18;1.2235582595297285;80;1.2269462652439025
547;18;1.2235577659187762;80;1.2278906225680934
548;18;1.2235572723078245;80;1.2234588326693228
549;18;1.2235567786968724;80;1.2198309095477387
550;18;1.2235562850859205;80;1.2302774572864321
551;18;1.2235557914749686;80;1.2435349648241205
552;18;1.2235552978640165;80;1.2448304874371858
553;18;1.2235548042530642;80;1.2356738190954775
554;18;1.2235543106421125;80;1.2317626834862385
555;18;1.2235538170311604;80;1.243556135678392
556;18;1.2235533234202087;80;1.221402621451104
557;18;1.2235528298092566;80;1.2280880172413793
558;18;1.2235523361983043;80;1.2322098545454545
559;18;1.2235518425873524;80;1.2426861105527638
560;18;1.2235513489764003;80;1.2223715187969926
561;18;1.2235508553654486;80;1.2116209552715655
562;19;1.2289597006300836;80;1.2531475955555555
563;19;1.2289607624894032;80;1.2359690253968254
564;19;1.2289618243487228;80;1.219134623115578
565;19;1.2289628862080422;80;1.2322655692771085
566;19;1.2289639480673618;80;1.2458342166666667
567;19;1.2289650099266813;80;1.2230305418181817
568;19;1.2289660717860007;80;1.2453820351758793
569;19;1.22896713364532;80;1.2304194006309148
570;19;1.2289681955046399;80;1.2255566683417085
571;19;1.2289692573639595;80;1.2477656381909548
572;19;1.2289703192232786;80;1.24654483919598
573;19;1.2289713810825984;80;1.2385303869346733
574;19;1.228972442941918;80;1.2095713063063063
575;19;1.2289735048012371;80;1.2420981557788944
576;19;1.228974566660557;80;1.226769783919598
577;19;1.2289756285198765;80;1.2257259095477386
578;19;1.2289766903791957;80;1.22830908
579;19;1.2289777522385155;80;1.2330748542713568
580;19;1.2289788140978348;80;1.2199015882352942
581;19;1.2289798759571544;80;1.2382618140703519
582;19;1.228980937816474;80;1.2352064371859297
583;19;1.2289819996757934;80;1.219573785
584;19;1.228983061535113;80;1.2349548497652583
585;19;1.2289841233944323;80;1.2334953316582915
586;19;1.2289851852537519;80;1.23280047
587;19;1.2289862471130715;80;1.2281816902654867
588;19;1.2289873089723908;80;1.2325538167202572
589;19;1.2289883708317104;80;1.2271870199004975
590;19;1.22898943269103;80;1.2278505379310345
591;20;0.940864519781762;45;0.9407705717171717
592;20;0.9408668326964141;45;0.9410244044444445
593;20;0.9408691456110665;45;0.9400830161290322
594;20;0.940871458525719;45;0.94129951125
595;20;0.9408737714403711;45;0.9409267552941176
596;20;0.9408760843550233;45;0.9409383708860759
597;20;0.9408783972696758;45;0.9404037477777778
598;20;0.9408807101843281;45;0.94021584875
599;20;0.9408830230989803;45;0.9406213962025316
600;20;0.9408853360136327;45;0.9406222417721519
601;20;0.940887648928285;45;0.9408483295454545
602;20;0.9408899618429374;45;0.9405993873417722
603;20;0.9408922747575896;45;0.9406359223529411
604;20;0.9408945876722419;45;0.9410963658227848
605;20;0.9408969005868943;45;0.9408668911392405
606;20;0.9408992135015465;45;0.9406884303797468
607;20;0.9409015264161988;45;0.940763964556962
608;20;0.9409038393308512;45;0.9402952962025316
609;20;0.9409061522455034;45;0.9407922239130435
610;20;0.9409084651601557;45;0.9398875329113924
611;20;0.9409107780748082;45;0.9408280240506329
612;20;0.9409130909894604;45;0.9409502215189873
613;20;0.9409154039041128;45;0.9402473240506329
614;20;0.940917716818765;45;0.9401559202531645
615;20;0.9409200297334174;45;0.940115608433735
616;20;0.9409223426480697;45;0.9405690212121212
617;20;0.9409246555627221;45;0.9400632926829269
618;20;0.9409269684773742;45;0.9404092147727273
619;20;0.9409292813920266;45;0.9404602835443038
620;21;0.9487931666925764;45;0.9479938285714286
621;21;0.9487911118635582;45;0.947919924137931
622;21;0.9487890570345401;45;0.9481878706521739
623;21;0.9487870022055219;45;0.9483622278481013
624;21;0.9487849473765035;45;0.9483653719512195
625;21;0.9487828925474854;45;0.948165093939394
626;21;0.9487808377184672;45;0.9476854417721519
627;21;0.9487787828894488;45;0.9483026161616162
628;21;0.9487767280604308;45;0.9484580544303798
629;21;0.9487746732314124;45;0.9477992531645569
630;21;0.9487726184023942;45;0.948524075
631;21;0.9487705635733761;45;0.9487550405063291
632;21;0.9487685087443579;45;0.94871668875
633;21;0.9487664539153396;45;0.9483417050632912
634;21;0.9487643990863215;45;0.9478879041666667
635;21;0.9487623442573032;45;0.9486727785714286
636;21;0.9487602894282849;45;0.9480963
637;21;0.9487582345992669;45;0.9488811443298969
638;21;0.9487561797702485;45;0.9484381011904762
639;21;0.9487541249412303;45;0.9488458949367089
640;21;0.9487520701122121;45;0.9482581278481013
641;21;0.9487500152831939;45;0.9484697683544304
642;21;0.9487479604541758;45;0.9492297139240506
643;21;0.9487459056251576;45;0.9480369569620253
644;21;0.9487438507961393;45;0.9482144772151899
645;21;0.9487417959671212;45;0.9482343722222222
646;21;0.9487397411381028;45;0.948561981443299
647;21;0.9487376863090847;45;0.9483191037974683
648;21;0.9487356314800665;45;0.9481359867346939
649;22;0.9605167814208958;45;0.9599316974683544
650;22;0.9605164970627219;45;0.9594815949367088
651;22;0.960516212704548;45;0.9606236392405063
652;22;0.960515928346374;45;0.959308629113924
653;22;0.9605156439882002;45;0.9601242383838384
654;22;0.9605153596300264;45;0.9584953586206897
655;22;0.9605150752718523;45;0.9613861341772152
656;22;0.9605147909136785;45;0.9591790448275862
657;22;0.9605145065555046;45;0.9599981040404041
658;22;0.9605142221973307;45;0.960824370652174
659;22;0.9605139378391567;45;0.9598214139240506
660;22;0.9605136534809829;45;0.9602509681818182
661;22;0.960513369122809;45;0.9598252329268293
662;22;0.960513084764635;45;0.9598313556962026
663;22;0.9605128004064613;45;0.9595314583333333
664;22;0.9605125160482872;45;0.9596887126582279
665;22;0.9605122316901132;45;0.960215364556962
666;22;0.9605119473319395;45;0.9611022063291139
667;22;0.9605116629737656;45;0.9596534073684211
668;22;0.9605113786155919;45;0.9593356101265823
669;22;0.9605110942574178;45;0.9599087337209302
670;22;0.9605108098992439;45;0.9603974746835443
671;22;0.96051052554107;45;0.9595138392405064
672;22;0.9605102411828962;45;0.9600483683544304
673;22;0.9605099568247221;45;0.9594288164556962
674;22;0.9605096724665483;45;0.96016236
675;22;0.9605093881083744;45;0.96079775125
676;22;0.9605091037502004;45;0.9598730161616161
677;22;0.9605088193920266;45;0.9600340787878788
678;23;0.9672564106100928;45;0.9668842886075949
679;23;0.9672615728098867;45;0.9666631784810127
680;23;0.9672667350096803;45;0.9666551658227848
681;23;0.9672718972094742;45;0.9668747912087912
682;23;0.967277059409268;45;0.9665368265822785
683;23;0.9672822216090619;45;0.9669848253164557
684;23;0.9672873838088556;45;0.967424793939394
685;23;0.9672925460086493;45;0.9676586053763441
686;23;0.9672977082084432;45;0.9671599607594936
687;23;0.967302870408237;45;0.9664744189873418
688;23;0.9673080326080306;45;0.9674546987341772
689;23;0.9673131948078244;45;0.9665994658227848
690;23;0.9673183570076183;45;0.9670052460674158
691;23;0.9673235192074121;45;0.9673951767441861
692;23;0.9673286814072058;45;0.9664156696629214
693;23;0.9673338436069997;45;0.9666747326086956
694;23;0.9673390058067934;45;0.9664444734177216
695;23;0.9673441680065873;45;0.9673345443037975
696;23;0.9673493302063809;45;0.9667486151898734
697;23;0.9673544924061748;45;0.966829835443038
698;23;0.9673596546059686;45;0.9666290075949368
699;23;0.9673648168057625;45;0.9670753139240507
700;23;0.9673699790055562;45;0.9667263379746835
701;23;0.96737514120535;45;0.9668420253164557
702;23;0.9673803034051438;45;0.9669786734177215
703;23;0.9673854656049377;45;0.9676237329113924
704;23;0.9673906278047313;45;0.9668648777777777
705;23;0.9673957900045251;45;0.9669495696202531
706;23;0.967400952204319;45;0.9668296443037975
707;24;0.98153383819882;45;0.9813998493670886
708;24;0.9815288528262115;45;0.9815578767676768
709;24;0.9815238674536029;45;0.9806643977011494
710;24;0.9815188820809945;45;0.9817704734177215
711;24;0.981513896708386;45;0.980866835443038
712;24;0.9815089113357773;45;0.9807489261904762
713;24;0.9815039259631687;45;0.9812037853658536
714;24;0.9814989405905604;45;0.9807032757575758
715;24;0.9814939552179516;45;0.9814103202531645
716;24;0.9814889698453432;45;0.9803907670886076
717;24;0.9814839844727347;45;0.9805863974683544
718;24;0.981478999100126;45;0.9806166240506329
719;24;0.9814740137275175;45;0.980851504494382
720;24;0.9814690283549089;45;0.9815886350515464
721;24;0.9814640429823005;45;0.9811517506329114
722;24;0.9814590576096918;45;0.9811148607594937
723;24;0.9814540722370834;45;0.9809786683544304
724;24;0.9814490868644747;45;0.9820911464646465
725;24;0.9814441014918662;45;0.9800734253164557
726;24;0.9814391161192578;45;0.9811295734177216
727;24;0.9814341307466492;45;0.9816244493670886
728;24;0.9814291453740405;45;0.980092070886076
729;24;0.9814241600014321;45;0.9808491063291139
730;24;0.9814191746288234;45;0.9803413012658228
731;24;0.9814141892562149;45;0.9818832816091954
732;24;0.9814092038836065;45;0.9805941443037974
733;24;0.9814042185109979;45;0.9810408835294118
734;24;0.9813992331383892;45;0.9809969636363637
735;24;0.9813942477657808;45;0.9809542364705882
736;25;0.9902699540217665;45;0.9909148924050633
737;25;0.9902783523475197;45;0.9896922227848102
738;25;0.9902867506732731;45;0.9895140329113924
739;25;0.9902951489990264;45;0.9893910434782609
740;25;0.9903035473247793;45;0.9897332949367088
741;25;0.9903119456505327;45;0.9904295304878049
742;25;0.9903203439762861;45;0.989756640506329
743;25;0.9903287423020393;45;0.989123015
744;25;0.9903371406277924;45;0.9904529272727273
745;25;0.9903455389535457;45;0.9895997426829268
746;25;0.9903539372792989;45;0.990146617721519
747;25;0.990362335605052;45;0.9899948785714285
748;25;0.9903707339308054;45;0.9900629858585859
749;25;0.9903791322565588;45;0.9894790656565656
750;25;0.9903875305823119;45;0.9900183927710844
751;25;0.990395928908065;45;0.9897709202380952
752;25;0.9904043272338182;45;0.9901768317647058
753;25;0.9904127255595716;45;0.9906797506329114
754;25;0.9904211238853248;45;0.9893952746835443
755;25;0.9904295222110782;45;0.9894068768421053
756;25;0.9904379205368312;45;0.9897477759493671
757;25;0.9904463188625844;45;0.9895545816091954
758;25;0.9904547171883378;45;0.9893074040404041
759;25;0.9904631155140909;45;0.9898698772151898
760;25;0.9904715138398441;45;0.9893349922222222
761;25;0.9904799121655975;45;0.9897182506329114
762;25;0.9904883104913506;45;0.9899011303797468
763;25;0.9904967088171039;45;0.9896241873684211
764;25;0.9905051071428571;45;0.9896127544303798
765;26;1.0063620591533968;45;1.0053876464646465
766;26;1.0063611196190858;45;1.0059669683544303
767;26;1.006360180084775;45;1.0052047721518989
768;26;1.006359240550464;45;1.0061280506329113
769;26;1.0063583010161532;45;1.00657635
770;26;1.0063573614818422;45;1.0061459797979797
771;26;1.0063564219475312;45;1.005488475
772;26;1.0063554824132204;45;1.0052411727272728
773;26;1.0063545428789094;45;1.0059952625
774;26;1.0063536033445983;45;1.0058969367088608
775;26;1.0063526638102873;45;1.005566562244898
776;26;1.0063517242759767;45;1.006070278021978
777;26;1.0063507847416657;45;1.005758719512195
778;26;1.0063498452073547;45;1.0061205454545454
779;26;1.006348905673044;45;1.0054458977272727
780;26;1.0063479661387331;45;1.0060136153061225
781;26;1.006347026604422;45;1.0058064945054945
782;26;1.006346087070111;45;1.0057662
783;26;1.0063451475358;45;1.005897
784;26;1.0063442080014893;45;1.0054297585858585
785;26;1.0063432684671785;45;1.0061602588235294
786;26;1.0063423289328677;45;1.0061488488372092
787;26;1.0063413893985567;45;1.005732911392405
788;26;1.0063404498642459;45;1.0058190957446809
789;26;1.0063395103299348;45;1.0060277575757577
790;26;1.0063385707956238;45;1.0060214725274725
791;26;1.0063376312613128;45;1.0056721034482758
792;26;1.006336691727002;45;1.0056528282828283
793;26;1.006335752192691;45;1.0067343670886075
794;27;1.0199578424269677;45;1.019940036585366
795;27;1.019963538441975;45;1.0197098977272727
796;27;1.0199692344569826;45;1.0194827721518986
797;27;1.01997493047199;45;1.01938925
798;27;1.0199806264869975;45;1.0196915757575757
799;27;1.0199863225020047;45;1.0193888101265822
800;27;1.0199920185170124;45;1.0196570886075949
801;27;1.0199977145320198;45;1.0197913164556962
802;27;1.0200034105470273;45;1.0195783827160494
803;27;1.0200091065620347;45;1.0194595569620253
804;27;1.020014802577042;45;1.0192703218390804
805;27;1.0200204985920496;45;1.0199044303797469
806;27;1.020026194607057;45;1.0195471333333332
807;27;1.0200318906220645;45;1.0201766075949368
808;27;1.020037586637072;45;1.0192566666666667
809;27;1.0200432826520793;45;1.019606947368421
810;27;1.0200489786670868;45;1.0198843291139241
811;27;1.0200546746820942;45;1.0198114024390244
812;27;1.0200603706971016;45;1.019963
813;27;1.0200660667121089;45;1.0202010202020202
814;27;1.0200717627271167;45;1.019629688172043
815;27;1.020077458742124;45;1.0200164691358025
816;27;1.0200831547571314;45;1.0190935443037974
817;27;1.0200888507721388;45;1.01963425
818;27;1.0200945467871465;45;1.0194972658227848
819;27;1.0201002428021537;45;1.018983
820;27;1.0201059388171612;45;1.0195709397590362
821;27;1.0201116348321686;45;1.0195044623655913
822;27;1.020117330847176;45;1.019453675
823;28;1.0543680823295911;45;1.0544057974683545
824;28;1.0543678242937335;45;1.0542978023255813
825;28;1.054367566257876;45;1.0542995
826;28;1.0543673082220184;45;1.0541362323232324
827;28;1.054367050186161;45;1.0539201860465117
828;28;1.0543667921503037;45;1.053502430379747
829;28;1.0543665341144461;45;1.054034759493671
830;28;1.0543662760785886;45;1.0535832365591398
831;28;1.054366018042731;45;1.0538436455696203
832;28;1.0543657600068737;45;1.053322584269663
833;28;1.0543655019710163;45;1.053859707070707
834;28;1.0543652439351585;45;1.0537203164556963
835;28;1.0543649858993012;45;1.0539369367088607
836;28;1.0543647278634436;45;1.0537685806451613
837;28;1.0543644698275862;45;1.0536148602150537
838;28;1.054364211791729;45;1.0533380909090908
839;28;1.0543639537558713;45;1.0535388686868687
840;28;1.0543636957200138;45;1.0545318860759494
841;28;1.0543634376841562;45;1.0527667468354431
842;28;1.0543631796482986;45;1.053701316455696
843;28;1.0543629216124415;45;1.0544661578947367
844;28;1.054362663576584;45;1.0542377878787879
845;28;1.0543624055407264;45;1.0546180253164557
846;28;1.0543621475048688;45;1.0542078987341772
847;28;1.0543618894690114;45;1.0536692784810127
848;28;1.054361631433154;45;1.0537537974683544
849;28;1.0543613733972963;45;1.054130090909091
850;28;1.054361115361439;45;1.0537662424242424
851;28;1.0543608573255814;45;1.0540670215053765
852;29;1.0712109952720814;45;1.0714354810126583
853;29;1.071214043235193;45;1.0705867903225808
854;29;1.0712170911983045;45;1.0709037974683544
855;29;1.0712201391614158;45;1.070835275362319
856;29;1.0712231871245272;45;1.071109881355932
857;29;1.0712262350876387;45;1.0707597966101694
858;29;1.0712292830507504;45;1.0709353544303797
859;29;1.0712323310138618;45;1.0710640886075948
860;29;1.0712353789769733;45;1.0707710666666668
861;29;1.0712384269400845;45;1.0714992266666667
862;29;1.0712414749031962;45;1.0714173559322033
863;29;1.0712445228663077;45;1.0712933529411766
864;29;1.0712475708294191;45;1.071061880597015
865;29;1.0712506187925308;45;1.0712684833333332
866;29;1.071253666755642;45;1.0706904029850746
867;29;1.0712567147187537;45;1.0710469322033898
868;29;1.0712597626818652;45;1.0705285696202531
869;29;1.0712628106449766;45;1.0712037391304348
870;29;1.0712658586080879;45;1.0710416202531645
871;29;1.0712689065711993;45;1.070179072463768
872;29;1.071271954534311;45;1.0706228918918919
873;29;1.0712750024974225;45;1.0707790655737706
874;29;1.071278050460534;45;1.0705736184210526
875;29;1.0712810984236454;45;1.0703275254237288
876;29;1.0712841463867568;45;1.070661876923077
877;29;1.0712871943498683;45;1.0704994262295082
878;29;1.0712902423129798;45;1.0712703076923078
879;29;1.0712932902760912;45;1.0702058405797101
880;29;1.0712963382392027;45;1.0707010694444445
881;30;1.084571799674075;45;1.0839760886075949
882;30;1.0845709250458242;45;1.0840574050632912
883;30;1.0845700504175735;45;1.0838840886075949
884;30;1.084569175789323;45;1.0845106923076924
885;30;1.084568301161072;45;1.0843149726027397
886;30;1.0845674265328218;45;1.085081506329114
887;30;1.084566551904571;45;1.083345861111111
888;30;1.0845656772763204;45;1.083921164556962
889;30;1.0845648026480696;45;1.0843100632911393
890;30;1.0845639280198192;45;1.0846581176470589
891;30;1.0845630533915682;45;1.0841618860759494
892;30;1.0845621787633175;45;1.084063579710145
893;30;1.0845613041350668;45;1.084120253164557
894;30;1.0845604295068165;45;1.084386417721519
895;30;1.0845595548785658;45;1.083770417721519
896;30;1.084558680250315;45;1.0837998101265822
897;30;1.0845578056220642;45;1.0839296329113923
898;30;1.0845569309938135;45;1.084030075949367
899;30;1.084556056365563;45;1.084038759493671
900;30;1.0845551817373122;45;1.0845683924050633
901;30;1.0845543071090618;45;1.0838487721518988
902;30;1.084553432480811;45;1.0850022820512821
903;30;1.0845525578525606;45;1.0847185316455696
904;30;1.0845516832243096;45;1.0841928360655737
905;30;1.0845508085960591;45;1.0842867088607595
906;30;1.0845499339678082;45;1.0839305753424657
907;30;1.0845490593395577;45;1.0843577594936709
908;30;1.084548184711307;45;1.0848686753246752
909;30;1.0845473100830565;45;1.0837535443037976
910;31;1.1032089531824951;45;1.1030542151898735
911;31;1.103203545351701;45;1.1021919677419354
912;31;1.1031981375209072;45;1.1023347540983606
913;31;1.1031927296901134;45;1.1020916056338028
914;31;1.1031873218593196;45;1.1024197605633803
915;31;1.1031819140285255;45;1.1027351012658229
916;31;1.1031765061977317;45;1.1024489506172839
917;31;1.1031710983669376;45;1.102994582278481
918;31;1.1031656905361438;45;1.103042
919;31;1.1031602827053502;45;1.1028747848101266
920;31;1.103154874874556;45;1.1029400126582278
921;31;1.1031494670437623;45;1.1025998481012658
922;31;1.1031440592129682;45;1.1031073037974684
923;31;1.1031386513821744;45;1.1027158860759494
924;31;1.1031332435513805;45;1.1022778493150684
925;31;1.1031278357205867;45;1.1027756202531647
926;31;1.1031224278897929;45;1.1032797974683544
927;31;1.1031170200589988;45;1.1033922409638555
928;31;1.103111612228205;45;1.1023569746835442
929;31;1.103106204397411;45;1.1031040253164557
930;31;1.103100796566617;45;1.1023977468354431
931;31;1.103095388735823;45;1.10220815
932;31;1.1030899809050294;45;1.1028355696202532
933;31;1.1030845730742356;45;1.1024097341772152
934;31;1.1030791652434415;45;1.10284656
935;31;1.1030737574126475;45;1.1025918125
936;31;1.1030683495818534;45;1.1026668481012658
937;31;1.1030629417510596;45;1.1025017941176471
938;31;1.1030575339202657;45;1.1029992337662338
939;32;1.1148516613237485;45;1.1135620281690142
940;32;1.1148503474979954;45;1.1145131666666668
941;32;1.1148490336722419;45;1.1141849850746268
942;32;1.1148477198464886;45;1.114268
943;32;1.1148464060207355;45;1.1142203670886075
944;32;1.1148450921949822;45;1.114585088607595
945;32;1.114843778369229;45;1.1137156075949366
946;32;1.1148424645434758;45;1.1141436202531645
947;32;1.1148411507177223;45;1.1138352658227848
948;32;1.1148398368919692;45;1.1140956708860759
949;32;1.114838523066216;45;1.114313619047619
950;32;1.1148372092404628;45;1.1143613970588235
951;32;1.1148358954147095;45;1.1141820506329114
952;32;1.1148345815889564;45;1.1145639240506329
953;32;1.1148332677632031;45;1.114588835443038
954;32;1.1148319539374498;45;1.1135238169014086
955;32;1.1148306401116965;45;1.1142516835443037
956;32;1.1148293262859432;45;1.1139372784810126
957;32;1.1148280124601901;45;1.1137481666666667
958;32;1.1148266986344368;45;1.1144406075949367
959;32;1.1148253848086835;45;1.1143642911392404
960;32;1.1148240709829305;45;1.1143102278481012
961;32;1.1148227571571772;45;1.114058911392405
962;32;1.1148214433314239;45;1.1137625844155845
963;32;1.1148201295056706;45;1.1142007088607595
964;32;1.1148188156799175;45;1.1136692151898735
965;32;1.1148175018541642;45;1.1140576329113925
966;32;1.1148161880284109;45;1.1142933797468355
967;32;1.1148148742026578;45;1.1139969367088607
968;33;1.1311878803385267;45;1.1304763797468353
969;33;1.131195963135525;45;1.130130658227848
970;33;1.1312040459325237;45;1.130283594936709
971;33;1.1312121287295223;45;1.130969780821918
972;33;1.1312202115265206;45;1.1305676962025317
973;33;1.1312282943235192;45;1.1308398227848102
974;33;1.1312363771205178;45;1.1303812658227848
975;33;1.1312444599175164;45;1.1314492025316456
976;33;1.1312525427145148;45;1.1309709620253166
977;33;1.1312606255115132;45;1.1311375138888888
978;33;1.1312687083085118;45;1.1306576835443038
979;33;1.1312767911055104;45;1.1301275443037975
980;33;1.131284873902509;45;1.1301655949367089
981;33;1.1312929566995074;45;1.1310808101265823
982;33;1.131301039496506;45;1.1311565949367088
983;33;1.1313091222935043;45;1.1311434430379748
984;33;1.131317205090503;45;1.1306746075949368
985;33;1.1313252878875015;45;1.1300117878787879
986;33;1.1313333706845;45;1.13012968
987;33;1.1313414534814985;45;1.1309814810126582
988;33;1.131349536278497;45;1.1300768734177216
989;33;1.1313576190754955;45;1.1301734545454545
990;33;1.1313657018724943;45;1.1317638857142858
991;33;1.1313737846694922;45;1.1308535342465753
992;33;1.131381867466491;45;1.1307969493670886
993;33;1.1313899502634897;45;1.1300352405063292
994;33;1.131398033060488;45;1.1310547721518986
995;33;1.1314061158574866;45;1.1302337088607595
996;33;1.131414198654485;45;1.1297852051282051
997;34;1.1477781957108486;45;1.1468141139240506
998;34;1.1477750141791727;45;1.1479073188405797
999;34;1.1477718326474966;45;1.1476972784810127
1000;34;1.1477686511158207;45;1.14721365625
1001;34;1.1477654695841446;45;1.147909734177215
1002;34;1.147762288052469;45;1.1470524745762711
1003;34;1.1477591065207928;45;1.1472141392405064
1004;34;1.1477559249891167;45;1.1476143797468354
1005;34;1.1477527434574408;45;1.1475511012658228
1006;34;1.1477495619257645;45;1.1458541518987342
1007;34;1.1477463803940886;45;1.1472015443037975
1008;34;1.1477431988624125;45;1.1469343580246913
1009;34;1.1477400173307366;45;1.1467968734177214
1010;34;1.1477368357990605;45;1.1472789620253165
1011;34;1.1477336542673844;45;1.1475426329113925
1012;34;1.1477304727357085;45;1.147642835443038
1013;34;1.1477272912040324;45;1.1474677215189872
1014;34;1.1477241096723567;45;1.1465158481012658
1015;34;1.1477209281406804;45;1.147399329113924
1016;34;1.1477177466090045;45;1.1476791012658227
1017;34;1.1477145650773284;45;1.1468665443037975
1018;34;1.1477113835456523;45;1.1473044050632912
1019;34;1.1477082020139764;45;1.146661164556962
1020;34;1.1477050204823003;45;1.1470533037974684
1021;34;1.1477018389506244;45;1.1481078734177215
1022;34;1.1476986574189485;45;1.1466238028169013
1023;34;1.1476954758872726;45;1.1472826455696203
1024;34;1.1476922943555963;45;1.1476002236842104
1025;34;1.1476891128239202;45;1.1474820506329113
1026;35;1.1606091159119027;45;1.1597368813559321
1027;35;1.1606140182191547;45;1.1600806271186441
1028;35;1.1606189205264064;45;1.1599909491525424
1029;35;1.1606238228336578;45;1.1594646271186442
1030;35;1.1606287251409095;45;1.1609739078947368
1031;35;1.1606336274481612;45;1.1595857605633804
1032;35;1.160638529755413;45;1.1604118644067796
1033;35;1.1606434320626646;45;1.1610076212121212
1034;35;1.1606483343699163;45;1.1592921216216217
1035;35;1.160653236677168;45;1.1596089152542373
1036;35;1.1606581389844195;45;1.160256559322034
1037;35;1.1606630412916712;45;1.1601684696969696
1038;35;1.160667943598923;45;1.158753779661017
1039;35;1.1606728459061748;45;1.1596426779661018
1040;35;1.1606777482134263;45;1.16004032
1041;35;1.160682650520678;45;1.159705042857143
1042;35;1.16068755282793;45;1.1602981206896552
1043;35;1.1606924551351816;45;1.1601940677966103
1044;35;1.1606973574424333;45;1.159852440677966
1045;35;1.1607022597496848;45;1.1607789491525424
1046;35;1.1607071620569367;45;1.1599786949152542
1047;35;1.1607120643641884;45;1.1598959836065574
1048;35;1.16071696667144;45;1.1607910677966102
1049;35;1.1607218689786918;45;1.1590034915254237
1050;35;1.1607267712859433;45;1.1604966714285714
1051;35;1.160731673593195;45;1.1612581355932203
1052;35;1.1607365759004467;45;1.1598337903225806
1053;35;1.1607414782076984;45;1.1595430967741935
1054;35;1.16074638051495;45;1.1594429672131148
1055;36;1.1757130221674876;45;1.1747832898550725
1056;36;1.1757150881555738;45;1.1750373559322034
1057;36;1.175717154143659;45;1.1744274576271188
1058;36;1.1757192201317448;45;1.1745508305084746
1059;36;1.1757212861198305;45;1.1746588474576272
1060;36;1.1757233521079162;45;1.174701338983051
1061;36;1.175725418096002;45;1.1755140169491525
1062;36;1.1757274840840877;45;1.1755564745762712
1063;36;1.1757295500721734;45;1.175034153846154
1064;36;1.1757316160602589;45;1.1747285081967214
1065;36;1.1757336820483446;45;1.1748483661971831
1066;36;1.1757357480364303;45;1.1742132372881355
1067;36;1.175737814024516;45;1.1744475593220338
1068;36;1.1757398800126018;45;1.1757166949152542
1069;36;1.1757419460006873;45;1.1758862465753424
1070;36;1.175744011988773;45;1.1748383050847457
1071;36;1.1757460779768587;45;1.1760600169491526
1072;36;1.1757481439649442;45;1.1754071186440678
1073;36;1.1757502099530301;45;1.175399627118644
1074;36;1.175752275941116;45;1.1747172531645569
1075;36;1.1757543419292016;45;1.1754636440677966
1076;36;1.1757564079172873;45;1.1762478644067798
1077;36;1.1757584739053728;45;1.175590984375
1078;36;1.1757605398934585;45;1.1752691186440678
1079;36;1.1757626058815445;45;1.1752953898305085
1080;36;1.17576467186963;45;1.174467661016949
1081;36;1.175766737857716;45;1.1747041016949153
1082;36;1.1757688038458014;45;1.1754868983050848
1083;36;1.1757708698338871;45;1.1747986271186441
1084;37;1.2029945397559858;45;1.2032071129032258
1085;37;1.20299671898041;45;1.2023745405405406
1086;37;1.2029988982048343;45;1.2027796610169492
1087;37;1.2030010774292588;45;1.2023594626865672
1088;37;1.2030032566536832;45;1.2026851076923077
1089;37;1.2030054358781073;45;1.202216627118644
1090;37;1.2030076151025317;45;1.201892593220339
1091;37;1.2030097943269562;45;1.2025505573770492
1092;37;1.2030119735513802;45;1.2022924237288135
1093;37;1.203014152775805;45;1.2020452222222222
1094;37;1.2030163320002292;45;1.2020404745762712
1095;37;1.2030185112246534;45;1.202730957142857
1096;37;1.2030206904490777;45;1.202611602739726
1097;37;1.2030228696735021;45;1.2016608305084746
1098;37;1.2030250488979264;45;1.2016380689655173
1099;37;1.2030272281223506;45;1.2018148305084746
1100;37;1.2030294073467753;45;1.2019516451612904
1101;37;1.2030315865711994;45;1.2018073389830508
1102;37;1.2030337657956236;45;1.2028952881355932
1103;37;1.2030359450200483;45;1.201377033898305
1104;37;1.2030381242444723;45;1.202335033898305
1105;37;1.2030403034688966;45;1.2023019491525424
1106;37;1.2030424826933213;45;1.2020729830508474
1107;37;1.2030446619177453;45;1.2021413382352941
1108;37;1.2030468411421698;45;1.2020714915254238
1109;37;1.2030490203665942;45;1.202963033898305
1110;37;1.2030511995910185;45;1.2027329322033897
1111;37;1.2030533788154427;45;1.2025659491525424
1112;37;1.2030555580398672;45;1.2012797457627118
1113;38;1.2213845595240003;45;1.2207182881355931
1114;38;1.2213822711244129;45;1.219544627118644
1115;38;1.2213799827248253;45;1.2206720508474576
1116;38;1.2213776943252375;45;1.2209795084745763
1117;38;1.22137540592565;45;1.2213421016949153
1118;38;1.2213731175260625;45;1.2203672881355931
1119;38;1.221370829126475;45;1.2206284153846154
1120;38;1.2213685407268873;45;1.2214063846153846
1121;38;1.2213662523272997;45;1.2208621186440678
1122;38;1.2213639639277123;45;1.2202620169491525
1123;38;1.2213616755281245;45;1.219593661016949
1124;38;1.221359387128537;45;1.220555
1125;38;1.2213570987289495;45;1.2209457288135592
1126;38;1.2213548103293619;45;1.2200630428571428
1127;38;1.221352521929774;45;1.2203867627118643
1128;38;1.2213502335301867;45;1.2205522033898306
1129;38;1.2213479451305993;45;1.220853440677966
1130;38;1.2213456567310115;45;1.2217017966101695
1131;38;1.2213433683314239;45;1.2208903898305086
1132;38;1.2213410799318365;45;1.2201958813559322
1133;38;1.221338791532249;45;1.2209988983050848
1134;38;1.221336503132661;45;1.2204198644067796
1135;38;1.2213342147330737;45;1.2195355762711864
1136;38;1.221331926333486;45;1.2200616440677967
1137;38;1.2213296379338983;45;1.2200338813559322
1138;38;1.2213273495343109;45;1.2207850508474576
1139;38;1.221325061134723;45;1.2205328813559322
1140;38;1.221322772735136;45;1.221086966101695
1141;38;1.221320484335548;45;1.2197672881355932
1142;39;1.2291842062378282;45;1.2285572711864408
1143;39;1.2291796571600413;45;1.2280198305084746
1144;39;1.2291751080822546;45;1.2278581186440678
1145;39;1.229170559004468;45;1.2280026440677967
1146;39;1.2291660099266812;45;1.227016372881356
1147;39;1.2291614608488948;45;1.2287672711864406
1148;39;1.2291569117711076;45;1.2280624285714286
1149;39;1.2291523626933212;45;1.227906745762712
1150;39;1.2291478136155345;45;1.2285056779661017
1151;39;1.2291432645377478;45;1.2278562297297297
1152;39;1.2291387154599613;45;1.2289322372881355
1153;39;1.2291341663821742;45;1.2279452711864407
1154;39;1.2291296173043877;45;1.2288418305084745
1155;39;1.229125068226601;45;1.2295423898305085
1156;39;1.2291205191488142;45;1.2276104237288135
1157;39;1.229115970071028;45;1.2277408666666667
1158;39;1.2291114209932408;45;1.2302550338983052
1159;39;1.2291068719154543;45;1.228776627118644
1160;39;1.2291023228376676;45;1.2281676610169492
1161;39;1.2290977737598807;45;1.2282532405063291
1162;39;1.2290932246820945;45;1.2283521186440678
1163;39;1.2290886756043073;45;1.2278387457627118
1164;39;1.2290841265265209;45;1.2267599830508475
1165;39;1.2290795774487342;45;1.2284810606060605
1166;39;1.2290750283709473;45;1.2285186271186441
1167;39;1.2290704792931608;45;1.2283420161290322
1168;39;1.229065930215374;45;1.228365857142857
1169;39;1.2290613811375874;45;1.22795
1170;39;1.2290568320598008;45;1.227977302631579
