9.53-30-11-17-56-48.csv;;;
9.53-30-11-18-00-59.csv;;;
9.53-30-11-18-01-42.csv;;;
9.53-30-11-18-01-51.csv;;;
9.53-30-11-18-02-12.csv;;;
9.53-30-11-18-02-21.csv;;;
9.53-30-11-18-02-54.csv;;;
9.53-30-11-18-03-02.csv;;;
9.53-30-11-18-03-14.csv;;;
9.53-30-11-18-03-51.csv;;;
9.53-30-11-18-04-01.csv;;;
9.53-30-11-18-04-12.csv;;;
9.53-30-11-18-04-22.csv;;;
9.53-30-11-18-08-41.csv;;;
9.53-30-11-18-09-25.csv;;;
9.53-30-11-18-09-37.csv;;;
9.53-01-12-12-09-49.csv;;;
9.53-01-12-12-10-20.csv;;;
9.53-01-12-12-11-28.csv;;;
9.53-01-12-12-11-43.csv;;;
9.53-01-12-12-13-37.csv;;;
9.53-01-12-12-13-49.csv;;;
9.53-01-12-12-14-01.csv;;;
9.53-01-12-12-14-13.csv;;;
9.53-01-12-12-14-25.csv;;;
9.53-01-12-12-14-38.csv;;;
9.53-01-12-12-14-50.csv;;;
9.53-01-12-12-15-03.csv;;;
9.53-01-12-12-15-58.csv;;;
9.53-01-12-12-16-11.csv;;;
9.53-01-12-12-16-24.csv;;;
9.53-01-12-12-16-36.csv;;;
9.53-01-12-12-16-49.csv;;;
9.53-01-12-12-18-01.csv;;;
9.53-01-12-12-18-14.csv;;;
9.
9.53-01-12-12-27-33.csv
9.53-01-12-12-30-12.csv
