9,52-30-11-09-57-31.csv
9.52-30-11-09-58-50.csv
9.52-30-11-09-59-04.csv
9.52-30-11-09-59-16.csv
9.52-30-11-09-59-28.csv
9.52-30-11-09-59-40.csv
9.52-30-11-09-59-51.csv
9.52-30-11-10-00-04.csv
9.52-30-11-10-00-17.csv
9.52-30-11-10-00-29.csv
9.52-30-11-10-00-42.csv
9.52-30-11-10-00-53.csv
9.52-30-11-10-01-05.csv
9.52-30-11-10-01-20.csv
9.52-30-11-10-01-32.csv
9.52-30-11-10-01-51.csv
9.52-30-11-10-02-11.csv
9.52-30-11-10-02-23.csv
9.52-30-11-10-02-33.csv
9.52-30-11-10-03-20.csv
9.52-30-11-10-03-32.csv
9.52-30-11-10-03-45.csv
9.52-30-11-10-03-56.csv
9.52-30-11-10-04-10.csv
9.52-30-11-10-04-37.csv
9.52-30-11-10-04-49.csv
9.52-30-11-10-05-01.csv
9.52-30-11-10-05-13.csv
9.52-30-11-10-05-25.csv
9.52-30-11-10-05-38.csv
9.52-30-11-10-05-51.csv
9.52-30-11-10-06-03.csv
9.52-30-11-10-06-15.csv
9.52-30-11-10-06-28.csv
9.52-30-11-10-06-40.csv
9.52-30-11-10-06-52.csv
9,52-30-11-10-07-41.csv
