;0;1;2
0;0;0.940721614597785;80
1;0;0.940723572948062;80
2;0;0.9407255312983389;80
3;0;0.9407274896486156;80
4;0;0.9407294479988926;80
5;0;0.9407314063491695;80
6;0;0.9407333646994462;80
7;0;0.9407353230497232;80
8;0;0.9407372813999999;80
9;0;0.940739239750277;80
10;0;0.9407411981005537;80
11;0;0.9407431564508305;80
12;0;0.9407451148011076;80
13;0;0.9407470731513844;80
14;0;0.9407490315016611;80
15;0;0.9407509898519382;80
16;0;0.9407529482022149;80
17;0;0.9407549065524917;80
18;0;0.9407568649027686;80
19;0;0.9407588232530455;80
20;0;0.9407607816033223;80
21;0;0.9407627399535992;80
22;0;0.9407646983038761;80
23;0;0.9407666566541528;80
24;0;0.9407686150044297;80
25;0;0.9407705733547066;80
26;0;0.9407725317049834;80
27;0;0.9407744900552604;80
28;0;0.9407764484055371;80
29;0;0.940778406755814;80
30;1;0.9485676150729699;80
31;1;0.9485682133120689;80
32;1;0.948568811551168;80
33;1;0.948569409790267;80
34;1;0.948570008029366;80
35;1;0.948570606268465;80
36;1;0.9485712045075639;80
37;1;0.948571802746663;80
38;1;0.9485724009857618;80
39;1;0.948572999224861;80
40;1;0.94857359746396;80
41;1;0.9485741957030589;80
42;1;0.948574793942158;80
43;1;0.948575392181257;80
44;1;0.948575990420356;80
45;1;0.948576588659455;80
46;1;0.9485771868985539;80
47;1;0.948577785137653;80
48;1;0.948578383376752;80
49;1;0.9485789816158511;80
50;1;0.94857957985495;80
51;1;0.9485801780940489;80
52;1;0.948580776333148;80
53;1;0.9485813745722468;80
54;1;0.948581972811346;80
55;1;0.948582571050445;80
56;1;0.9485831692895439;80
57;1;0.948583767528643;80
58;1;0.948584365767742;80
59;2;0.9595777235329936;80
60;2;0.9595712113683125;80
61;2;0.9595646992036317;80
62;2;0.9595581870389507;80
63;2;0.9595516748742697;80
64;2;0.9595451627095888;80
65;2;0.9595386505449078;80
66;2;0.9595321383802268;80
67;2;0.959525626215546;80
68;2;0.959519114050865;80
69;2;0.959512601886184;80
70;2;0.9595060897215031;80
71;2;0.9594995775568221;80
72;2;0.9594930653921411;80
73;2;0.9594865532274603;80
74;2;0.9594800410627792;80
75;2;0.9594735288980984;80
76;2;0.9594670167334175;80
77;2;0.9594605045687364;80
78;2;0.9594539924040556;80
79;2;0.9594474802393745;80
80;2;0.9594409680746936;80
81;2;0.9594344559100125;80
82;2;0.9594279437453318;80
83;2;0.9594214315806506;80
84;2;0.9594149194159699;80
85;2;0.9594084072512888;80
86;2;0.9594018950866079;80
87;2;0.9593953829219269;80
88;3;0.9691125300427142;80
89;3;0.9691139607805895;80
90;3;0.969115391518465;80
91;3;0.9691168222563404;80
92;3;0.9691182529942158;80
93;3;0.9691196837320912;80
94;3;0.9691211144699667;80
95;3;0.9691225452078421;80
96;3;0.9691239759457176;80
97;3;0.9691254066835929;80
98;3;0.9691268374214684;80
99;3;0.9691282681593438;80
100;3;0.9691296988972192;80
101;3;0.9691311296350946;80
102;3;0.96913256037297;80
103;3;0.9691339911108454;80
104;3;0.9691354218487208;80
105;3;0.9691368525865963;80
106;3;0.9691382833244717;80
107;3;0.9691397140623471;80
108;3;0.9691411448002225;80
109;3;0.9691425755380979;80
110;3;0.9691440062759733;80
111;3;0.9691454370138487;80
112;3;0.9691468677517241;80
113;3;0.9691482984895996;80
114;3;0.9691497292274749;80
115;3;0.9691511599653504;80
116;3;0.9691525907032258;80
117;4;0.9789375383221484;80
118;4;0.9789406705479511;80
119;4;0.978943802773754;80
120;4;0.978946934999557;80
121;4;0.9789500672253599;80
122;4;0.9789531994511627;80
123;4;0.9789563316769656;80
124;4;0.9789594639027686;80
125;4;0.9789625961285713;80
126;4;0.9789657283543742;80
127;4;0.9789688605801772;80
128;4;0.9789719928059799;80
129;4;0.9789751250317829;80
130;4;0.9789782572575858;80
131;4;0.9789813894833888;80
132;4;0.9789845217091915;80
133;4;0.9789876539349944;80
134;4;0.9789907861607974;80
135;4;0.9789939183866001;80
136;4;0.978997050612403;80
137;4;0.979000182838206;80
138;4;0.9790033150640087;80
139;4;0.9790064472898117;80
140;4;0.9790095795156146;80
141;4;0.9790127117414176;80
142;4;0.9790158439672203;80
143;4;0.9790189761930232;80
144;4;0.979022108418826;80
145;4;0.9790252406446289;80
146;4;0.9790283728704319;80
147;5;0.9961067774467884;80
148;5;0.9961069150015505;80
149;5;0.9961070525563124;80
150;5;0.9961071901110742;80
151;5;0.9961073276658361;80
152;5;0.9961074652205979;80
153;5;0.99610760277536;80
154;5;0.9961077403301218;80
155;5;0.9961078778848836;80
156;5;0.9961080154396456;80
157;5;0.9961081529944076;80
158;5;0.9961082905491695;80
159;5;0.9961084281039311;80
160;5;0.9961085656586932;80
161;5;0.996108703213455;80
162;5;0.996108840768217;80
163;5;0.9961089783229787;80
164;5;0.9961091158777408;80
165;5;0.9961092534325027;80
166;5;0.9961093909872647;80
167;5;0.9961095285420266;80
168;5;0.9961096660967884;80
169;5;0.9961098036515502;80
170;5;0.9961099412063121;80
171;5;0.9961100787610742;80
172;5;0.9961102163158361;80
173;5;0.9961103538705979;80
174;5;0.9961104914253598;80
175;5;0.9961106289801218;80
176;5;0.9961107665348836;80
177;6;1.0111979409723146;80
178;6;1.0112003814130675;80
179;6;1.0112028218538205;80
180;6;1.0112052622945737;80
181;6;1.0112077027353266;80
182;6;1.0112101431760798;80
183;6;1.0112125836168326;80
184;6;1.0112150240575857;80
185;6;1.0112174644983387;80
186;6;1.011219904939092;80
187;6;1.011222345379845;80
188;6;1.011224785820598;80
189;6;1.011227226261351;80
190;6;1.0112296667021041;80
191;6;1.0112321071428572;80
192;6;1.0112345475836102;80
193;6;1.0112369880243632;80
194;6;1.0112394284651163;80
195;6;1.0112418689058693;80
196;6;1.0112443093466223;80
197;6;1.0112467497873754;80
198;6;1.0112491902281284;80
199;6;1.0112516306688817;80
200;6;1.0112540711096345;80
201;6;1.0112565115503875;80
202;6;1.0112589519911406;80
203;6;1.0112613924318936;80
204;6;1.0112638328726469;80
205;6;1.0112662733133997;80
206;6;1.011268713754153;80
207;7;1.035716304900905;80
208;7;1.0357173198682552;80
209;7;1.0357183348356056;80
210;7;1.0357193498029555;80
211;7;1.035720364770306;80
212;7;1.035721379737656;80
213;7;1.0357223947050063;80
214;7;1.0357234096723564;80
215;7;1.0357244246397066;80
216;7;1.035725439607057;80
217;7;1.035726454574407;80
218;7;1.0357274695417575;80
219;7;1.0357284845091077;80
220;7;1.0357294994764579;80
221;7;1.035730514443808;80
222;7;1.0357315294111582;80
223;7;1.0357325443785084;80
224;7;1.0357335593458585;80
225;7;1.035734574313209;80
226;7;1.035735589280559;80
227;7;1.0357366042479093;80
228;7;1.0357376192152594;80
229;7;1.0357386341826096;80
230;7;1.0357396491499598;80
231;7;1.0357406641173101;80
232;7;1.0357416790846605;80
233;7;1.0357426940520105;80
234;7;1.0357437090193609;80
235;7;1.035744723986711;80
236;8;1.0589036298349943;80
237;8;1.0589013454839424;80
238;8;1.0588990611328903;80
239;8;1.0588967767818382;80
240;8;1.0588944924307861;80
241;8;1.058892208079734;80
242;8;1.0588899237286822;80
243;8;1.0588876393776299;80
244;8;1.058885355026578;80
245;8;1.0588830706755261;80
246;8;1.058880786324474;80
247;8;1.058878501973422;80
248;8;1.0588762176223698;80
249;8;1.0588739332713177;80
250;8;1.0588716489202656;80
251;8;1.0588693645692135;80
252;8;1.0588670802181614;80
253;8;1.0588647958671096;80
254;8;1.0588625115160575;80
255;8;1.0588602271650058;80
256;8;1.0588579428139537;80
257;8;1.0588556584629016;80
258;8;1.0588533741118495;80
259;8;1.0588510897607974;80
260;8;1.0588488054097454;80
261;8;1.0588465210586935;80
262;8;1.0588442367076414;80
263;8;1.0588419523565893;80
264;8;1.0588396680055372;80
265;8;1.058837383654485;80
266;9;1.0836475227674418;80
267;9;1.083648879139535;80
268;9;1.083650235511628;80
269;9;1.083651591883721;80
270;9;1.083652948255814;80
271;9;1.083654304627907;80
272;9;1.083655661;80
273;9;1.083657017372093;80
274;9;1.0836583737441858;80
275;9;1.0836597301162791;80
276;9;1.083661086488372;80
277;9;1.083662442860465;80
278;9;1.0836637992325582;80
279;9;1.0836651556046513;80
280;9;1.0836665119767441;80
281;9;1.0836678683488372;80
282;9;1.0836692247209303;80
283;9;1.0836705810930232;80
284;9;1.0836719374651163;80
285;9;1.0836732938372091;80
286;9;1.0836746502093024;80
287;9;1.083676006581395;80
288;9;1.0836773629534884;80
289;9;1.0836787193255815;80
290;9;1.0836800756976743;80
291;9;1.0836814320697674;80
292;9;1.0836827884418603;80
293;9;1.0836841448139536;80
294;9;1.0836855011860462;80
295;9;1.0836868575581395;80
296;10;1.105225864562951;80
297;10;1.1052292362189255;80
298;10;1.1052326078749;80
299;10;1.1052359795308742;80
300;10;1.1052393511868486;80
301;10;1.105242722842823;80
302;10;1.1052460944987972;80
303;10;1.1052494661547716;80
304;10;1.1052528378107458;80
305;10;1.1052562094667202;80
306;10;1.1052595811226944;80
307;10;1.1052629527786688;80
308;10;1.1052663244346435;80
309;10;1.1052696960906174;80
310;10;1.1052730677465918;80
311;10;1.105276439402566;80
312;10;1.1052798110585405;80
313;10;1.105283182714515;80
314;10;1.1052865543704893;80
315;10;1.1052899260264637;80
316;10;1.1052932976824377;80
317;10;1.105296669338412;80
318;10;1.1053000409943867;80
319;10;1.105303412650361;80
320;10;1.1053067843063353;80
321;10;1.1053101559623095;80
322;10;1.1053135276182837;80
323;10;1.1053168992742581;80
324;10;1.1053202709302326;80
325;11;1.1187256268648946;80
326;11;1.1187255960221487;80
327;11;1.118725565179402;80
328;11;1.1187255343366558;80
329;11;1.1187255034939092;80
330;11;1.1187254726511628;80
331;11;1.1187254418084165;80
332;11;1.11872541096567;80
333;11;1.1187253801229238;80
334;11;1.1187253492801772;80
335;11;1.1187253184374308;80
336;11;1.1187252875946845;80
337;11;1.118725256751938;80
338;11;1.1187252259091915;80
339;11;1.1187251950664452;80
340;11;1.1187251642236988;80
341;11;1.1187251333809525;80
342;11;1.118725102538206;80
343;11;1.1187250716954595;80
344;11;1.1187250408527132;80
345;11;1.1187250100099666;80
346;11;1.1187249791672205;80
347;11;1.118724948324474;80
348;11;1.1187249174817275;80
349;11;1.1187248866389812;80
350;11;1.1187248557962346;80
351;11;1.1187248249534882;80
352;11;1.1187247941107419;80
353;11;1.1187247632679955;80
354;11;1.1187247324252492;80
355;12;1.1352526293573149;80
356;12;1.1352579620534997;80
357;12;1.1352632947496848;80
358;12;1.13526862744587;80
359;12;1.1352739601420554;80
360;12;1.1352792928382403;80
361;12;1.1352846255344256;80
362;12;1.1352899582306106;80
363;12;1.1352952909267957;80
364;12;1.1353006236229808;80
365;12;1.1353059563191659;80
366;12;1.135311289015351;80
367;12;1.135316621711536;80
368;12;1.1353219544077213;80
369;12;1.1353272871039064;80
370;12;1.1353326198000915;80
371;12;1.1353379524962766;80
372;12;1.1353432851924619;80
373;12;1.135348617888647;80
374;12;1.135353950584832;80
375;12;1.135359283281017;80
376;12;1.1353646159772024;80
377;12;1.1353699486733875;80
378;12;1.1353752813695726;80
379;12;1.1353806140657576;80
380;12;1.1353859467619427;80
381;12;1.135391279458128;80
382;12;1.1353966121543133;80
383;12;1.1354019448504982;80
384;13;1.1515318921354107;80
385;13;1.1515350633738113;80
386;13;1.1515382346122123;80
387;13;1.151541405850613;80
388;13;1.1515445770890136;80
389;13;1.1515477483274146;80
390;13;1.1515509195658151;80
391;13;1.1515540908042157;80
392;13;1.1515572620426167;80
393;13;1.1515604332810174;80
394;13;1.151563604519418;80
395;13;1.1515667757578187;80
396;13;1.1515699469962195;80
397;13;1.15157311823462;80
398;13;1.151576289473021;80
399;13;1.151579460711422;80
400;13;1.1515826319498226;80
401;13;1.1515858031882233;80
402;13;1.1515889744266241;80
403;13;1.1515921456650247;80
404;13;1.1515953169034254;80
405;13;1.1515984881418262;80
406;13;1.1516016593802267;80
407;13;1.1516048306186275;80
408;13;1.1516080018570283;80
409;13;1.1516111730954288;80
410;13;1.1516143443338298;80
411;13;1.1516175155722306;80
412;13;1.1516206868106313;80
413;14;1.1670564891600221;80
414;14;1.1670568310110743;80
415;14;1.1670571728621262;80
416;14;1.167057514713178;80
417;14;1.1670578565642304;80
418;14;1.1670581984152824;80
419;14;1.1670585402663345;80
420;14;1.1670588821173866;80
421;14;1.1670592239684388;80
422;14;1.1670595658194904;80
423;14;1.1670599076705426;80
424;14;1.1670602495215947;80
425;14;1.1670605913726468;80
426;14;1.1670609332236985;80
427;14;1.1670612750747509;80
428;14;1.1670616169258028;80
429;14;1.167061958776855;80
430;14;1.167062300627907;80
431;14;1.1670626424789592;80
432;14;1.1670629843300109;80
433;14;1.1670633261810632;80
434;14;1.1670636680321151;80
435;14;1.1670640098831673;80
436;14;1.1670643517342194;80
437;14;1.1670646935852713;80
438;14;1.1670650354363232;80
439;14;1.1670653772873756;80
440;14;1.1670657191384275;80
441;14;1.1670660609894796;80
442;14;1.1670664028405315;80
443;15;1.1795063622209303;80
444;15;1.179515016435216;80
445;15;1.1795236706495018;80
446;15;1.1795323248637872;80
447;15;1.1795409790780729;80
448;15;1.1795496332923587;80
449;15;1.1795582875066444;80
450;15;1.1795669417209302;80
451;15;1.1795755959352159;80
452;15;1.1795842501495015;80
453;15;1.1795929043637874;80
454;15;1.179601558578073;80
455;15;1.1796102127923587;80
456;15;1.1796188670066445;80
457;15;1.17962752122093;80
458;15;1.179636175435216;80
459;15;1.1796448296495015;80
460;15;1.1796534838637875;80
461;15;1.1796621380780727;80
462;15;1.1796707922923588;80
463;15;1.1796794465066442;80
464;15;1.17968810072093;80
465;15;1.1796967549352158;80
466;15;1.1797054091495016;80
467;15;1.1797140633637875;80
468;15;1.1797227175780731;80
469;15;1.1797313717923585;80
470;15;1.1797400260066444;80
471;15;1.1797486802209298;80
472;15;1.179757334435216;80
473;16;1.195252342162791;80
474;16;1.1952573668172757;80
475;16;1.1952623914717608;80
476;16;1.1952674161262458;80
477;16;1.195272440780731;80
478;16;1.195277465435216;80
479;16;1.195282490089701;80
480;16;1.195287514744186;80
481;16;1.1952925393986713;80
482;16;1.1952975640531562;80
483;16;1.1953025887076412;80
484;16;1.195307613362126;80
485;16;1.1953126380166113;80
486;16;1.1953176626710964;80
487;16;1.1953226873255813;80
488;16;1.1953277119800663;80
489;16;1.1953327366345514;80
490;16;1.1953377612890366;80
491;16;1.1953427859435215;80
492;16;1.1953478105980067;80
493;16;1.1953528352524918;80
494;16;1.1953578599069767;80
495;16;1.195362884561462;80
496;16;1.195367909215947;80
497;16;1.195372933870432;80
498;16;1.195377958524917;80
499;16;1.1953829831794018;80
500;16;1.1953880078338872;80
501;16;1.1953930324883721;80
502;16;1.195398057142857;80
503;17;1.210844988503876;80
504;17;1.210852434815061;80
505;17;1.2108598811262459;80
506;17;1.210867327437431;80
507;17;1.2108747737486159;80
508;17;1.2108822200598006;80
509;17;1.2108896663709856;80
510;17;1.2108971126821708;80
511;17;1.2109045589933558;80
512;17;1.2109120053045404;80
513;17;1.2109194516157256;80
514;17;1.2109268979269103;80
515;17;1.2109343442380955;80
516;17;1.2109417905492803;80
517;17;1.210949236860465;80
518;17;1.21095668317165;80
519;17;1.2109641294828353;80
520;17;1.2109715757940198;80
521;17;1.2109790221052048;80
522;17;1.21098646841639;80
523;17;1.2109939147275748;80
524;17;1.2110013610387598;80
525;17;1.2110088073499448;80
526;17;1.2110162536611295;80
527;17;1.2110236999723145;80
528;17;1.2110311462834997;80
529;17;1.2110385925946843;80
530;17;1.211046038905869;80
531;17;1.2110534852170545;80
532;17;1.2110609315282392;80
533;18;1.2235646764721044;80
534;18;1.2235641828611525;80
535;18;1.2235636892502002;80
536;18;1.2235631956392485;80
537;18;1.2235627020282964;80
538;18;1.2235622084173448;80
539;18;1.2235617148063924;80
540;18;1.22356122119544;80
541;18;1.2235607275844884;80
542;18;1.2235602339735363;80
543;18;1.2235597403625846;80
544;18;1.2235592467516323;80
545;18;1.2235587531406804;80
546;18;1.2235582595297285;80
547;18;1.2235577659187762;80
548;18;1.2235572723078245;80
549;18;1.2235567786968724;80
550;18;1.2235562850859205;80
551;18;1.2235557914749686;80
552;18;1.2235552978640165;80
553;18;1.2235548042530642;80
554;18;1.2235543106421125;80
555;18;1.2235538170311604;80
556;18;1.2235533234202087;80
557;18;1.2235528298092566;80
558;18;1.2235523361983043;80
559;18;1.2235518425873524;80
560;18;1.2235513489764003;80
561;18;1.2235508553654486;80
562;19;1.2289597006300836;80
563;19;1.2289607624894032;80
564;19;1.2289618243487228;80
565;19;1.2289628862080422;80
566;19;1.2289639480673618;80
567;19;1.2289650099266813;80
568;19;1.2289660717860007;80
569;19;1.22896713364532;80
570;19;1.2289681955046399;80
571;19;1.2289692573639595;80
572;19;1.2289703192232786;80
573;19;1.2289713810825984;80
574;19;1.228972442941918;80
575;19;1.2289735048012371;80
576;19;1.228974566660557;80
577;19;1.2289756285198765;80
578;19;1.2289766903791957;80
579;19;1.2289777522385155;80
580;19;1.2289788140978348;80
581;19;1.2289798759571544;80
582;19;1.228980937816474;80
583;19;1.2289819996757934;80
584;19;1.228983061535113;80
585;19;1.2289841233944323;80
586;19;1.2289851852537519;80
587;19;1.2289862471130715;80
588;19;1.2289873089723908;80
589;19;1.2289883708317104;80
590;19;1.22898943269103;80
591;20;0.940864519781762;45
592;20;0.9408668326964141;45
593;20;0.9408691456110665;45
594;20;0.940871458525719;45
595;20;0.9408737714403711;45
596;20;0.9408760843550233;45
597;20;0.9408783972696758;45
598;20;0.9408807101843281;45
599;20;0.9408830230989803;45
600;20;0.9408853360136327;45
601;20;0.940887648928285;45
602;20;0.9408899618429374;45
603;20;0.9408922747575896;45
604;20;0.9408945876722419;45
605;20;0.9408969005868943;45
606;20;0.9408992135015465;45
607;20;0.9409015264161988;45
608;20;0.9409038393308512;45
609;20;0.9409061522455034;45
610;20;0.9409084651601557;45
611;20;0.9409107780748082;45
612;20;0.9409130909894604;45
613;20;0.9409154039041128;45
614;20;0.940917716818765;45
615;20;0.9409200297334174;45
616;20;0.9409223426480697;45
617;20;0.9409246555627221;45
618;20;0.9409269684773742;45
619;20;0.9409292813920266;45
620;21;0.9487931666925764;45
621;21;0.9487911118635582;45
622;21;0.9487890570345401;45
623;21;0.9487870022055219;45
624;21;0.9487849473765035;45
625;21;0.9487828925474854;45
626;21;0.9487808377184672;45
627;21;0.9487787828894488;45
628;21;0.9487767280604308;45
629;21;0.9487746732314124;45
630;21;0.9487726184023942;45
631;21;0.9487705635733761;45
632;21;0.9487685087443579;45
633;21;0.9487664539153396;45
634;21;0.9487643990863215;45
635;21;0.9487623442573032;45
636;21;0.9487602894282849;45
637;21;0.9487582345992669;45
638;21;0.9487561797702485;45
639;21;0.9487541249412303;45
640;21;0.9487520701122121;45
641;21;0.9487500152831939;45
642;21;0.9487479604541758;45
643;21;0.9487459056251576;45
644;21;0.9487438507961393;45
645;21;0.9487417959671212;45
646;21;0.9487397411381028;45
647;21;0.9487376863090847;45
648;21;0.9487356314800665;45
649;22;0.9605167814208958;45
650;22;0.9605164970627219;45
651;22;0.960516212704548;45
652;22;0.960515928346374;45
653;22;0.9605156439882002;45
654;22;0.9605153596300264;45
655;22;0.9605150752718523;45
656;22;0.9605147909136785;45
657;22;0.9605145065555046;45
658;22;0.9605142221973307;45
659;22;0.9605139378391567;45
660;22;0.9605136534809829;45
661;22;0.960513369122809;45
662;22;0.960513084764635;45
663;22;0.9605128004064613;45
664;22;0.9605125160482872;45
665;22;0.9605122316901132;45
666;22;0.9605119473319395;45
667;22;0.9605116629737656;45
668;22;0.9605113786155919;45
669;22;0.9605110942574178;45
670;22;0.9605108098992439;45
671;22;0.96051052554107;45
672;22;0.9605102411828962;45
673;22;0.9605099568247221;45
674;22;0.9605096724665483;45
675;22;0.9605093881083744;45
676;22;0.9605091037502004;45
677;22;0.9605088193920266;45
678;23;0.9672564106100928;45
679;23;0.9672615728098867;45
680;23;0.9672667350096803;45
681;23;0.9672718972094742;45
682;23;0.967277059409268;45
683;23;0.9672822216090619;45
684;23;0.9672873838088556;45
685;23;0.9672925460086493;45
686;23;0.9672977082084432;45
687;23;0.967302870408237;45
688;23;0.9673080326080306;45
689;23;0.9673131948078244;45
690;23;0.9673183570076183;45
691;23;0.9673235192074121;45
692;23;0.9673286814072058;45
693;23;0.9673338436069997;45
694;23;0.9673390058067934;45
695;23;0.9673441680065873;45
696;23;0.9673493302063809;45
697;23;0.9673544924061748;45
698;23;0.9673596546059686;45
699;23;0.9673648168057625;45
700;23;0.9673699790055562;45
701;23;0.96737514120535;45
702;23;0.9673803034051438;45
703;23;0.9673854656049377;45
704;23;0.9673906278047313;45
705;23;0.9673957900045251;45
706;23;0.967400952204319;45
707;24;0.98153383819882;45
708;24;0.9815288528262115;45
709;24;0.9815238674536029;45
710;24;0.9815188820809945;45
711;24;0.981513896708386;45
712;24;0.9815089113357773;45
713;24;0.9815039259631687;45
714;24;0.9814989405905604;45
715;24;0.9814939552179516;45
716;24;0.9814889698453432;45
717;24;0.9814839844727347;45
718;24;0.981478999100126;45
719;24;0.9814740137275175;45
720;24;0.9814690283549089;45
721;24;0.9814640429823005;45
722;24;0.9814590576096918;45
723;24;0.9814540722370834;45
724;24;0.9814490868644747;45
725;24;0.9814441014918662;45
726;24;0.9814391161192578;45
727;24;0.9814341307466492;45
728;24;0.9814291453740405;45
729;24;0.9814241600014321;45
730;24;0.9814191746288234;45
731;24;0.9814141892562149;45
732;24;0.9814092038836065;45
733;24;0.9814042185109979;45
734;24;0.9813992331383892;45
735;24;0.9813942477657808;45
736;25;0.9902699540217665;45
737;25;0.9902783523475197;45
738;25;0.9902867506732731;45
739;25;0.9902951489990264;45
740;25;0.9903035473247793;45
741;25;0.9903119456505327;45
742;25;0.9903203439762861;45
743;25;0.9903287423020393;45
744;25;0.9903371406277924;45
745;25;0.9903455389535457;45
746;25;0.9903539372792989;45
747;25;0.990362335605052;45
748;25;0.9903707339308054;45
749;25;0.9903791322565588;45
750;25;0.9903875305823119;45
751;25;0.990395928908065;45
752;25;0.9904043272338182;45
753;25;0.9904127255595716;45
754;25;0.9904211238853248;45
755;25;0.9904295222110782;45
756;25;0.9904379205368312;45
757;25;0.9904463188625844;45
758;25;0.9904547171883378;45
759;25;0.9904631155140909;45
760;25;0.9904715138398441;45
761;25;0.9904799121655975;45
762;25;0.9904883104913506;45
763;25;0.9904967088171039;45
764;25;0.9905051071428571;45
765;26;1.0063620591533968;45
766;26;1.0063611196190858;45
767;26;1.006360180084775;45
768;26;1.006359240550464;45
769;26;1.0063583010161532;45
770;26;1.0063573614818422;45
771;26;1.0063564219475312;45
772;26;1.0063554824132204;45
773;26;1.0063545428789094;45
774;26;1.0063536033445983;45
775;26;1.0063526638102873;45
776;26;1.0063517242759767;45
777;26;1.0063507847416657;45
778;26;1.0063498452073547;45
779;26;1.006348905673044;45
780;26;1.0063479661387331;45
781;26;1.006347026604422;45
782;26;1.006346087070111;45
783;26;1.0063451475358;45
784;26;1.0063442080014893;45
785;26;1.0063432684671785;45
786;26;1.0063423289328677;45
787;26;1.0063413893985567;45
788;26;1.0063404498642459;45
789;26;1.0063395103299348;45
790;26;1.0063385707956238;45
791;26;1.0063376312613128;45
792;26;1.006336691727002;45
793;26;1.006335752192691;45
794;27;1.0199578424269677;45
795;27;1.019963538441975;45
796;27;1.0199692344569826;45
797;27;1.01997493047199;45
798;27;1.0199806264869975;45
799;27;1.0199863225020047;45
800;27;1.0199920185170124;45
801;27;1.0199977145320198;45
802;27;1.0200034105470273;45
803;27;1.0200091065620347;45
804;27;1.020014802577042;45
805;27;1.0200204985920496;45
806;27;1.020026194607057;45
807;27;1.0200318906220645;45
808;27;1.020037586637072;45
809;27;1.0200432826520793;45
810;27;1.0200489786670868;45
811;27;1.0200546746820942;45
812;27;1.0200603706971016;45
813;27;1.0200660667121089;45
814;27;1.0200717627271167;45
815;27;1.020077458742124;45
816;27;1.0200831547571314;45
817;27;1.0200888507721388;45
818;27;1.0200945467871465;45
819;27;1.0201002428021537;45
820;27;1.0201059388171612;45
821;27;1.0201116348321686;45
822;27;1.020117330847176;45
823;28;1.0543680823295911;45
824;28;1.0543678242937335;45
825;28;1.054367566257876;45
826;28;1.0543673082220184;45
827;28;1.054367050186161;45
828;28;1.0543667921503037;45
829;28;1.0543665341144461;45
830;28;1.0543662760785886;45
831;28;1.054366018042731;45
832;28;1.0543657600068737;45
833;28;1.0543655019710163;45
834;28;1.0543652439351585;45
835;28;1.0543649858993012;45
836;28;1.0543647278634436;45
837;28;1.0543644698275862;45
838;28;1.054364211791729;45
839;28;1.0543639537558713;45
840;28;1.0543636957200138;45
841;28;1.0543634376841562;45
842;28;1.0543631796482986;45
843;28;1.0543629216124415;45
844;28;1.054362663576584;45
845;28;1.0543624055407264;45
846;28;1.0543621475048688;45
847;28;1.0543618894690114;45
848;28;1.054361631433154;45
849;28;1.0543613733972963;45
850;28;1.054361115361439;45
851;28;1.0543608573255814;45
852;29;1.0712109952720814;45
853;29;1.071214043235193;45
854;29;1.0712170911983045;45
855;29;1.0712201391614158;45
856;29;1.0712231871245272;45
857;29;1.0712262350876387;45
858;29;1.0712292830507504;45
859;29;1.0712323310138618;45
860;29;1.0712353789769733;45
861;29;1.0712384269400845;45
862;29;1.0712414749031962;45
863;29;1.0712445228663077;45
864;29;1.0712475708294191;45
865;29;1.0712506187925308;45
866;29;1.071253666755642;45
867;29;1.0712567147187537;45
868;29;1.0712597626818652;45
869;29;1.0712628106449766;45
870;29;1.0712658586080879;45
871;29;1.0712689065711993;45
872;29;1.071271954534311;45
873;29;1.0712750024974225;45
874;29;1.071278050460534;45
875;29;1.0712810984236454;45
876;29;1.0712841463867568;45
877;29;1.0712871943498683;45
878;29;1.0712902423129798;45
879;29;1.0712932902760912;45
880;29;1.0712963382392027;45
881;30;1.084571799674075;45
882;30;1.0845709250458242;45
883;30;1.0845700504175735;45
884;30;1.084569175789323;45
885;30;1.084568301161072;45
886;30;1.0845674265328218;45
887;30;1.084566551904571;45
888;30;1.0845656772763204;45
889;30;1.0845648026480696;45
890;30;1.0845639280198192;45
891;30;1.0845630533915682;45
892;30;1.0845621787633175;45
893;30;1.0845613041350668;45
894;30;1.0845604295068165;45
895;30;1.0845595548785658;45
896;30;1.084558680250315;45
897;30;1.0845578056220642;45
898;30;1.0845569309938135;45
899;30;1.084556056365563;45
900;30;1.0845551817373122;45
901;30;1.0845543071090618;45
902;30;1.084553432480811;45
903;30;1.0845525578525606;45
904;30;1.0845516832243096;45
905;30;1.0845508085960591;45
906;30;1.0845499339678082;45
907;30;1.0845490593395577;45
908;30;1.084548184711307;45
909;30;1.0845473100830565;45
910;31;1.1032089531824951;45
911;31;1.103203545351701;45
912;31;1.1031981375209072;45
913;31;1.1031927296901134;45
914;31;1.1031873218593196;45
915;31;1.1031819140285255;45
916;31;1.1031765061977317;45
917;31;1.1031710983669376;45
918;31;1.1031656905361438;45
919;31;1.1031602827053502;45
920;31;1.103154874874556;45
921;31;1.1031494670437623;45
922;31;1.1031440592129682;45
923;31;1.1031386513821744;45
924;31;1.1031332435513805;45
925;31;1.1031278357205867;45
926;31;1.1031224278897929;45
927;31;1.1031170200589988;45
928;31;1.103111612228205;45
929;31;1.103106204397411;45
930;31;1.103100796566617;45
931;31;1.103095388735823;45
932;31;1.1030899809050294;45
933;31;1.1030845730742356;45
934;31;1.1030791652434415;45
935;31;1.1030737574126475;45
936;31;1.1030683495818534;45
937;31;1.1030629417510596;45
938;31;1.1030575339202657;45
939;32;1.1148516613237485;45
940;32;1.1148503474979954;45
941;32;1.1148490336722419;45
942;32;1.1148477198464886;45
943;32;1.1148464060207355;45
944;32;1.1148450921949822;45
945;32;1.114843778369229;45
946;32;1.1148424645434758;45
947;32;1.1148411507177223;45
948;32;1.1148398368919692;45
949;32;1.114838523066216;45
950;32;1.1148372092404628;45
951;32;1.1148358954147095;45
952;32;1.1148345815889564;45
953;32;1.1148332677632031;45
954;32;1.1148319539374498;45
955;32;1.1148306401116965;45
956;32;1.1148293262859432;45
957;32;1.1148280124601901;45
958;32;1.1148266986344368;45
959;32;1.1148253848086835;45
960;32;1.1148240709829305;45
961;32;1.1148227571571772;45
962;32;1.1148214433314239;45
963;32;1.1148201295056706;45
964;32;1.1148188156799175;45
965;32;1.1148175018541642;45
966;32;1.1148161880284109;45
967;32;1.1148148742026578;45
968;33;1.1311878803385267;45
969;33;1.131195963135525;45
970;33;1.1312040459325237;45
971;33;1.1312121287295223;45
972;33;1.1312202115265206;45
973;33;1.1312282943235192;45
974;33;1.1312363771205178;45
975;33;1.1312444599175164;45
976;33;1.1312525427145148;45
977;33;1.1312606255115132;45
978;33;1.1312687083085118;45
979;33;1.1312767911055104;45
980;33;1.131284873902509;45
981;33;1.1312929566995074;45
982;33;1.131301039496506;45
983;33;1.1313091222935043;45
984;33;1.131317205090503;45
985;33;1.1313252878875015;45
986;33;1.1313333706845;45
987;33;1.1313414534814985;45
988;33;1.131349536278497;45
989;33;1.1313576190754955;45
990;33;1.1313657018724943;45
991;33;1.1313737846694922;45
992;33;1.131381867466491;45
993;33;1.1313899502634897;45
994;33;1.131398033060488;45
995;33;1.1314061158574866;45
996;33;1.131414198654485;45
997;34;1.1477781957108486;45
998;34;1.1477750141791727;45
999;34;1.1477718326474966;45
1000;34;1.1477686511158207;45
1001;34;1.1477654695841446;45
1002;34;1.147762288052469;45
1003;34;1.1477591065207928;45
1004;34;1.1477559249891167;45
1005;34;1.1477527434574408;45
1006;34;1.1477495619257645;45
1007;34;1.1477463803940886;45
1008;34;1.1477431988624125;45
1009;34;1.1477400173307366;45
1010;34;1.1477368357990605;45
1011;34;1.1477336542673844;45
1012;34;1.1477304727357085;45
1013;34;1.1477272912040324;45
1014;34;1.1477241096723567;45
1015;34;1.1477209281406804;45
1016;34;1.1477177466090045;45
1017;34;1.1477145650773284;45
1018;34;1.1477113835456523;45
1019;34;1.1477082020139764;45
1020;34;1.1477050204823003;45
1021;34;1.1477018389506244;45
1022;34;1.1476986574189485;45
1023;34;1.1476954758872726;45
1024;34;1.1476922943555963;45
1025;34;1.1476891128239202;45
1026;35;1.1606091159119027;45
1027;35;1.1606140182191547;45
1028;35;1.1606189205264064;45
1029;35;1.1606238228336578;45
1030;35;1.1606287251409095;45
1031;35;1.1606336274481612;45
1032;35;1.160638529755413;45
1033;35;1.1606434320626646;45
1034;35;1.1606483343699163;45
1035;35;1.160653236677168;45
1036;35;1.1606581389844195;45
1037;35;1.1606630412916712;45
1038;35;1.160667943598923;45
1039;35;1.1606728459061748;45
1040;35;1.1606777482134263;45
1041;35;1.160682650520678;45
1042;35;1.16068755282793;45
1043;35;1.1606924551351816;45
1044;35;1.1606973574424333;45
1045;35;1.1607022597496848;45
1046;35;1.1607071620569367;45
1047;35;1.1607120643641884;45
1048;35;1.16071696667144;45
1049;35;1.1607218689786918;45
1050;35;1.1607267712859433;45
1051;35;1.160731673593195;45
1052;35;1.1607365759004467;45
1053;35;1.1607414782076984;45
1054;35;1.16074638051495;45
1055;36;1.1757130221674876;45
1056;36;1.1757150881555738;45
1057;36;1.175717154143659;45
1058;36;1.1757192201317448;45
1059;36;1.1757212861198305;45
1060;36;1.1757233521079162;45
1061;36;1.175725418096002;45
1062;36;1.1757274840840877;45
1063;36;1.1757295500721734;45
1064;36;1.1757316160602589;45
1065;36;1.1757336820483446;45
1066;36;1.1757357480364303;45
1067;36;1.175737814024516;45
1068;36;1.1757398800126018;45
1069;36;1.1757419460006873;45
1070;36;1.175744011988773;45
1071;36;1.1757460779768587;45
1072;36;1.1757481439649442;45
1073;36;1.1757502099530301;45
1074;36;1.175752275941116;45
1075;36;1.1757543419292016;45
1076;36;1.1757564079172873;45
1077;36;1.1757584739053728;45
1078;36;1.1757605398934585;45
1079;36;1.1757626058815445;45
1080;36;1.17576467186963;45
1081;36;1.175766737857716;45
1082;36;1.1757688038458014;45
1083;36;1.1757708698338871;45
1084;37;1.2029945397559858;45
1085;37;1.20299671898041;45
1086;37;1.2029988982048343;45
1087;37;1.2030010774292588;45
1088;37;1.2030032566536832;45
1089;37;1.2030054358781073;45
1090;37;1.2030076151025317;45
1091;37;1.2030097943269562;45
1092;37;1.2030119735513802;45
1093;37;1.203014152775805;45
1094;37;1.2030163320002292;45
1095;37;1.2030185112246534;45
1096;37;1.2030206904490777;45
1097;37;1.2030228696735021;45
1098;37;1.2030250488979264;45
1099;37;1.2030272281223506;45
1100;37;1.2030294073467753;45
1101;37;1.2030315865711994;45
1102;37;1.2030337657956236;45
1103;37;1.2030359450200483;45
1104;37;1.2030381242444723;45
1105;37;1.2030403034688966;45
1106;37;1.2030424826933213;45
1107;37;1.2030446619177453;45
1108;37;1.2030468411421698;45
1109;37;1.2030490203665942;45
1110;37;1.2030511995910185;45
1111;37;1.2030533788154427;45
1112;37;1.2030555580398672;45
1113;38;1.2213845595240003;45
1114;38;1.2213822711244129;45
1115;38;1.2213799827248253;45
1116;38;1.2213776943252375;45
1117;38;1.22137540592565;45
1118;38;1.2213731175260625;45
1119;38;1.221370829126475;45
1120;38;1.2213685407268873;45
1121;38;1.2213662523272997;45
1122;38;1.2213639639277123;45
1123;38;1.2213616755281245;45
1124;38;1.221359387128537;45
1125;38;1.2213570987289495;45
1126;38;1.2213548103293619;45
1127;38;1.221352521929774;45
1128;38;1.2213502335301867;45
1129;38;1.2213479451305993;45
1130;38;1.2213456567310115;45
1131;38;1.2213433683314239;45
1132;38;1.2213410799318365;45
1133;38;1.221338791532249;45
1134;38;1.221336503132661;45
1135;38;1.2213342147330737;45
1136;38;1.221331926333486;45
1137;38;1.2213296379338983;45
1138;38;1.2213273495343109;45
1139;38;1.221325061134723;45
1140;38;1.221322772735136;45
1141;38;1.221320484335548;45
1142;39;1.2291842062378282;45
1143;39;1.2291796571600413;45
1144;39;1.2291751080822546;45
1145;39;1.229170559004468;45
1146;39;1.2291660099266812;45
1147;39;1.2291614608488948;45
1148;39;1.2291569117711076;45
1149;39;1.2291523626933212;45
1150;39;1.2291478136155345;45
1151;39;1.2291432645377478;45
1152;39;1.2291387154599613;45
1153;39;1.2291341663821742;45
1154;39;1.2291296173043877;45
1155;39;1.229125068226601;45
1156;39;1.2291205191488142;45
1157;39;1.229115970071028;45
1158;39;1.2291114209932408;45
1159;39;1.2291068719154543;45
1160;39;1.2291023228376676;45
1161;39;1.2290977737598807;45
1162;39;1.2290932246820945;45
1163;39;1.2290886756043073;45
1164;39;1.2290841265265209;45
1165;39;1.2290795774487342;45
1166;39;1.2290750283709473;45
1167;39;1.2290704792931608;45
1168;39;1.229065930215374;45
1169;39;1.2290613811375874;45
1170;39;1.2290568320598008;45
1171;40;0.9409897938723221;447
1172;40;0.9409884010951427;447
1173;40;0.9409870083179631;447
1174;40;0.9409856155407835;447
1175;40;0.940984222763604;447
1176;40;0.9409828299864246;447
1177;40;0.9409814372092451;447
1178;40;0.9409800444320655;447
1179;40;0.940978651654886;447
1180;40;0.9409772588777066;447
1181;40;0.940975866100527;447
1182;40;0.9409744733233476;447
1183;40;0.940973080546168;447
1184;40;0.9409716877689884;447
1185;40;0.940970294991809;447
1186;40;0.9409689022146295;447
1187;40;0.9409675094374498;447
1188;40;0.9409661166602704;447
1189;40;0.9409647238830907;447
1190;40;0.9409633311059115;447
1191;40;0.9409619383287319;447
1192;40;0.9409605455515522;447
1193;40;0.9409591527743728;447
1194;40;0.9409577599971932;447
1195;40;0.9409563672200136;447
1196;40;0.9409549744428342;447
1197;40;0.9409535816656547;447
1198;40;0.9409521888884751;447
1199;40;0.9409507961112956;447
1200;41;0.9449354948185359;447
1201;41;0.9449360377450452;447
1202;41;0.9449365806715545;447
1203;41;0.944937123598064;447
1204;41;0.9449376665245731;447
1205;41;0.9449382094510826;447
1206;41;0.944938752377592;447
1207;41;0.9449392953041014;447
1208;41;0.9449398382306107;447
1209;41;0.94494038115712;447
1210;41;0.9449409240836293;447
1211;41;0.9449414670101386;447
1212;41;0.944942009936648;447
1213;41;0.9449425528631573;447
1214;41;0.9449430957896667;447
1215;41;0.944943638716176;447
1216;41;0.9449441816426853;447
1217;41;0.9449447245691946;447
1218;41;0.944945267495704;447
1219;41;0.9449458104222133;447
1220;41;0.9449463533487227;447
1221;41;0.944946896275232;447
1222;41;0.9449474392017414;447
1223;41;0.9449479821282506;447
1224;41;0.94494852505476;447
1225;41;0.9449490679812693;447
1226;41;0.9449496109077786;447
1227;41;0.9449501538342879;447
1228;41;0.9449506967607973;447
1229;42;0.9527963022799291;447
1230;42;0.9527959186711537;447
1231;42;0.9527955350623782;447
1232;42;0.9527951514536029;447
1233;42;0.9527947678448276;447
1234;42;0.9527943842360523;447
1235;42;0.9527940006272769;447
1236;42;0.9527936170185015;447
1237;42;0.9527932334097263;447
1238;42;0.9527928498009508;447
1239;42;0.9527924661921756;447
1240;42;0.9527920825834002;447
1241;42;0.9527916989746249;447
1242;42;0.9527913153658496;447
1243;42;0.9527909317570741;447
1244;42;0.9527905481482988;447
1245;42;0.9527901645395235;447
1246;42;0.9527897809307482;447
1247;42;0.9527893973219728;447
1248;42;0.9527890137131974;447
1249;42;0.952788630104422;447
1250;42;0.9527882464956466;447
1251;42;0.9527878628868713;447
1252;42;0.9527874792780961;447
1253;42;0.9527870956693206;447
1254;42;0.9527867120605453;447
1255;42;0.9527863284517699;447
1256;42;0.9527859448429947;447
1257;42;0.9527855612342193;447
1258;43;0.960847853821629;447
1259;43;0.9608429720103677;447
1260;43;0.9608380901991064;447
1261;43;0.9608332083878451;447
1262;43;0.9608283265765838;447
1263;43;0.9608234447653224;447
1264;43;0.9608185629540612;447
1265;43;0.9608136811427999;447
1266;43;0.9608087993315385;447
1267;43;0.9608039175202772;447
1268;43;0.9607990357090159;447
1269;43;0.9607941538977546;447
1270;43;0.9607892720864933;447
1271;43;0.9607843902752319;447
1272;43;0.9607795084639706;447
1273;43;0.9607746266527093;447
1274;43;0.9607697448414481;447
1275;43;0.9607648630301868;447
1276;43;0.9607599812189254;447
1277;43;0.9607550994076641;447
1278;43;0.9607502175964027;447
1279;43;0.9607453357851415;447
1280;43;0.9607404539738801;447
1281;43;0.9607355721626188;447
1282;43;0.9607306903513575;447
1283;43;0.9607258085400963;447
1284;43;0.9607209267288349;447
1285;43;0.9607160449175735;447
1286;43;0.9607111631063122;447
1287;44;0.9691783663439933;447
1288;44;0.9691873259960513;447
1289;44;0.9691962856481091;447
1290;44;0.969205245300167;447
1291;44;0.9692142049522248;447
1292;44;0.9692231646042825;447
1293;44;0.9692321242563403;447
1294;44;0.9692410839083981;447
1295;44;0.9692500435604562;447
1296;44;0.9692590032125139;447
1297;44;0.9692679628645718;447
1298;44;0.9692769225166297;447
1299;44;0.9692858821686876;447
1300;44;0.9692948418207452;447
1301;44;0.9693038014728032;447
1302;44;0.969312761124861;447
1303;44;0.9693217207769187;447
1304;44;0.9693306804289766;447
1305;44;0.9693396400810345;447
1306;44;0.9693485997330924;447
1307;44;0.9693575593851502;447
1308;44;0.969366519037208;447
1309;44;0.9693754786892658;447
1310;44;0.9693844383413238;447
1311;44;0.9693933979933814;447
1312;44;0.9694023576454395;447
1313;44;0.9694113172974973;447
1314;44;0.969420276949555;447
1315;44;0.969429236601613;447
1316;45;0.9805026089175736;447
1317;45;0.9805051355743499;447
1318;45;0.9805076622311261;447
1319;45;0.9805101888879024;447
1320;45;0.9805127155446787;447
1321;45;0.980515242201455;447
1322;45;0.9805177688582312;447
1323;45;0.9805202955150075;447
1324;45;0.9805228221717838;447
1325;45;0.9805253488285599;447
1326;45;0.9805278754853363;447
1327;45;0.9805304021421124;447
1328;45;0.9805329287988889;447
1329;45;0.9805354554556652;447
1330;45;0.9805379821124414;447
1331;45;0.9805405087692175;447
1332;45;0.9805430354259939;447
1333;45;0.9805455620827703;447
1334;45;0.9805480887395462;447
1335;45;0.9805506153963226;447
1336;45;0.9805531420530987;447
1337;45;0.9805556687098752;447
1338;45;0.9805581953666513;447
1339;45;0.9805607220234277;447
1340;45;0.9805632486802038;447
1341;45;0.9805657753369802;447
1342;45;0.9805683019937564;447
1343;45;0.9805708286505328;447
1344;45;0.9805733553073089;447
1345;46;0.992900885098293;447
1346;46;0.992898027837782;447
1347;46;0.9928951705772712;447
1348;46;0.9928923133167603;447
1349;46;0.9928894560562492;447
1350;46;0.9928865987957384;447
1351;46;0.9928837415352275;447
1352;46;0.9928808842747167;447
1353;46;0.9928780270142056;447
1354;46;0.9928751697536946;447
1355;46;0.9928723124931838;447
1356;46;0.9928694552326727;447
1357;46;0.9928665979721618;447
1358;46;0.992863740711651;447
1359;46;0.9928608834511399;447
1360;46;0.992858026190629;447
1361;46;0.9928551689301182;447
1362;46;0.992852311669607;447
1363;46;0.9928494544090961;447
1364;46;0.9928465971485853;447
1365;46;0.9928437398880742;447
1366;46;0.9928408826275633;447
1367;46;0.9928380253670525;447
1368;46;0.9928351681065416;447
1369;46;0.9928323108460305;447
1370;46;0.9928294535855196;447
1371;46;0.9928265963250087;447
1372;46;0.9928237390644976;447
1373;46;0.9928208818039868;447
1374;47;1.0055525836046513;447
1375;47;1.0055594435548172;447
1376;47;1.0055663035049835;447
1377;47;1.0055731634551497;447
1378;47;1.0055800234053158;447
1379;47;1.0055868833554817;447
1380;47;1.0055937433056479;447
1381;47;1.005600603255814;447
1382;47;1.00560746320598;447
1383;47;1.0056143231561463;447
1384;47;1.0056211831063124;447
1385;47;1.0056280430564786;447
1386;47;1.0056349030066445;447
1387;47;1.0056417629568106;447
1388;47;1.0056486229069768;447
1389;47;1.0056554828571427;447
1390;47;1.005662342807309;447
1391;47;1.0056692027574752;447
1392;47;1.0056760627076413;447
1393;47;1.0056829226578072;447
1394;47;1.0056897826079736;447
1395;47;1.0056966425581397;447
1396;47;1.0057035025083054;447
1397;47;1.0057103624584718;447
1398;47;1.0057172224086381;447
1399;47;1.005724082358804;447
1400;47;1.00573094230897;447
1401;47;1.0057378022591363;447
1402;47;1.0057446622093025;447
1403;48;1.022593880856341;447
1404;48;1.0225984911811206;447
1405;48;1.0226031015059;447
1406;48;1.0226077118306793;447
1407;48;1.022612322155459;447
1408;48;1.0226169324802385;447
1409;48;1.0226215428050178;447
1410;48;1.0226261531297973;447
1411;48;1.0226307634545768;447
1412;48;1.0226353737793563;447
1413;48;1.0226399841041358;447
1414;48;1.022644594428915;447
1415;48;1.0226492047536946;447
1416;48;1.022653815078474;447
1417;48;1.0226584254032538;447
1418;48;1.0226630357280333;447
1419;48;1.0226676460528126;447
1420;48;1.022672256377592;447
1421;48;1.0226768667023716;447
1422;48;1.022681477027151;447
1423;48;1.0226860873519306;447
1424;48;1.02269069767671;447
1425;48;1.0226953080014893;447
1426;48;1.0226999183262688;447
1427;48;1.0227045286510483;447
1428;48;1.0227091389758276;447
1429;48;1.022713749300607;447
1430;48;1.0227183596253866;447
1431;48;1.022722969950166;447
1432;49;1.0359650496918797;447
1433;49;1.0359600516579532;447
1434;49;1.0359550536240265;447
1435;49;1.0359500555901;447
1436;49;1.0359450575561733;447
1437;49;1.035940059522247;447
1438;49;1.0359350614883203;447
1439;49;1.0359300634543938;447
1440;49;1.035925065420467;447
1441;49;1.0359200673865407;447
1442;49;1.035915069352614;447
1443;49;1.0359100713186875;447
1444;49;1.0359050732847608;447
1445;49;1.0359000752508343;447
1446;49;1.0358950772169075;447
1447;49;1.035890079182981;447
1448;49;1.0358850811490543;447
1449;49;1.035880083115128;447
1450;49;1.0358750850812013;447
1451;49;1.0358700870472748;447
1452;49;1.0358650890133478;447
1453;49;1.0358600909794218;447
1454;49;1.035855092945495;447
1455;49;1.0358500949115683;447
1456;49;1.0358450968776416;447
1457;49;1.035840098843715;447
1458;49;1.0358351008097886;447
1459;49;1.035830102775862;447
1460;49;1.0358251047419353;447
1461;50;1.0530856461421698;447
1462;50;1.0530839231979607;447
1463;50;1.0530822002537519;447
1464;50;1.0530804773095428;447
1465;50;1.053078754365334;447
1466;50;1.0530770314211249;447
1467;50;1.053075308476916;447
1468;50;1.0530735855327071;447
1469;50;1.053071862588498;447
1470;50;1.0530701396442892;447
1471;50;1.0530684167000801;447
1472;50;1.0530666937558713;447
1473;50;1.0530649708116622;447
1474;50;1.0530632478674533;447
1475;50;1.0530615249232442;447
1476;50;1.0530598019790354;447
1477;50;1.0530580790348263;447
1478;50;1.0530563560906174;447
1479;50;1.0530546331464083;447
1480;50;1.0530529102021995;447
1481;50;1.0530511872579906;447
1482;50;1.0530494643137815;447
1483;50;1.0530477413695727;447
1484;50;1.0530460184253636;447
1485;50;1.0530442954811547;447
1486;50;1.0530425725369457;447
1487;50;1.0530408495927368;447
1488;50;1.0530391266485277;447
1489;50;1.0530374037043189;447
1490;51;1.0692208988858973;447
1491;51;1.069220564682094;447
1492;51;1.0692202304782905;447
1493;51;1.0692198962744872;447
1494;51;1.069219562070684;447
1495;51;1.0692192278668804;447
1496;51;1.0692188936630769;447
1497;51;1.0692185594592736;447
1498;51;1.06921822525547;447
1499;51;1.0692178910516668;447
1500;51;1.0692175568478632;447
1501;51;1.06921722264406;447
1502;51;1.0692168884402564;447
1503;51;1.069216554236453;447
1504;51;1.0692162200326498;447
1505;51;1.0692158858288463;447
1506;51;1.0692155516250428;447
1507;51;1.0692152174212395;447
1508;51;1.069214883217436;447
1509;51;1.0692145490136327;447
1510;51;1.0692142148098291;447
1511;51;1.0692138806060258;447
1512;51;1.0692135464022223;447
1513;51;1.0692132121984188;447
1514;51;1.0692128779946155;447
1515;51;1.0692125437908122;447
1516;51;1.0692122095870087;447
1517;51;1.0692118753832054;447
1518;51;1.0692115411794019;447
1519;52;1.0840816852898385;447
1520;52;1.084094326310574;447
1521;52;1.0841069673313093;447
1522;52;1.084119608352045;447
1523;52;1.0841322493727803;447
1524;52;1.0841448903935158;447
1525;52;1.0841575314142513;447
1526;52;1.0841701724349868;447
1527;52;1.0841828134557225;447
1528;52;1.0841954544764578;447
1529;52;1.0842080954971933;447
1530;52;1.0842207365179288;447
1531;52;1.0842333775386641;447
1532;52;1.0842460185593996;447
1533;52;1.0842586595801351;447
1534;52;1.0842713006008706;447
1535;52;1.0842839416216061;447
1536;52;1.0842965826423416;447
1537;52;1.0843092236630774;447
1538;52;1.0843218646838124;447
1539;52;1.0843345057045484;447
1540;52;1.0843471467252837;447
1541;52;1.084359787746019;447
1542;52;1.0843724287667544;447
1543;52;1.08438506978749;447
1544;52;1.0843977108082257;447
1545;52;1.084410351828961;447
1546;52;1.0844229928496967;447
1547;52;1.084435633870432;447
1548;53;1.1040819110390652;447
1549;53;1.1040841328588613;447
1550;53;1.1040863546786572;447
1551;53;1.1040885764984534;447
1552;53;1.1040907983182495;447
1553;53;1.1040930201380457;447
1554;53;1.1040952419578418;447
1555;53;1.1040974637776377;447
1556;53;1.1040996855974339;447
1557;53;1.10410190741723;447
1558;53;1.1041041292370262;447
1559;53;1.104106351056822;447
1560;53;1.1041085728766182;447
1561;53;1.1041107946964142;447
1562;53;1.1041130165162103;447
1563;53;1.1041152383360064;447
1564;53;1.1041174601558026;447
1565;53;1.1041196819755987;447
1566;53;1.1041219037953947;447
1567;53;1.1041241256151908;447
1568;53;1.104126347434987;447
1569;53;1.1041285692547829;447
1570;53;1.104130791074579;447
1571;53;1.1041330128943752;447
1572;53;1.104135234714171;447
1573;53;1.1041374565339672;447
1574;53;1.1041396783537634;447
1575;53;1.1041419001735593;447
1576;53;1.1041441219933557;447
1577;54;1.117275578801123;447
1578;54;1.1172724344460994;447
1579;54;1.1172692900910757;447
1580;54;1.1172661457360522;447
1581;54;1.117263001381029;447
1582;54;1.1172598570260055;447
1583;54;1.117256712670982;447
1584;54;1.1172535683159581;447
1585;54;1.1172504239609347;447
1586;54;1.1172472796059116;447
1587;54;1.117244135250888;447
1588;54;1.1172409908958643;447
1589;54;1.1172378465408408;447
1590;54;1.1172347021858178;447
1591;54;1.117231557830794;447
1592;54;1.1172284134757704;447
1593;54;1.117225269120747;447
1594;54;1.1172221247657235;447
1595;54;1.1172189804107;447
1596;54;1.1172158360556765;447
1597;54;1.1172126917006528;447
1598;54;1.1172095473456296;447
1599;54;1.1172064029906061;447
1600;54;1.1172032586355825;447
1601;54;1.117200114280559;447
1602;54;1.1171969699255357;447
1603;54;1.1171938255705123;447
1604;54;1.1171906812154886;447
1605;54;1.1171875368604651;447
1606;55;1.1323003528118913;447
1607;55;1.1322996494609923;447
1608;55;1.1322989461100927;447
1609;55;1.1322982427591934;447
1610;55;1.1322975394082941;447
1611;55;1.1322968360573948;447
1612;55;1.1322961327064955;447
1613;55;1.1322954293555962;447
1614;55;1.132294726004697;447
1615;55;1.1322940226537974;447
1616;55;1.1322933193028983;447
1617;55;1.132292615951999;447
1618;55;1.1322919126010997;447
1619;55;1.1322912092502004;447
1620;55;1.1322905058993011;447
1621;55;1.1322898025484018;447
1622;55;1.1322890991975028;447
1623;55;1.1322883958466032;447
1624;55;1.1322876924957042;447
1625;55;1.1322869891448046;447
1626;55;1.1322862857939053;447
1627;55;1.132285582443006;447
1628;55;1.1322848790921067;447
1629;55;1.1322841757412074;447
1630;55;1.1322834723903081;447
1631;55;1.1322827690394088;447
1632;55;1.1322820656885093;447
1633;55;1.1322813623376102;447
1634;55;1.132280658986711;447
1635;56;1.1477267934328101;447
1636;56;1.147723444523428;447
1637;56;1.1477200956140452;447
1638;56;1.1477167467046627;447
1639;56;1.14771339779528;447
1640;56;1.1477100488858976;447
1641;56;1.147706699976515;447
1642;56;1.1477033510671328;447
1643;56;1.1477000021577501;447
1644;56;1.1476966532483674;447
1645;56;1.147693304338985;447
1646;56;1.1476899554296023;447
1647;56;1.1476866065202198;447
1648;56;1.1476832576108373;447
1649;56;1.147679908701455;447
1650;56;1.1476765597920724;447
1651;56;1.14767321088269;447
1652;56;1.1476698619733072;447
1653;56;1.147666513063925;447
1654;56;1.1476631641545423;447
1655;56;1.1476598152451598;447
1656;56;1.1476564663357771;447
1657;56;1.147653117426395;447
1658;56;1.1476497685170124;447
1659;56;1.14764641960763;447
1660;56;1.1476430706982472;447
1661;56;1.1476397217888645;447
1662;56;1.1476363728794823;447
1663;56;1.1476330239700996;447
1664;57;1.1617413209519993;447
1665;57;1.1617476223026693;447
1666;57;1.1617539236533396;447
1667;57;1.1617602250040096;447
1668;57;1.1617665263546797;447
1669;57;1.1617728277053498;447
1670;57;1.1617791290560202;447
1671;57;1.1617854304066904;447
1672;57;1.1617917317573605;447
1673;57;1.1617980331080309;447
1674;57;1.1618043344587008;447
1675;57;1.161810635809371;447
1676;57;1.1618169371600413;447
1677;57;1.1618232385107115;447
1678;57;1.1618295398613816;447
1679;57;1.1618358412120515;447
1680;57;1.1618421425627217;447
1681;57;1.161848443913392;447
1682;57;1.1618547452640624;447
1683;57;1.1618610466147323;447
1684;57;1.1618673479654027;447
1685;57;1.1618736493160726;447
1686;57;1.1618799506667428;447
1687;57;1.161886252017413;447
1688;57;1.1618925533680833;447
1689;57;1.1618988547187534;447
1690;57;1.1619051560694236;447
1691;57;1.1619114574200942;447
1692;57;1.161917758770764;447
1693;58;1.1755619505390076;447
1694;58;1.1755656173570856;447
1695;58;1.1755692841751633;447
1696;58;1.1755729509932407;447
1697;58;1.1755766178113183;447
1698;58;1.1755802846293963;447
1699;58;1.175583951447474;447
1700;58;1.1755876182655514;447
1701;58;1.1755912850836294;447
1702;58;1.175594951901707;447
1703;58;1.1755986187197844;447
1704;58;1.1756022855378623;447
1705;58;1.17560595235594;447
1706;58;1.1756096191740173;447
1707;58;1.1756132859920951;447
1708;58;1.175616952810173;447
1709;58;1.1756206196282506;447
1710;58;1.1756242864463284;447
1711;58;1.175627953264406;447
1712;58;1.1756316200824837;447
1713;58;1.1756352869005615;447
1714;58;1.175638953718639;447
1715;58;1.1756426205367168;447
1716;58;1.1756462873547946;447
1717;58;1.175649954172872;447
1718;58;1.1756536209909496;447
1719;58;1.1756572878090275;447
1720;58;1.1756609546271048;447
1721;58;1.1756646214451827;447
1722;59;1.190852712725398;447
1723;59;1.1908573022614277;447
1724;59;1.190861891797457;447
1725;59;1.1908664813334862;447
1726;59;1.1908710708695154;447
1727;59;1.1908756604055446;447
1728;59;1.1908802499415743;447
1729;59;1.1908848394776037;447
1730;59;1.190889429013633;447
1731;59;1.1908940185496621;447
1732;59;1.1908986080856916;447
1733;59;1.1909031976217208;447
1734;59;1.19090778715775;447
1735;59;1.1909123766937797;447
1736;59;1.190916966229809;447
1737;59;1.1909215557658381;447
1738;59;1.1909261453018674;447
1739;59;1.1909307348378966;447
1740;59;1.190935324373926;447
1741;59;1.1909399139099552;447
1742;59;1.1909445034459847;447
1743;59;1.190949092982014;447
1744;59;1.1909536825180433;447
1745;59;1.1909582720540726;447
1746;59;1.1909628615901018;447
1747;59;1.1909674511261312;447
1748;59;1.190972040662161;447
1749;59;1.1909766301981901;447
1750;59;1.1909812197342193;447
1751;60;1.2068889436092336;447
1752;60;1.2068897786968722;447
1753;60;1.2068906137845115;447
1754;60;1.2068914488721503;447
1755;60;1.2068922839597893;447
1756;60;1.2068931190474281;447
1757;60;1.2068939541350672;447
1758;60;1.2068947892227058;447
1759;60;1.2068956243103446;447
1760;60;1.2068964593979836;447
1761;60;1.2068972944856224;447
1762;60;1.2068981295732615;447
1763;60;1.2068989646609003;447
1764;60;1.2068997997485393;447
1765;60;1.2069006348361784;447
1766;60;1.2069014699238172;447
1767;60;1.2069023050114562;447
1768;60;1.2069031400990948;447
1769;60;1.2069039751867339;447
1770;60;1.2069048102743727;447
1771;60;1.206905645362012;447
1772;60;1.2069064804496508;447
1773;60;1.2069073155372894;447
1774;60;1.2069081506249286;447
1775;60;1.2069089857125674;447
1776;60;1.2069098208002065;447
1777;60;1.206910655887845;447
1778;60;1.2069114909754841;447
1779;60;1.206912326063123;447
1780;61;1.2196541356398214;447
1781;61;1.2196473159640278;447
1782;61;1.2196404962882346;447
1783;61;1.2196336766124414;447
1784;61;1.219626856936648;447
1785;61;1.2196200372608546;447
1786;61;1.2196132175850611;447
1787;61;1.219606397909268;447
1788;61;1.2195995782334745;447
1789;61;1.2195927585576813;447
1790;61;1.2195859388818882;447
1791;61;1.2195791192060945;447
1792;61;1.219572299530301;447
1793;61;1.219565479854508;447
1794;61;1.2195586601787147;447
1795;61;1.2195518405029213;447
1796;61;1.219545020827128;447
1797;61;1.2195382011513347;447
1798;61;1.2195313814755415;447
1799;61;1.219524561799748;447
1800;61;1.2195177421239545;447
1801;61;1.2195109224481613;447
1802;61;1.219504102772368;447
1803;61;1.2194972830965745;447
1804;61;1.2194904634207813;447
1805;61;1.219483643744988;447
1806;61;1.2194768240691947;447
1807;61;1.2194700043934013;447
1808;61;1.219463184717608;447
1809;62;1.231234276933211;447
1810;62;1.2312371206106083;447
1811;62;1.2312399642880056;447
1812;62;1.2312428079654028;447
1813;62;1.2312456516427999;447
1814;62;1.231248495320197;447
1815;62;1.231251338997594;447
1816;62;1.2312541826749914;447
1817;62;1.2312570263523888;447
1818;62;1.2312598700297857;447
1819;62;1.2312627137071828;447
1820;62;1.23126555738458;447
1821;62;1.2312684010619772;447
1822;62;1.2312712447393745;447
1823;62;1.2312740884167717;447
1824;62;1.231276932094169;447
1825;62;1.231279775771566;447
1826;62;1.231282619448963;447
1827;62;1.2312854631263603;447
1828;62;1.2312883068037577;447
1829;62;1.2312911504811548;447
1830;62;1.2312939941585517;447
1831;62;1.231296837835949;447
1832;62;1.2312996815133463;447
1833;62;1.2313025251907435;447
1834;62;1.2313053688681408;447
1835;62;1.2313082125455375;447
1836;62;1.2313110562229348;447
1837;62;1.2313138999003321;447
1838;63;0.9412671957088432;615
1839;63;0.9412688664467186;615
1840;63;0.9412705371845941;615
1841;63;0.9412722079224696;615
1842;63;0.9412738786603448;615
1843;63;0.9412755493982203;615
1844;63;0.9412772201360956;615
1845;63;0.9412788908739711;615
1846;63;0.9412805616118465;615
1847;63;0.9412822323497221;615
1848;63;0.9412839030875974;615
1849;63;0.9412855738254728;615
1850;63;0.9412872445633481;615
1851;63;0.9412889153012236;615
1852;63;0.941290586039099;615
1853;63;0.9412922567769744;615
1854;63;0.9412939275148499;615
1855;63;0.9412955982527254;615
1856;63;0.9412972689906005;615
1857;63;0.941298939728476;615
1858;63;0.9413006104663516;615
1859;63;0.9413022812042269;615
1860;63;0.9413039519421024;615
1861;63;0.9413056226799779;615
1862;63;0.9413072934178532;615
1863;63;0.9413089641557285;615
1864;63;0.941310634893604;615
1865;63;0.9413123056314794;615
1866;63;0.9413139763693549;615
1867;64;0.9450079895568964;615
1868;64;0.9450153888460512;615
1869;64;0.9450227881352058;615
1870;64;0.9450301874243603;615
1871;64;0.945037586713515;615
1872;64;0.9450449860026696;615
1873;64;0.9450523852918242;615
1874;64;0.9450597845809788;615
1875;64;0.9450671838701336;615
1876;64;0.945074583159288;615
1877;64;0.9450819824484427;615
1878;64;0.9450893817375974;615
1879;64;0.945096781026752;615
1880;64;0.9451041803159066;615
1881;64;0.9451115796050612;615
1882;64;0.9451189788942158;615
1883;64;0.9451263781833703;615
1884;64;0.945133777472525;615
1885;64;0.9451411767616796;615
1886;64;0.9451485760508342;615
1887;64;0.945155975339989;615
1888;64;0.9451633746291436;615
1889;64;0.9451707739182981;615
1890;64;0.9451781732074528;615
1891;64;0.9451855724966073;615
1892;64;0.945192971785762;615
1893;64;0.9452003710749165;615
1894;64;0.9452077703640712;615
1895;64;0.9452151696532258;615
1896;65;0.9672087157224695;615
1897;65;0.9672201253868744;615
1898;65;0.9672315350512792;615
1899;65;0.9672429447156842;615
1900;65;0.9672543543800889;615
1901;65;0.9672657640444939;615
1902;65;0.967277173708899;615
1903;65;0.9672885833733037;615
1904;65;0.9672999930377086;615
1905;65;0.9673114027021134;615
1906;65;0.9673228123665184;615
1907;65;0.9673342220309233;615
1908;65;0.9673456316953282;615
1909;65;0.967357041359733;615
1910;65;0.9673684510241378;615
1911;65;0.9673798606885429;615
1912;65;0.9673912703529478;615
1913;65;0.9674026800173526;615
1914;65;0.9674140896817575;615
1915;65;0.9674254993461624;615
1916;65;0.9674369090105672;615
1917;65;0.9674483186749723;615
1918;65;0.9674597283393769;615
1919;65;0.9674711380037819;615
1920;65;0.967482547668187;615
1921;65;0.9674939573325917;615
1922;65;0.9675053669969966;615
1923;65;0.9675167766614015;615
1924;65;0.9675281863258064;615
1925;66;0.9862514148067854;615
1926;66;0.9862372062926028;615
1927;66;0.9862229977784206;615
1928;66;0.986208789264238;615
1929;66;0.9861945807500556;615
1930;66;0.9861803722358733;615
1931;66;0.9861661637216909;615
1932;66;0.9861519552075083;615
1933;66;0.9861377466933259;615
1934;66;0.9861235381791436;615
1935;66;0.9861093296649611;615
1936;66;0.9860951211507786;615
1937;66;0.9860809126365964;615
1938;66;0.9860667041224138;615
1939;66;0.9860524956082314;615
1940;66;0.986038287094049;615
1941;66;0.9860240785798666;615
1942;66;0.9860098700656842;615
1943;66;0.9859956615515016;615
1944;66;0.9859814530373192;615
1945;66;0.9859672445231369;615
1946;66;0.9859530360089545;615
1947;66;0.9859388274947719;615
1948;66;0.9859246189805897;615
1949;66;0.9859104104664071;615
1950;66;0.9858962019522247;615
1951;66;0.9858819934380424;615
1952;66;0.98586778492386;615
1953;66;0.9858535764096774;615
1954;67;1.00249579317297;615
1955;67;1.002495779974972;615
1956;67;1.0024957667769745;615
1957;67;1.0024957535789767;615
1958;67;1.0024957403809789;615
1959;67;1.002495727182981;615
1960;67;1.0024957139849833;615
1961;67;1.0024957007869855;615
1962;67;1.0024956875889877;615
1963;67;1.0024956743909899;615
1964;67;1.0024956611929923;615
1965;67;1.0024956479949945;615
1966;67;1.0024956347969967;615
1967;67;1.0024956215989989;615
1968;67;1.002495608401001;615
1969;67;1.0024955952030035;615
1970;67;1.0024955820050057;615
1971;67;1.0024955688070076;615
1972;67;1.0024955556090098;615
1973;67;1.0024955424110122;615
1974;67;1.0024955292130144;615
1975;67;1.0024955160150166;615
1976;67;1.0024955028170188;615
1977;67;1.002495489619021;615
1978;67;1.0024954764210234;615
1979;67;1.0024954632230256;615
1980;67;1.0024954500250276;615
1981;67;1.00249543682703;615
1982;67;1.0024954236290322;615
1983;68;1.016722712055061;615
1984;68;1.016724420029477;615
1985;68;1.0167261280038933;615
1986;68;1.0167278359783092;615
1987;68;1.016729543952725;615
1988;68;1.0167312519271414;615
1989;68;1.0167329599015573;615
1990;68;1.0167346678759732;615
1991;68;1.0167363758503893;615
1992;68;1.0167380838248052;615
1993;68;1.0167397917992214;615
1994;68;1.0167414997736375;615
1995;68;1.0167432077480534;615
1996;68;1.0167449157224695;615
1997;68;1.0167466236968854;615
1998;68;1.0167483316713013;615
1999;68;1.0167500396457174;615
2000;68;1.0167517476201335;615
2001;68;1.0167534555945494;615
2002;68;1.0167551635689656;615
2003;68;1.0167568715433815;615
2004;68;1.0167585795177974;615
2005;68;1.0167602874922135;615
2006;68;1.0167619954666296;615
2007;68;1.0167637034410455;615
2008;68;1.0167654114154616;615
2009;68;1.0167671193898777;615
2010;68;1.0167688273642939;615
2011;68;1.0167705353387098;615
2012;69;1.0315364024182425;615
2013;69;1.0315338952074526;615
2014;69;1.031531387996663;615
2015;69;1.0315288807858731;615
2016;69;1.0315263735750835;615
2017;69;1.0315238663642938;615
2018;69;1.031521359153504;615
2019;69;1.0315188519427143;615
2020;69;1.0315163447319244;615
2021;69;1.0315138375211346;615
2022;69;1.0315113303103447;615
2023;69;1.031508823099555;615
2024;69;1.0315063158887654;615
2025;69;1.0315038086779755;615
2026;69;1.0315013014671859;615
2027;69;1.031498794256396;615
2028;69;1.0314962870456064;615
2029;69;1.0314937798348165;615
2030;69;1.0314912726240266;615
2031;69;1.031488765413237;615
2032;69;1.0314862582024473;615
2033;69;1.0314837509916575;615
2034;69;1.0314812437808676;615
2035;69;1.031478736570078;615
2036;69;1.031476229359288;615
2037;69;1.0314737221484984;615
2038;69;1.0314712149377085;615
2039;69;1.031468707726919;615
2040;69;1.031466200516129;615
2041;70;1.0464332757997776;615
2042;70;1.0464329792447162;615
2043;70;1.046432682689655;615
2044;70;1.046432386134594;615
2045;70;1.0464320895795327;615
2046;70;1.0464317930244713;615
2047;70;1.0464314964694106;615
2048;70;1.0464311999143492;615
2049;70;1.046430903359288;615
2050;70;1.0464306068042268;615
2051;70;1.0464303102491657;615
2052;70;1.0464300136941045;615
2053;70;1.0464297171390435;615
2054;70;1.0464294205839821;615
2055;70;1.046429124028921;615
2056;70;1.0464288274738598;615
2057;70;1.0464285309187986;615
2058;70;1.0464282343637374;615
2059;70;1.046427937808676;615
2060;70;1.046427641253615;615
2061;70;1.046427344698554;615
2062;70;1.0464270481434925;615
2063;70;1.0464267515884316;615
2064;70;1.0464264550333702;615
2065;70;1.0464261584783092;615
2066;70;1.046425861923248;615
2067;70;1.0464255653681869;615
2068;70;1.0464252688131255;615
2069;70;1.0464249722580645;615
2070;71;1.0599562421573971;615
2071;71;1.0599562165406007;615
2072;71;1.0599561909238042;615
2073;71;1.0599561653070078;615
2074;71;1.0599561396902113;615
2075;71;1.0599561140734148;615
2076;71;1.0599560884566184;615
2077;71;1.0599560628398221;615
2078;71;1.0599560372230257;615
2079;71;1.0599560116062292;615
2080;71;1.0599559859894327;615
2081;71;1.0599559603726363;615
2082;71;1.0599559347558398;615
2083;71;1.0599559091390434;615
2084;71;1.059955883522247;615
2085;71;1.0599558579054504;615
2086;71;1.059955832288654;615
2087;71;1.0599558066718575;615
2088;71;1.059955781055061;615
2089;71;1.0599557554382646;615
2090;71;1.0599557298214684;615
2091;71;1.059955704204672;615
2092;71;1.0599556785878754;615
2093;71;1.059955652971079;615
2094;71;1.0599556273542825;615
2095;71;1.059955601737486;615
2096;71;1.0599555761206896;615
2097;71;1.0599555505038931;615
2098;71;1.0599555248870967;615
2099;72;1.074651519807008;615
2100;72;1.074653748823693;615
2101;72;1.0746559778403781;615
2102;72;1.0746582068570634;615
2103;72;1.0746604358737486;615
2104;72;1.0746626648904338;615
2105;72;1.0746648939071193;615
2106;72;1.0746671229238043;615
2107;72;1.0746693519404895;615
2108;72;1.0746715809571747;615
2109;72;1.0746738099738598;615
2110;72;1.074676038990545;615
2111;72;1.0746782680072302;615
2112;72;1.0746804970239154;615
2113;72;1.0746827260406007;615
2114;72;1.074684955057286;615
2115;72;1.0746871840739711;615
2116;72;1.0746894130906564;615
2117;72;1.0746916421073416;615
2118;72;1.0746938711240266;615
2119;72;1.0746961001407118;615
2120;72;1.074698329157397;615
2121;72;1.074700558174082;615
2122;72;1.0747027871907675;615
2123;72;1.0747050162074527;615
2124;72;1.074707245224138;615
2125;72;1.0747094742408232;615
2126;72;1.0747117032575084;615
2127;72;1.0747139322741934;615
2128;73;1.0892003043926584;615
2129;73;1.0891992450111236;615
2130;73;1.0891981856295883;615
2131;73;1.0891971262480535;615
2132;73;1.0891960668665184;615
2133;73;1.0891950074849834;615
2134;73;1.0891939481034485;615
2135;73;1.0891928887219133;615
2136;73;1.0891918293403782;615
2137;73;1.0891907699588432;615
2138;73;1.089189710577308;615
2139;73;1.0891886511957731;615
2140;73;1.089187591814238;615
2141;73;1.089186532432703;615
2142;73;1.0891854730511679;615
2143;73;1.089184413669633;615
2144;73;1.0891833542880978;615
2145;73;1.0891822949065628;615
2146;73;1.0891812355250277;615
2147;73;1.0891801761434927;615
2148;73;1.0891791167619578;615
2149;73;1.0891780573804226;615
2150;73;1.0891769979988877;615
2151;73;1.0891759386173527;615
2152;73;1.0891748792358174;615
2153;73;1.0891738198542824;615
2154;73;1.0891727604727472;615
2155;73;1.0891717010912125;615
2156;73;1.0891706417096774;615
2157;74;1.1035497404632926;615
2158;74;1.1035497952814237;615
2159;74;1.103549850099555;615
2160;74;1.1035499049176865;615
2161;74;1.1035499597358176;615
2162;74;1.1035500145539485;615
2163;74;1.10355006937208;615
2164;74;1.1035501241902113;615
2165;74;1.1035501790083424;615
2166;74;1.1035502338264738;615
2167;74;1.103550288644605;615
2168;74;1.1035503434627363;615
2169;74;1.1035503982808677;615
2170;74;1.1035504530989988;615
2171;74;1.10355050791713;615
2172;74;1.103550562735261;615
2173;74;1.1035506175533925;615
2174;74;1.1035506723715236;615
2175;74;1.1035507271896552;615
2176;74;1.1035507820077866;615
2177;74;1.1035508368259177;615
2178;74;1.103550891644049;615
2179;74;1.1035509464621804;615
2180;74;1.1035510012803114;615
2181;74;1.1035510560984427;615
2182;74;1.1035511109165739;615
2183;74;1.1035511657347052;615
2184;74;1.1035512205528366;615
2185;74;1.1035512753709678;615
2186;75;1.1185186836006673;615
2187;75;1.118527157314238;615
2188;75;1.1185356310278085;615
2189;75;1.118544104741379;615
2190;75;1.11855257845495;615
2191;75;1.1185610521685208;615
2192;75;1.1185695258820914;615
2193;75;1.1185779995956617;615
2194;75;1.1185864733092326;615
2195;75;1.1185949470228032;615
2196;75;1.1186034207363738;615
2197;75;1.1186118944499446;615
2198;75;1.118620368163515;615
2199;75;1.1186288418770856;615
2200;75;1.1186373155906564;615
2201;75;1.118645789304227;615
2202;75;1.1186542630177974;615
2203;75;1.118662736731368;615
2204;75;1.1186712104449388;615
2205;75;1.1186796841585094;615
2206;75;1.11868815787208;615
2207;75;1.1186966315856506;615
2208;75;1.1187051052992212;615
2209;75;1.118713579012792;615
2210;75;1.1187220527263628;615
2211;75;1.1187305264399334;615
2212;75;1.118739000153504;615
2213;75;1.1187474738670744;615
2214;75;1.1187559475806452;615
2215;76;1.1327664031273637;615
2216;76;1.1327649141095664;615
2217;76;1.1327634250917689;615
2218;76;1.1327619360739714;615
2219;76;1.1327604470561736;615
2220;76;1.1327589580383761;615
2221;76;1.1327574690205784;615
2222;76;1.132755980002781;615
2223;76;1.1327544909849836;615
2224;76;1.1327530019671859;615
2225;76;1.1327515129493881;615
2226;76;1.1327500239315906;615
2227;76;1.132748534913793;615
2228;76;1.1327470458959954;615
2229;76;1.132745556878198;615
2230;76;1.1327440678604004;615
2231;76;1.1327425788426029;615
2232;76;1.1327410898248054;615
2233;76;1.1327396008070076;615
2234;76;1.1327381117892104;615
2235;76;1.1327366227714126;615
2236;76;1.1327351337536151;615
2237;76;1.1327336447358176;615
2238;76;1.13273215571802;615
2239;76;1.1327306667002226;615
2240;76;1.132729177682425;615
2241;76;1.1327276886646274;615
2242;76;1.1327261996468299;615
2243;76;1.1327247106290323;615
2244;77;1.1470363942936594;615
2245;77;1.1470478221840936;615
2246;77;1.1470592500745271;615
2247;77;1.147070677964961;615
2248;77;1.147082105855395;615
2249;77;1.1470935337458286;615
2250;77;1.1471049616362625;615
2251;77;1.1471163895266965;615
2252;77;1.14712781741713;615
2253;77;1.1471392453075642;615
2254;77;1.1471506731979977;615
2255;77;1.1471621010884316;615
2256;77;1.1471735289788654;615
2257;77;1.147184956869299;615
2258;77;1.1471963847597328;615
2259;77;1.1472078126501666;615
2260;77;1.1472192405406008;615
2261;77;1.1472306684310345;615
2262;77;1.1472420963214682;615
2263;77;1.1472535242119022;615
2264;77;1.147264952102336;615
2265;77;1.1472763799927697;615
2266;77;1.1472878078832036;615
2267;77;1.1472992357736371;615
2268;77;1.147310663664071;615
2269;77;1.1473220915545048;615
2270;77;1.1473335194449388;615
2271;77;1.1473449473353727;615
2272;77;1.1473563752258062;615
2273;78;1.1607149149321467;615
2274;78;1.1607161118642935;615
2275;78;1.1607173087964406;615
2276;78;1.1607185057285874;615
2277;78;1.1607197026607343;615
2278;78;1.160720899592881;615
2279;78;1.1607220965250278;615
2280;78;1.1607232934571747;615
2281;78;1.1607244903893215;615
2282;78;1.1607256873214682;615
2283;78;1.1607268842536151;615
2284;78;1.1607280811857619;615
2285;78;1.1607292781179086;615
2286;78;1.1607304750500558;615
2287;78;1.1607316719822025;615
2288;78;1.1607328689143495;615
2289;78;1.1607340658464962;615
2290;78;1.1607352627786427;615
2291;78;1.1607364597107899;615
2292;78;1.1607376566429366;615
2293;78;1.1607388535750833;615
2294;78;1.1607400505072303;615
2295;78;1.1607412474393772;615
2296;78;1.1607424443715242;615
2297;78;1.160743641303671;615
2298;78;1.1607448382358176;615
2299;78;1.1607460351679646;615
2300;78;1.1607472321001113;615
2301;78;1.160748429032258;615
2302;79;1.1752582651551724;615
2303;79;1.1752547501006674;615
2304;79;1.1752512350461624;615
2305;79;1.1752477199916571;615
2306;79;1.1752442049371523;615
2307;79;1.1752406898826475;615
2308;79;1.1752371748281425;615
2309;79;1.175233659773637;615
2310;79;1.1752301447191325;615
2311;79;1.1752266296646274;615
2312;79;1.1752231146101224;615
2313;79;1.1752195995556174;615
2314;79;1.1752160845011124;615
2315;79;1.1752125694466073;615
2316;79;1.1752090543921023;615
2317;79;1.1752055393375973;615
2318;79;1.1752020242830925;615
2319;79;1.1751985092285875;615
2320;79;1.1751949941740822;615
2321;79;1.1751914791195772;615
2322;79;1.1751879640650724;615
2323;79;1.1751844490105674;615
2324;79;1.1751809339560624;615
2325;79;1.1751774189015571;615
2326;79;1.1751739038470523;615
2327;79;1.1751703887925473;615
2328;79;1.1751668737380425;615
2329;79;1.1751633586835373;615
2330;79;1.1751598436290323;615
2331;80;1.1955277469154617;615
2332;80;1.1955136750728588;615
2333;80;1.1954996032302556;615
2334;80;1.1954855313876527;615
2335;80;1.1954714595450497;615
2336;80;1.1954573877024472;615
2337;80;1.195443315859844;615
2338;80;1.1954292440172414;615
2339;80;1.1954151721746384;615
2340;80;1.1954011003320357;615
2341;80;1.1953870284894326;615
2342;80;1.1953729566468299;615
2343;80;1.1953588848042267;615
2344;80;1.1953448129616242;615
2345;80;1.1953307411190213;615
2346;80;1.1953166692764183;615
2347;80;1.1953025974338154;615
2348;80;1.1952885255912125;615
2349;80;1.1952744537486095;615
2350;80;1.1952603819060066;615
2351;80;1.195246310063404;615
2352;80;1.195232238220801;615
2353;80;1.195218166378198;615
2354;80;1.195204094535595;615
2355;80;1.1951900226929923;615
2356;80;1.1951759508503894;615
2357;80;1.1951618790077867;615
2358;80;1.1951478071651833;615
2359;80;1.1951337353225808;615
2360;81;1.2043284417185762;615
2361;81;1.204331318179088;615
2362;81;1.2043341946395996;615
2363;81;1.2043370711001113;615
2364;81;1.2043399475606231;615
2365;81;1.2043428240211347;615
2366;81;1.204345700481646;615
2367;81;1.204348576942158;615
2368;81;1.2043514534026696;615
2369;81;1.2043543298631811;615
2370;81;1.204357206323693;615
2371;81;1.204360082784205;615
2372;81;1.2043629592447163;615
2373;81;1.204365835705228;615
2374;81;1.2043687121657398;615
2375;81;1.2043715886262516;615
2376;81;1.2043744650867632;615
2377;81;1.2043773415472747;615
2378;81;1.2043802180077865;615
2379;81;1.204383094468298;615
2380;81;1.2043859709288098;615
2381;81;1.2043888473893214;615
2382;81;1.2043917238498332;615
2383;81;1.204394600310345;615
2384;81;1.2043974767708565;615
2385;81;1.2044003532313683;615
2386;81;1.20440322969188;615
2387;81;1.2044061061523914;615
2388;81;1.2044089826129032;615
2389;82;1.2207772384160178;615
2390;82;1.2207657568159065;615
2391;82;1.2207542752157952;615
2392;82;1.2207427936156838;615
2393;82;1.220731312015573;615
2394;82;1.2207198304154616;615
2395;82;1.2207083488153503;615
2396;82;1.2206968672152392;615
2397;82;1.2206853856151276;615
2398;82;1.2206739040150167;615
2399;82;1.2206624224149056;615
2400;82;1.220650940814794;615
2401;82;1.220639459214683;615
2402;82;1.2206279776145716;615
2403;82;1.2206164960144603;615
2404;82;1.220605014414349;615
2405;82;1.220593532814238;615
2406;82;1.2205820512141268;615
2407;82;1.2205705696140154;615
2408;82;1.2205590880139046;615
2409;82;1.2205476064137932;615
2410;82;1.220536124813682;615
2411;82;1.2205246432135708;615
2412;82;1.2205131616134595;615
2413;82;1.2205016800133481;615
2414;82;1.2204901984132368;615
2415;82;1.220478716813126;615
2416;82;1.2204672352130144;615
2417;82;1.2204557536129033;615
2418;83;1.2317746066918798;615
2419;83;1.2317797608031147;615
2420;83;1.2317849149143494;615
2421;83;1.231790069025584;615
2422;83;1.2317952231368186;615
2423;83;1.2318003772480535;615
2424;83;1.231805531359288;615
2425;83;1.2318106854705229;615
2426;83;1.2318158395817578;615
2427;83;1.2318209936929922;615
2428;83;1.2318261478042272;615
2429;83;1.2318313019154614;615
2430;83;1.2318364560266963;615
2431;83;1.231841610137931;615
2432;83;1.2318467642491657;615
2433;83;1.2318519183604004;615
2434;83;1.2318570724716351;615
2435;83;1.2318622265828698;615
2436;83;1.2318673806941045;615
2437;83;1.231872534805339;615
2438;83;1.231877688916574;615
2439;83;1.2318828430278086;615
2440;83;1.2318879971390433;615
2441;83;1.2318931512502782;615
2442;83;1.2318983053615127;615
2443;83;1.2319034594727474;615
2444;83;1.2319086135839818;615
2445;83;1.231913767695217;615
2446;83;1.2319189218064515;615
