waveform;Bridge;Resistance_0;Resistance_1
t0;29/11/2021  17:31:09,391641;29/11/2021  17:31:09,901058;29/11/2021  17:31:09,901058
delta t;0,000500;0,005000;0,005000

time;Bridge;Resistance_0;Resistance_1
29/11/2021  17:31:09,391641;9,397459E-4;1,074985E+2;1,078587E+2
29/11/2021  17:31:09,392141;9,386312E-4;1,074985E+2;1,078587E+2
29/11/2021  17:31:09,392641;9,385835E-4;1,074985E+2;1,078587E+2
29/11/2021  17:31:09,393141;9,397935E-4;1,074985E+2;1,078587E+2
29/11/2021  17:31:09,393641;9,388428E-4;1,074985E+2;1,078587E+2
29/11/2021  17:31:09,394141;9,386670E-4;1,074985E+2;1,078587E+2
29/11/2021  17:31:09,394641;9,387743E-4;1,074985E+2;1,078587E+2
29/11/2021  17:31:09,395141;9,386491E-4;1,074985E+2;1,078587E+2
29/11/2021  17:31:09,395641;9,390157E-4;1,074985E+2;1,078587E+2
29/11/2021  17:31:09,396141;9,391379E-4;1,074985E+2;1,078587E+2
29/11/2021  17:31:09,396641;9,386759E-4;1,074985E+2;1,078587E+2
29/11/2021  17:31:09,397141;9,392601E-4;1,074985E+2;1,078587E+2
29/11/2021  17:31:09,397641;9,387475E-4;1,074985E+2;1,078587E+2
29/11/2021  17:31:09,398141;9,394478E-4;1,074985E+2;1,078587E+2
29/11/2021  17:31:09,398641;9,406250E-4;1,074985E+2;1,078587E+2
29/11/2021  17:31:09,399141;9,392124E-4;1,074985E+2;1,078587E+2
29/11/2021  17:31:09,399641;9,392005E-4;1,074985E+2;1,078587E+2
29/11/2021  17:31:09,400141;9,388339E-4;1,074985E+2;1,078587E+2
29/11/2021  17:31:09,400641;9,399724E-4;1,074985E+2;1,078587E+2
29/11/2021  17:31:09,401141;9,393823E-4;1,074985E+2;1,078587E+2
29/11/2021  17:31:09,401641;9,400260E-4;1,074980E+2;1,078611E+2
29/11/2021  17:31:09,402141;9,395998E-4;1,074980E+2;1,078611E+2
29/11/2021  17:31:09,402641;9,401691E-4;1,074980E+2;1,078611E+2
29/11/2021  17:31:09,403141;9,396594E-4;1,074980E+2;1,078611E+2
29/11/2021  17:31:09,403641;9,402823E-4;1,074980E+2;1,078611E+2
29/11/2021  17:31:09,404141;9,390067E-4;1,074980E+2;1,078611E+2
29/11/2021  17:31:09,404641;9,391289E-4;1,074980E+2;1,078611E+2
29/11/2021  17:31:09,405141;9,394538E-4;1,074980E+2;1,078611E+2
29/11/2021  17:31:09,405641;9,389769E-4;1,074980E+2;1,078611E+2
29/11/2021  17:31:09,406141;9,398919E-4;1,074980E+2;1,078611E+2
29/11/2021  17:31:09,406641;9,388488E-4;1,074980E+2;1,078611E+2
29/11/2021  17:31:09,407141;9,392988E-4;1,074980E+2;1,078611E+2
29/11/2021  17:31:09,407641;9,398770E-4;1,074980E+2;1,078611E+2
29/11/2021  17:31:09,408141;9,395402E-4;1,074980E+2;1,078611E+2
29/11/2021  17:31:09,408641;9,392213E-4;1,074980E+2;1,078611E+2
29/11/2021  17:31:09,409141;9,396535E-4;1,074980E+2;1,078611E+2
29/11/2021  17:31:09,409641;9,402466E-4;1,074980E+2;1,078611E+2
29/11/2021  17:31:09,410141;9,389948E-4;1,074980E+2;1,078611E+2
29/11/2021  17:31:09,410641;9,396982E-4;1,074980E+2;1,078611E+2
29/11/2021  17:31:09,411141;9,397369E-4;1,074980E+2;1,078611E+2
29/11/2021  17:31:09,411641;9,391528E-4;1,074980E+2;1,078611E+2
29/11/2021  17:31:09,412141;9,390813E-4;1,074980E+2;1,078611E+2
29/11/2021  17:31:09,412641;9,390187E-4;1,074980E+2;1,078611E+2
29/11/2021  17:31:09,413141;9,400856E-4;1,074980E+2;1,078611E+2
29/11/2021  17:31:09,413641;9,389829E-4;1,074980E+2;1,078611E+2
29/11/2021  17:31:09,414141;9,392958E-4;1,074980E+2;1,078611E+2
29/11/2021  17:31:09,414641;9,389620E-4;1,074980E+2;1,078611E+2
29/11/2021  17:31:09,415141;9,391945E-4;1,074980E+2;1,078611E+2
29/11/2021  17:31:09,415641;9,386402E-4;1,074980E+2;1,078611E+2
29/11/2021  17:31:09,416141;9,393227E-4;1,074980E+2;1,078611E+2
29/11/2021  17:31:09,416641;9,388726E-4;1,074980E+2;1,078611E+2
29/11/2021  17:31:09,417141;9,392899E-4;1,074980E+2;1,078611E+2
29/11/2021  17:31:09,417641;9,396594E-4;1,074980E+2;1,078611E+2
29/11/2021  17:31:09,418141;9,387445E-4;1,074980E+2;1,078611E+2
29/11/2021  17:31:09,418641;9,405267E-4;1,074980E+2;1,078611E+2
29/11/2021  17:31:09,419141;9,389114E-4;1,074980E+2;1,078611E+2
29/11/2021  17:31:09,419641;9,387683E-4;1,074980E+2;1,078611E+2
29/11/2021  17:31:09,420141;9,392124E-4;1,074980E+2;1,078611E+2
29/11/2021  17:31:09,420641;9,385925E-4;1,074980E+2;1,078611E+2
29/11/2021  17:31:09,421141;9,392869E-4;1,074980E+2;1,078611E+2
29/11/2021  17:31:09,421641;9,390962E-4;1,074980E+2;1,078611E+2
29/11/2021  17:31:09,422141;9,398323E-4;1,074980E+2;1,078611E+2
29/11/2021  17:31:09,422641;9,394568E-4;1,074980E+2;1,078611E+2
29/11/2021  17:31:09,423141;9,386908E-4;1,074980E+2;1,078611E+2
29/11/2021  17:31:09,423641;9,391319E-4;1,074980E+2;1,078611E+2
29/11/2021  17:31:09,424141;9,391885E-4;1,074980E+2;1,078611E+2
29/11/2021  17:31:09,424641;9,393912E-4;1,074980E+2;1,078611E+2
29/11/2021  17:31:09,425141;9,391230E-4;1,074980E+2;1,078611E+2
29/11/2021  17:31:09,425641;9,391766E-4;1,074980E+2;1,078611E+2
29/11/2021  17:31:09,426141;9,394478E-4;1,074980E+2;1,078611E+2
29/11/2021  17:31:09,426641;9,383809E-4;1,074980E+2;1,078611E+2
29/11/2021  17:31:09,427141;9,391915E-4;1,074980E+2;1,078611E+2
29/11/2021  17:31:09,427641;9,385955E-4;1,074980E+2;1,078611E+2
29/11/2021  17:31:09,428141;9,394627E-4;1,074980E+2;1,078611E+2
29/11/2021  17:31:09,428641;9,397161E-4;1,074980E+2;1,078611E+2
29/11/2021  17:31:09,429141;9,393405E-4;1,074980E+2;1,078611E+2
29/11/2021  17:31:09,429641;9,387862E-4;1,074980E+2;1,078611E+2
29/11/2021  17:31:09,430141;9,391975E-4;1,074980E+2;1,078611E+2
29/11/2021  17:31:09,430641;9,401810E-4;1,074980E+2;1,078611E+2
29/11/2021  17:31:09,431141;9,390395E-4;1,074980E+2;1,078611E+2
29/11/2021  17:31:09,431641;9,392064E-4;1,074980E+2;1,078611E+2
29/11/2021  17:31:09,432141;9,392034E-4;1,074980E+2;1,078611E+2
29/11/2021  17:31:09,432641;9,399336E-4;1,074980E+2;1,078611E+2
29/11/2021  17:31:09,433141;9,385180E-4;1,074980E+2;1,078611E+2
29/11/2021  17:31:09,433641;9,394627E-4;1,074980E+2;1,078611E+2
29/11/2021  17:31:09,434141;9,395790E-4;1,074980E+2;1,078611E+2
29/11/2021  17:31:09,434641;9,393227E-4;1,074980E+2;1,078611E+2
29/11/2021  17:31:09,435141;9,396326E-4;1,074980E+2;1,078611E+2
29/11/2021  17:31:09,435641;9,399694E-4;1,074980E+2;1,078611E+2
29/11/2021  17:31:09,436141;9,385984E-4;1,074980E+2;1,078611E+2
29/11/2021  17:31:09,436641;9,392094E-4;1,074980E+2;1,078611E+2
29/11/2021  17:31:09,437141;9,386014E-4;1,074980E+2;1,078611E+2
29/11/2021  17:31:09,437641;9,392452E-4;1,074980E+2;1,078611E+2
29/11/2021  17:31:09,438141;9,388667E-4;1,074980E+2;1,078611E+2
29/11/2021  17:31:09,438641;9,393167E-4;1,074980E+2;1,078611E+2
29/11/2021  17:31:09,439141;9,389173E-4;1,074980E+2;1,078611E+2
29/11/2021  17:31:09,439641;9,388428E-4;1,074980E+2;1,078611E+2
29/11/2021  17:31:09,440141;9,391736E-4;1,074980E+2;1,078611E+2
29/11/2021  17:31:09,440641;9,397131E-4;1,074980E+2;1,078611E+2
29/11/2021  17:31:09,441141;9,390067E-4;1,074980E+2;1,078611E+2
29/11/2021  17:31:09,441641;9,389322E-4;1,074980E+2;1,078611E+2
29/11/2021  17:31:09,442141;9,390246E-4;1,074980E+2;1,078611E+2
29/11/2021  17:31:09,442641;9,390336E-4;1,074980E+2;1,078611E+2
29/11/2021  17:31:09,443141;9,382915E-4;1,074980E+2;1,078611E+2
29/11/2021  17:31:09,443641;9,393465E-4;1,074980E+2;1,078611E+2
29/11/2021  17:31:09,444141;9,392809E-4;1,074980E+2;1,078611E+2
29/11/2021  17:31:09,444641;9,401869E-4;1,074980E+2;1,078611E+2
29/11/2021  17:31:09,445141;9,398412E-4;1,074980E+2;1,078611E+2
29/11/2021  17:31:09,445641;9,387475E-4;1,074980E+2;1,078611E+2
29/11/2021  17:31:09,446141;9,400618E-4;1,074980E+2;1,078611E+2
29/11/2021  17:31:09,446641;9,390008E-4;1,074980E+2;1,078611E+2
29/11/2021  17:31:09,447141;9,390813E-4;1,074980E+2;1,078611E+2
29/11/2021  17:31:09,447641;9,394240E-4;1,074980E+2;1,078611E+2
29/11/2021  17:31:09,448141;9,390246E-4;1,074980E+2;1,078611E+2
29/11/2021  17:31:09,448641;9,401869E-4;1,074980E+2;1,078611E+2
29/11/2021  17:31:09,449141;9,393972E-4;1,074980E+2;1,078611E+2
29/11/2021  17:31:09,449641;9,405774E-4;1,074980E+2;1,078611E+2
29/11/2021  17:31:09,450141;9,408873E-4;1,074980E+2;1,078611E+2
29/11/2021  17:31:09,450641;9,395551E-4;1,074980E+2;1,078611E+2
29/11/2021  17:31:09,451141;9,403449E-4;1,074980E+2;1,078611E+2
29/11/2021  17:31:09,451641;9,395015E-4;1,074985E+2;1,078594E+2
29/11/2021  17:31:09,452141;9,391140E-4;1,074985E+2;1,078594E+2
29/11/2021  17:31:09,452641;9,388130E-4;1,074985E+2;1,078594E+2
29/11/2021  17:31:09,453141;9,395760E-4;1,074985E+2;1,078594E+2
29/11/2021  17:31:09,453641;9,399396E-4;1,074985E+2;1,078594E+2
29/11/2021  17:31:09,454141;9,397578E-4;1,074985E+2;1,078594E+2
29/11/2021  17:31:09,454641;9,382945E-4;1,074985E+2;1,078594E+2
29/11/2021  17:31:09,455141;9,386730E-4;1,074985E+2;1,078594E+2
29/11/2021  17:31:09,455641;9,377461E-4;1,074985E+2;1,078594E+2
29/11/2021  17:31:09,456141;9,394747E-4;1,074985E+2;1,078594E+2
29/11/2021  17:31:09,456641;9,390127E-4;1,074985E+2;1,078594E+2
29/11/2021  17:31:09,457141;9,379517E-4;1,074985E+2;1,078594E+2
29/11/2021  17:31:09,457641;9,397578E-4;1,074985E+2;1,078594E+2
29/11/2021  17:31:09,458141;9,391349E-4;1,074985E+2;1,078594E+2
29/11/2021  17:31:09,458641;9,380829E-4;1,074985E+2;1,078594E+2
29/11/2021  17:31:09,459141;9,392958E-4;1,074985E+2;1,078594E+2
29/11/2021  17:31:09,459641;9,387057E-4;1,074985E+2;1,078594E+2
29/11/2021  17:31:09,460141;9,385984E-4;1,074985E+2;1,078594E+2
29/11/2021  17:31:09,460641;9,392183E-4;1,074985E+2;1,078594E+2
29/11/2021  17:31:09,461141;9,388637E-4;1,074985E+2;1,078594E+2
29/11/2021  17:31:09,461641;9,393495E-4;1,074985E+2;1,078594E+2
29/11/2021  17:31:09,462141;9,387296E-4;1,074985E+2;1,078594E+2
29/11/2021  17:31:09,462641;9,393256E-4;1,074985E+2;1,078594E+2
29/11/2021  17:31:09,463141;9,389799E-4;1,074985E+2;1,078594E+2
29/11/2021  17:31:09,463641;9,390187E-4;1,074985E+2;1,078594E+2
29/11/2021  17:31:09,464141;9,395402E-4;1,074985E+2;1,078594E+2
29/11/2021  17:31:09,464641;9,396565E-4;1,074985E+2;1,078594E+2
29/11/2021  17:31:09,465141;9,388786E-4;1,074985E+2;1,078594E+2
29/11/2021  17:31:09,465641;9,396088E-4;1,074985E+2;1,078594E+2
29/11/2021  17:31:09,466141;9,385806E-4;1,074985E+2;1,078594E+2
29/11/2021  17:31:09,466641;9,382259E-4;1,074985E+2;1,078594E+2
29/11/2021  17:31:09,467141;9,388279E-4;1,074985E+2;1,078594E+2
29/11/2021  17:31:09,467641;9,390127E-4;1,074985E+2;1,078594E+2
29/11/2021  17:31:09,468141;9,403181E-4;1,074985E+2;1,078594E+2
29/11/2021  17:31:09,468641;9,394419E-4;1,074985E+2;1,078594E+2
29/11/2021  17:31:09,469141;9,392750E-4;1,074985E+2;1,078594E+2
29/11/2021  17:31:09,469641;9,392988E-4;1,074985E+2;1,078594E+2
29/11/2021  17:31:09,470141;9,384763E-4;1,074985E+2;1,078594E+2
29/11/2021  17:31:09,470641;9,389501E-4;1,074985E+2;1,078594E+2
29/11/2021  17:31:09,471141;9,395104E-4;1,074985E+2;1,078594E+2
29/11/2021  17:31:09,471641;9,390872E-4;1,074985E+2;1,078594E+2
29/11/2021  17:31:09,472141;9,397816E-4;1,074985E+2;1,078594E+2
29/11/2021  17:31:09,472641;9,392571E-4;1,074985E+2;1,078594E+2
29/11/2021  17:31:09,473141;9,393167E-4;1,074985E+2;1,078594E+2
29/11/2021  17:31:09,473641;9,402704E-4;1,074985E+2;1,078594E+2
29/11/2021  17:31:09,474141;9,395283E-4;1,074985E+2;1,078594E+2
29/11/2021  17:31:09,474641;9,397131E-4;1,074985E+2;1,078594E+2
29/11/2021  17:31:09,475141;9,394717E-4;1,074985E+2;1,078594E+2
29/11/2021  17:31:09,475641;9,397339E-4;1,074985E+2;1,078594E+2
29/11/2021  17:31:09,476141;9,385299E-4;1,074985E+2;1,078594E+2
29/11/2021  17:31:09,476641;9,380441E-4;1,074985E+2;1,078594E+2
29/11/2021  17:31:09,477141;9,380232E-4;1,074985E+2;1,078594E+2
29/11/2021  17:31:09,477641;9,391736E-4;1,074985E+2;1,078594E+2
29/11/2021  17:31:09,478141;9,388875E-4;1,074985E+2;1,078594E+2
29/11/2021  17:31:09,478641;9,385418E-4;1,074985E+2;1,078594E+2
29/11/2021  17:31:09,479141;9,396386E-4;1,074985E+2;1,078594E+2
29/11/2021  17:31:09,479641;9,384226E-4;1,074985E+2;1,078594E+2
29/11/2021  17:31:09,480141;9,392988E-4;1,074985E+2;1,078594E+2
29/11/2021  17:31:09,480641;9,390664E-4;1,074985E+2;1,078594E+2
29/11/2021  17:31:09,481141;9,396445E-4;1,074985E+2;1,078594E+2
29/11/2021  17:31:09,481641;9,400409E-4;1,074985E+2;1,078594E+2
29/11/2021  17:31:09,482141;9,391826E-4;1,074985E+2;1,078594E+2
29/11/2021  17:31:09,482641;9,396356E-4;1,074985E+2;1,078594E+2
29/11/2021  17:31:09,483141;9,392958E-4;1,074985E+2;1,078594E+2
29/11/2021  17:31:09,483641;9,396714E-4;1,074985E+2;1,078594E+2
29/11/2021  17:31:09,484141;9,390276E-4;1,074985E+2;1,078594E+2
29/11/2021  17:31:09,484641;9,389948E-4;1,074985E+2;1,078594E+2
29/11/2021  17:31:09,485141;9,385597E-4;1,074985E+2;1,078594E+2
29/11/2021  17:31:09,485641;9,394121E-4;1,074985E+2;1,078594E+2
29/11/2021  17:31:09,486141;9,399664E-4;1,074985E+2;1,078594E+2
29/11/2021  17:31:09,486641;9,393078E-4;1,074985E+2;1,078594E+2
29/11/2021  17:31:09,487141;9,387445E-4;1,074985E+2;1,078594E+2
29/11/2021  17:31:09,487641;9,383809E-4;1,074985E+2;1,078594E+2
29/11/2021  17:31:09,488141;9,393435E-4;1,074985E+2;1,078594E+2
29/11/2021  17:31:09,488641;9,383034E-4;1,074985E+2;1,078594E+2
29/11/2021  17:31:09,489141;9,388279E-4;1,074985E+2;1,078594E+2
29/11/2021  17:31:09,489641;9,396296E-4;1,074985E+2;1,078594E+2
29/11/2021  17:31:09,490141;9,388548E-4;1,074985E+2;1,078594E+2
29/11/2021  17:31:09,490641;9,384286E-4;1,074985E+2;1,078594E+2
29/11/2021  17:31:09,491141;9,396177E-4;1,074985E+2;1,078594E+2
29/11/2021  17:31:09,491641;9,391915E-4;1,074985E+2;1,078594E+2
29/11/2021  17:31:09,492141;9,382796E-4;1,074985E+2;1,078594E+2
29/11/2021  17:31:09,492641;9,390365E-4;1,074985E+2;1,078594E+2
29/11/2021  17:31:09,493141;9,389918E-4;1,074985E+2;1,078594E+2
29/11/2021  17:31:09,493641;9,393942E-4;1,074985E+2;1,078594E+2
29/11/2021  17:31:09,494141;9,390246E-4;1,074985E+2;1,078594E+2
29/11/2021  17:31:09,494641;9,391319E-4;1,074985E+2;1,078594E+2
29/11/2021  17:31:09,495141;9,389680E-4;1,074985E+2;1,078594E+2
29/11/2021  17:31:09,495641;9,391528E-4;1,074985E+2;1,078594E+2
29/11/2021  17:31:09,496141;9,391081E-4;1,074985E+2;1,078594E+2
29/11/2021  17:31:09,496641;9,394270E-4;1,074985E+2;1,078594E+2
29/11/2021  17:31:09,497141;9,391468E-4;1,074985E+2;1,078594E+2
29/11/2021  17:31:09,497641;9,390693E-4;1,074985E+2;1,078594E+2
29/11/2021  17:31:09,498141;9,392780E-4;1,074985E+2;1,078594E+2
29/11/2021  17:31:09,498641;9,387862E-4;1,074985E+2;1,078594E+2
29/11/2021  17:31:09,499141;9,398383E-4;1,074985E+2;1,078594E+2
29/11/2021  17:31:09,499641;9,391438E-4;1,074985E+2;1,078594E+2
29/11/2021  17:31:09,500141;9,405505E-4;1,074985E+2;1,078594E+2
29/11/2021  17:31:09,500641;9,392899E-4;1,074985E+2;1,078594E+2
29/11/2021  17:31:09,501141;9,396326E-4;1,074985E+2;1,078594E+2
29/11/2021  17:31:09,501641;9,400230E-4;;
29/11/2021  17:31:09,502141;9,382140E-4;;
29/11/2021  17:31:09,502641;9,395998E-4;;
29/11/2021  17:31:09,503141;9,398591E-4;;
29/11/2021  17:31:09,503641;9,397906E-4;;
29/11/2021  17:31:09,504141;9,391945E-4;;
29/11/2021  17:31:09,504641;9,386133E-4;;
29/11/2021  17:31:09,505141;9,393733E-4;;
29/11/2021  17:31:09,505641;9,392034E-4;;
29/11/2021  17:31:09,506141;9,392690E-4;;
29/11/2021  17:31:09,506641;9,403062E-4;;
29/11/2021  17:31:09,507141;9,391289E-4;;
29/11/2021  17:31:09,507641;9,389829E-4;;
29/11/2021  17:31:09,508141;9,389024E-4;;
29/11/2021  17:31:09,508641;9,390246E-4;;
29/11/2021  17:31:09,509141;9,396833E-4;;
29/11/2021  17:31:09,509641;9,392422E-4;;
29/11/2021  17:31:09,510141;9,383570E-4;;
29/11/2021  17:31:09,510641;9,393137E-4;;
29/11/2021  17:31:09,511141;9,385567E-4;;
29/11/2021  17:31:09,511641;9,395849E-4;;
29/11/2021  17:31:09,512141;9,394061E-4;;
29/11/2021  17:31:09,512641;9,390872E-4;;
29/11/2021  17:31:09,513141;9,384733E-4;;
29/11/2021  17:31:09,513641;9,396654E-4;;
29/11/2021  17:31:09,514141;9,396952E-4;;
29/11/2021  17:31:09,514641;9,384882E-4;;
29/11/2021  17:31:09,515141;9,387624E-4;;
29/11/2021  17:31:09,515641;9,396058E-4;;
29/11/2021  17:31:09,516141;9,386938E-4;;
29/11/2021  17:31:09,516641;9,388160E-4;;
29/11/2021  17:31:09,517141;9,386998E-4;;
29/11/2021  17:31:09,517641;9,385269E-4;;
29/11/2021  17:31:09,518141;9,390991E-4;;
29/11/2021  17:31:09,518641;9,392809E-4;;
29/11/2021  17:31:09,519141;9,390216E-4;;
29/11/2021  17:31:09,519641;9,393554E-4;;
29/11/2021  17:31:09,520141;9,392273E-4;;
29/11/2021  17:31:09,520641;9,396684E-4;;
29/11/2021  17:31:09,521141;9,386104E-4;;
29/11/2021  17:31:09,521641;9,389114E-4;;
29/11/2021  17:31:09,522141;9,396952E-4;;
29/11/2021  17:31:09,522641;9,392720E-4;;
29/11/2021  17:31:09,523141;9,397846E-4;;
29/11/2021  17:31:09,523641;9,393584E-4;;
29/11/2021  17:31:09,524141;9,393882E-4;;
29/11/2021  17:31:09,524641;9,389144E-4;;
29/11/2021  17:31:09,525141;9,389382E-4;;
29/11/2021  17:31:09,525641;9,391111E-4;;
29/11/2021  17:31:09,526141;9,390187E-4;;
29/11/2021  17:31:09,526641;9,400290E-4;;
29/11/2021  17:31:09,527141;9,393376E-4;;
29/11/2021  17:31:09,527641;9,381395E-4;;
29/11/2021  17:31:09,528141;9,402376E-4;;
29/11/2021  17:31:09,528641;9,393405E-4;;
29/11/2021  17:31:09,529141;9,390991E-4;;
29/11/2021  17:31:09,529641;9,395015E-4;;
29/11/2021  17:31:09,530141;9,387951E-4;;
29/11/2021  17:31:09,530641;9,395253E-4;;
29/11/2021  17:31:09,531141;9,398204E-4;;
29/11/2021  17:31:09,531641;9,394955E-4;;
29/11/2021  17:31:09,532141;9,390842E-4;;
29/11/2021  17:31:09,532641;9,398442E-4;;
29/11/2021  17:31:09,533141;9,381901E-4;;
29/11/2021  17:31:09,533641;9,389471E-4;;
29/11/2021  17:31:09,534141;9,390008E-4;;
29/11/2021  17:31:09,534641;9,390962E-4;;
29/11/2021  17:31:09,535141;9,399396E-4;;
29/11/2021  17:31:09,535641;9,384315E-4;;
29/11/2021  17:31:09,536141;9,389352E-4;;
29/11/2021  17:31:09,536641;9,393852E-4;;
29/11/2021  17:31:09,537141;9,397071E-4;;
29/11/2021  17:31:09,537641;9,390455E-4;;
29/11/2021  17:31:09,538141;9,389144E-4;;
29/11/2021  17:31:09,538641;9,394359E-4;;
29/11/2021  17:31:09,539141;9,386193E-4;;
29/11/2021  17:31:09,539641;9,395998E-4;;
29/11/2021  17:31:09,540141;9,396684E-4;;
29/11/2021  17:31:09,540641;9,386640E-4;;
29/11/2021  17:31:09,541141;9,393227E-4;;
29/11/2021  17:31:09,541641;9,390813E-4;;
29/11/2021  17:31:09,542141;9,394001E-4;;
29/11/2021  17:31:09,542641;9,390485E-4;;
29/11/2021  17:31:09,543141;9,391021E-4;;
29/11/2021  17:31:09,543641;9,395819E-4;;
29/11/2021  17:31:09,544141;9,392541E-4;;
29/11/2021  17:31:09,544641;9,394687E-4;;
29/11/2021  17:31:09,545141;9,392660E-4;;
29/11/2021  17:31:09,545641;9,392303E-4;;
29/11/2021  17:31:09,546141;9,397518E-4;;
29/11/2021  17:31:09,546641;9,394836E-4;;
29/11/2021  17:31:09,547141;9,391409E-4;;
29/11/2021  17:31:09,547641;9,401810E-4;;
29/11/2021  17:31:09,548141;9,389263E-4;;
29/11/2021  17:31:09,548641;9,392422E-4;;
29/11/2021  17:31:09,549141;9,398383E-4;;
29/11/2021  17:31:09,549641;9,396654E-4;;
29/11/2021  17:31:09,550141;9,391289E-4;;
29/11/2021  17:31:09,550641;9,392243E-4;;
29/11/2021  17:31:09,551141;9,400350E-4;;
29/11/2021  17:31:09,551641;9,395313E-4;;
29/11/2021  17:31:09,552141;9,388339E-4;;
29/11/2021  17:31:09,552641;9,381723E-4;;
29/11/2021  17:31:09,553141;9,391885E-4;;
29/11/2021  17:31:09,553641;9,395909E-4;;
29/11/2021  17:31:09,554141;9,391975E-4;;
29/11/2021  17:31:09,554641;9,385835E-4;;
29/11/2021  17:31:09,555141;9,404343E-4;;
29/11/2021  17:31:09,555641;9,387326E-4;;
29/11/2021  17:31:09,556141;9,396207E-4;;
29/11/2021  17:31:09,556641;9,397280E-4;;
29/11/2021  17:31:09,557141;9,394389E-4;;
29/11/2021  17:31:09,557641;9,385955E-4;;
29/11/2021  17:31:09,558141;9,390455E-4;;
29/11/2021  17:31:09,558641;9,394598E-4;;
29/11/2021  17:31:09,559141;9,388548E-4;;
29/11/2021  17:31:09,559641;9,395849E-4;;
29/11/2021  17:31:09,560141;9,395343E-4;;
29/11/2021  17:31:09,560641;9,388458E-4;;
29/11/2021  17:31:09,561141;9,388816E-4;;
29/11/2021  17:31:09,561641;9,386074E-4;;
29/11/2021  17:31:09,562141;9,388846E-4;;
29/11/2021  17:31:09,562641;9,392660E-4;;
29/11/2021  17:31:09,563141;9,389978E-4;;
29/11/2021  17:31:09,563641;9,395194E-4;;
29/11/2021  17:31:09,564141;9,394299E-4;;
29/11/2021  17:31:09,564641;9,391051E-4;;
29/11/2021  17:31:09,565141;9,390634E-4;;
29/11/2021  17:31:09,565641;9,398144E-4;;
29/11/2021  17:31:09,566141;9,387057E-4;;
29/11/2021  17:31:09,566641;9,387326E-4;;
29/11/2021  17:31:09,567141;9,404522E-4;;
29/11/2021  17:31:09,567641;9,397220E-4;;
29/11/2021  17:31:09,568141;9,385478E-4;;
29/11/2021  17:31:09,568641;9,398412E-4;;
29/11/2021  17:31:09,569141;9,409171E-4;;
29/11/2021  17:31:09,569641;9,391945E-4;;
29/11/2021  17:31:09,570141;9,395283E-4;;
29/11/2021  17:31:09,570641;9,395074E-4;;
29/11/2021  17:31:09,571141;9,390306E-4;;
29/11/2021  17:31:09,571641;9,388398E-4;;
29/11/2021  17:31:09,572141;9,398383E-4;;
29/11/2021  17:31:09,572641;9,389263E-4;;
29/11/2021  17:31:09,573141;9,384971E-4;;
29/11/2021  17:31:09,573641;9,390544E-4;;
29/11/2021  17:31:09,574141;9,399336E-4;;
29/11/2021  17:31:09,574641;9,392332E-4;;
29/11/2021  17:31:09,575141;9,384912E-4;;
29/11/2021  17:31:09,575641;9,388428E-4;;
29/11/2021  17:31:09,576141;9,391856E-4;;
29/11/2021  17:31:09,576641;9,394657E-4;;
29/11/2021  17:31:09,577141;9,401363E-4;;
29/11/2021  17:31:09,577641;9,391885E-4;;
29/11/2021  17:31:09,578141;9,391945E-4;;
29/11/2021  17:31:09,578641;9,401661E-4;;
29/11/2021  17:31:09,579141;9,392988E-4;;
29/11/2021  17:31:09,579641;9,388071E-4;;
29/11/2021  17:31:09,580141;9,386133E-4;;
29/11/2021  17:31:09,580641;9,394538E-4;;
29/11/2021  17:31:09,581141;9,390425E-4;;
29/11/2021  17:31:09,581641;9,388667E-4;;
29/11/2021  17:31:09,582141;9,385299E-4;;
29/11/2021  17:31:09,582641;9,391111E-4;;
29/11/2021  17:31:09,583141;9,388518E-4;;
29/11/2021  17:31:09,583641;9,390991E-4;;
29/11/2021  17:31:09,584141;9,387832E-4;;
29/11/2021  17:31:09,584641;9,397488E-4;;
29/11/2021  17:31:09,585141;9,393584E-4;;
29/11/2021  17:31:09,585641;9,390544E-4;;
29/11/2021  17:31:09,586141;9,394747E-4;;
29/11/2021  17:31:09,586641;9,381335E-4;;
29/11/2021  17:31:09,587141;9,395760E-4;;
29/11/2021  17:31:09,587641;9,384912E-4;;
29/11/2021  17:31:09,588141;9,384554E-4;;
29/11/2021  17:31:09,588641;9,403240E-4;;
29/11/2021  17:31:09,589141;9,394747E-4;;
29/11/2021  17:31:09,589641;9,394627E-4;;
29/11/2021  17:31:09,590141;9,386163E-4;;
29/11/2021  17:31:09,590641;9,401244E-4;;
29/11/2021  17:31:09,591141;9,403449E-4;;
29/11/2021  17:31:09,591641;9,396565E-4;;
29/11/2021  17:31:09,592141;9,390902E-4;;
29/11/2021  17:31:09,592641;9,396147E-4;;
29/11/2021  17:31:09,593141;9,411049E-4;;
29/11/2021  17:31:09,593641;9,389501E-4;;
29/11/2021  17:31:09,594141;9,389203E-4;;
29/11/2021  17:31:09,594641;9,396773E-4;;
29/11/2021  17:31:09,595141;9,395998E-4;;
29/11/2021  17:31:09,595641;9,394001E-4;;
29/11/2021  17:31:09,596141;9,387951E-4;;
29/11/2021  17:31:09,596641;9,387206E-4;;
29/11/2021  17:31:09,597141;9,389680E-4;;
29/11/2021  17:31:09,597641;9,394389E-4;;
29/11/2021  17:31:09,598141;9,388220E-4;;
29/11/2021  17:31:09,598641;9,386759E-4;;
29/11/2021  17:31:09,599141;9,384405E-4;;
29/11/2021  17:31:09,599641;9,397876E-4;;
29/11/2021  17:31:09,600141;9,387415E-4;;
29/11/2021  17:31:09,600641;9,383779E-4;;
29/11/2021  17:31:09,601141;9,391438E-4;;
29/11/2021  17:31:09,601641;9,390008E-4;;
29/11/2021  17:31:09,602141;9,393584E-4;;
29/11/2021  17:31:09,602641;9,393107E-4;;
29/11/2021  17:31:09,603141;9,386104E-4;;
29/11/2021  17:31:09,603641;9,394031E-4;;
29/11/2021  17:31:09,604141;9,383898E-4;;
29/11/2021  17:31:09,604641;9,386789E-4;;
29/11/2021  17:31:09,605141;9,382289E-4;;
29/11/2021  17:31:09,605641;9,390455E-4;;
29/11/2021  17:31:09,606141;9,392422E-4;;
29/11/2021  17:31:09,606641;9,390842E-4;;
29/11/2021  17:31:09,607141;9,391409E-4;;
29/11/2021  17:31:09,607641;9,388697E-4;;
29/11/2021  17:31:09,608141;9,384494E-4;;
29/11/2021  17:31:09,608641;9,389740E-4;;
29/11/2021  17:31:09,609141;9,395670E-4;;
29/11/2021  17:31:09,609641;9,398323E-4;;
29/11/2021  17:31:09,610141;9,391081E-4;;
29/11/2021  17:31:09,610641;9,401512E-4;;
29/11/2021  17:31:09,611141;9,393495E-4;;
29/11/2021  17:31:09,611641;9,393763E-4;;
29/11/2021  17:31:09,612141;9,399783E-4;;
29/11/2021  17:31:09,612641;9,397965E-4;;
29/11/2021  17:31:09,613141;9,396416E-4;;
29/11/2021  17:31:09,613641;9,400350E-4;;
29/11/2021  17:31:09,614141;9,386908E-4;;
29/11/2021  17:31:09,614641;9,391498E-4;;
29/11/2021  17:31:09,615141;9,391707E-4;;
29/11/2021  17:31:09,615641;9,390664E-4;;
29/11/2021  17:31:09,616141;9,387385E-4;;
29/11/2021  17:31:09,616641;9,398025E-4;;
29/11/2021  17:31:09,617141;9,393882E-4;;
29/11/2021  17:31:09,617641;9,393107E-4;;
29/11/2021  17:31:09,618141;9,395819E-4;;
29/11/2021  17:31:09,618641;9,401929E-4;;
29/11/2021  17:31:09,619141;9,396416E-4;;
29/11/2021  17:31:09,619641;9,396058E-4;;
29/11/2021  17:31:09,620141;9,393584E-4;;
29/11/2021  17:31:09,620641;9,392541E-4;;
29/11/2021  17:31:09,621141;9,386759E-4;;
29/11/2021  17:31:09,621641;9,397071E-4;;
29/11/2021  17:31:09,622141;9,388458E-4;;
29/11/2021  17:31:09,622641;9,392094E-4;;
29/11/2021  17:31:09,623141;9,394508E-4;;
29/11/2021  17:31:09,623641;9,389769E-4;;
29/11/2021  17:31:09,624141;9,383630E-4;;
29/11/2021  17:31:09,624641;9,384822E-4;;
29/11/2021  17:31:09,625141;9,392154E-4;;
29/11/2021  17:31:09,625641;9,383213E-4;;
29/11/2021  17:31:09,626141;9,388339E-4;;
29/11/2021  17:31:09,626641;9,391885E-4;;
29/11/2021  17:31:09,627141;9,390515E-4;;
29/11/2021  17:31:09,627641;9,380203E-4;;
29/11/2021  17:31:09,628141;9,388309E-4;;
29/11/2021  17:31:09,628641;9,389531E-4;;
29/11/2021  17:31:09,629141;9,387266E-4;;
29/11/2021  17:31:09,629641;9,390902E-4;;
29/11/2021  17:31:09,630141;9,390634E-4;;
29/11/2021  17:31:09,630641;9,390515E-4;;
29/11/2021  17:31:09,631141;9,396922E-4;;
29/11/2021  17:31:09,631641;9,391945E-4;;
29/11/2021  17:31:09,632141;9,396147E-4;;
29/11/2021  17:31:09,632641;9,391528E-4;;
29/11/2021  17:31:09,633141;9,400350E-4;;
29/11/2021  17:31:09,633641;9,385984E-4;;
29/11/2021  17:31:09,634141;9,394538E-4;;
29/11/2021  17:31:09,634641;9,387624E-4;;
29/11/2021  17:31:09,635141;9,398442E-4;;
29/11/2021  17:31:09,635641;9,402585E-4;;
29/11/2021  17:31:09,636141;9,396296E-4;;
29/11/2021  17:31:09,636641;9,399753E-4;;
29/11/2021  17:31:09,637141;9,393584E-4;;
29/11/2021  17:31:09,637641;9,397697E-4;;
29/11/2021  17:31:09,638141;9,398502E-4;;
29/11/2021  17:31:09,638641;9,395670E-4;;
29/11/2021  17:31:09,639141;9,388011E-4;;
29/11/2021  17:31:09,639641;9,393256E-4;;
29/11/2021  17:31:09,640141;9,394806E-4;;
29/11/2021  17:31:09,640641;9,398859E-4;;
29/11/2021  17:31:09,641141;9,395492E-4;;
29/11/2021  17:31:09,641641;9,383660E-4;;
29/11/2021  17:31:09,642141;9,387862E-4;;
29/11/2021  17:31:09,642641;9,393376E-4;;
29/11/2021  17:31:09,643141;9,393823E-4;;
29/11/2021  17:31:09,643641;9,400469E-4;;
29/11/2021  17:31:09,644141;9,392571E-4;;
29/11/2021  17:31:09,644641;9,395998E-4;;
29/11/2021  17:31:09,645141;9,388905E-4;;
29/11/2021  17:31:09,645641;9,394568E-4;;
29/11/2021  17:31:09,646141;9,392750E-4;;
29/11/2021  17:31:09,646641;9,387802E-4;;
29/11/2021  17:31:09,647141;9,397250E-4;;
29/11/2021  17:31:09,647641;9,393078E-4;;
29/11/2021  17:31:09,648141;9,392034E-4;;
29/11/2021  17:31:09,648641;9,389620E-4;;
29/11/2021  17:31:09,649141;9,391081E-4;;
29/11/2021  17:31:09,649641;9,390783E-4;;
29/11/2021  17:31:09,650141;9,384077E-4;;
29/11/2021  17:31:09,650641;9,390187E-4;;
29/11/2021  17:31:09,651141;9,380918E-4;;
29/11/2021  17:31:09,651641;9,388279E-4;;
29/11/2021  17:31:09,652141;9,388786E-4;;
29/11/2021  17:31:09,652641;9,387564E-4;;
29/11/2021  17:31:09,653141;9,390485E-4;;
29/11/2021  17:31:09,653641;9,385984E-4;;
29/11/2021  17:31:09,654141;9,389203E-4;;
29/11/2021  17:31:09,654641;9,393614E-4;;
29/11/2021  17:31:09,655141;9,392601E-4;;
29/11/2021  17:31:09,655641;9,394985E-4;;
29/11/2021  17:31:09,656141;9,398621E-4;;
29/11/2021  17:31:09,656641;9,397488E-4;;
29/11/2021  17:31:09,657141;9,388309E-4;;
29/11/2021  17:31:09,657641;9,399217E-4;;
29/11/2021  17:31:09,658141;9,395939E-4;;
29/11/2021  17:31:09,658641;9,396654E-4;;
29/11/2021  17:31:09,659141;9,397727E-4;;
29/11/2021  17:31:09,659641;9,400409E-4;;
29/11/2021  17:31:09,660141;9,392869E-4;;
29/11/2021  17:31:09,660641;9,405923E-4;;
29/11/2021  17:31:09,661141;9,391438E-4;;
29/11/2021  17:31:09,661641;9,395253E-4;;
29/11/2021  17:31:09,662141;9,391468E-4;;
29/11/2021  17:31:09,662641;9,391736E-4;;
29/11/2021  17:31:09,663141;9,400856E-4;;
29/11/2021  17:31:09,663641;9,395402E-4;;
29/11/2021  17:31:09,664141;9,388548E-4;;
29/11/2021  17:31:09,664641;9,399843E-4;;
29/11/2021  17:31:09,665141;9,390455E-4;;
29/11/2021  17:31:09,665641;9,390991E-4;;
29/11/2021  17:31:09,666141;9,393972E-4;;
29/11/2021  17:31:09,666641;9,397339E-4;;
29/11/2021  17:31:09,667141;9,389412E-4;;
29/11/2021  17:31:09,667641;9,388279E-4;;
29/11/2021  17:31:09,668141;9,398233E-4;;
29/11/2021  17:31:09,668641;9,388309E-4;;
29/11/2021  17:31:09,669141;9,386789E-4;;
29/11/2021  17:31:09,669641;9,382587E-4;;
29/11/2021  17:31:09,670141;9,385925E-4;;
29/11/2021  17:31:09,670641;9,397786E-4;;
29/11/2021  17:31:09,671141;9,388965E-4;;
29/11/2021  17:31:09,671641;9,385537E-4;;
29/11/2021  17:31:09,672141;9,393554E-4;;
29/11/2021  17:31:09,672641;9,398800E-4;;
29/11/2021  17:31:09,673141;9,399426E-4;;
29/11/2021  17:31:09,673641;9,397578E-4;;
29/11/2021  17:31:09,674141;9,388339E-4;;
29/11/2021  17:31:09,674641;9,397190E-4;;
29/11/2021  17:31:09,675141;9,396833E-4;;
29/11/2021  17:31:09,675641;9,389471E-4;;
29/11/2021  17:31:09,676141;9,388846E-4;;
29/11/2021  17:31:09,676641;9,391528E-4;;
29/11/2021  17:31:09,677141;9,393346E-4;;
29/11/2021  17:31:09,677641;9,386282E-4;;
29/11/2021  17:31:09,678141;9,381514E-4;;
29/11/2021  17:31:09,678641;9,377520E-4;;
29/11/2021  17:31:09,679141;9,392958E-4;;
29/11/2021  17:31:09,679641;9,392869E-4;;
29/11/2021  17:31:09,680141;9,395074E-4;;
29/11/2021  17:31:09,680641;9,395670E-4;;
29/11/2021  17:31:09,681141;9,397429E-4;;
29/11/2021  17:31:09,681641;9,399247E-4;;
29/11/2021  17:31:09,682141;9,393614E-4;;
29/11/2021  17:31:09,682641;9,405148E-4;;
29/11/2021  17:31:09,683141;9,397846E-4;;
29/11/2021  17:31:09,683641;9,397012E-4;;
29/11/2021  17:31:09,684141;9,392243E-4;;
29/11/2021  17:31:09,684641;9,386998E-4;;
29/11/2021  17:31:09,685141;9,382080E-4;;
29/11/2021  17:31:09,685641;9,394329E-4;;
29/11/2021  17:31:09,686141;9,389829E-4;;
29/11/2021  17:31:09,686641;9,401840E-4;;
29/11/2021  17:31:09,687141;9,396565E-4;;
29/11/2021  17:31:09,687641;9,384286E-4;;
29/11/2021  17:31:09,688141;9,392124E-4;;
29/11/2021  17:31:09,688641;9,391319E-4;;
29/11/2021  17:31:09,689141;9,394627E-4;;
29/11/2021  17:31:09,689641;9,380888E-4;;
29/11/2021  17:31:09,690141;9,396624E-4;;
29/11/2021  17:31:09,690641;9,399694E-4;;
29/11/2021  17:31:09,691141;9,394180E-4;;
29/11/2021  17:31:09,691641;9,389263E-4;;
29/11/2021  17:31:09,692141;9,400737E-4;;
29/11/2021  17:31:09,692641;9,395462E-4;;
29/11/2021  17:31:09,693141;9,400946E-4;;
29/11/2021  17:31:09,693641;9,391021E-4;;
29/11/2021  17:31:09,694141;9,394031E-4;;
29/11/2021  17:31:09,694641;9,392720E-4;;
29/11/2021  17:31:09,695141;9,389471E-4;;
29/11/2021  17:31:09,695641;9,389382E-4;;
29/11/2021  17:31:09,696141;9,380709E-4;;
29/11/2021  17:31:09,696641;9,393763E-4;;
29/11/2021  17:31:09,697141;9,396028E-4;;
29/11/2021  17:31:09,697641;9,391200E-4;;
29/11/2021  17:31:09,698141;9,381276E-4;;
29/11/2021  17:31:09,698641;9,386074E-4;;
29/11/2021  17:31:09,699141;9,388369E-4;;
29/11/2021  17:31:09,699641;9,398114E-4;;
29/11/2021  17:31:09,700141;9,383600E-4;;
29/11/2021  17:31:09,700641;9,385508E-4;;
29/11/2021  17:31:09,701141;9,392273E-4;;
29/11/2021  17:31:09,701641;9,387206E-4;;
29/11/2021  17:31:09,702141;9,399604E-4;;
29/11/2021  17:31:09,702641;9,389620E-4;;
29/11/2021  17:31:09,703141;9,391856E-4;;
29/11/2021  17:31:09,703641;9,397399E-4;;
29/11/2021  17:31:09,704141;9,392809E-4;;
29/11/2021  17:31:09,704641;9,393763E-4;;
29/11/2021  17:31:09,705141;9,394240E-4;;
29/11/2021  17:31:09,705641;9,391766E-4;;
29/11/2021  17:31:09,706141;9,398204E-4;;
29/11/2021  17:31:09,706641;9,391081E-4;;
29/11/2021  17:31:09,707141;9,398412E-4;;
29/11/2021  17:31:09,707641;9,403628E-4;;
29/11/2021  17:31:09,708141;9,394747E-4;;
29/11/2021  17:31:09,708641;9,402018E-4;;
29/11/2021  17:31:09,709141;9,391409E-4;;
29/11/2021  17:31:09,709641;9,391945E-4;;
29/11/2021  17:31:09,710141;9,387445E-4;;
29/11/2021  17:31:09,710641;9,402048E-4;;
29/11/2021  17:31:09,711141;9,389561E-4;;
29/11/2021  17:31:09,711641;9,393405E-4;;
29/11/2021  17:31:09,712141;9,394240E-4;;
29/11/2021  17:31:09,712641;9,397369E-4;;
29/11/2021  17:31:09,713141;9,402644E-4;;
29/11/2021  17:31:09,713641;9,396535E-4;;
29/11/2021  17:31:09,714141;9,404731E-4;;
29/11/2021  17:31:09,714641;9,394091E-4;;
29/11/2021  17:31:09,715141;9,399217E-4;;
29/11/2021  17:31:09,715641;9,393793E-4;;
29/11/2021  17:31:09,716141;9,390574E-4;;
29/11/2021  17:31:09,716641;9,387266E-4;;
29/11/2021  17:31:09,717141;9,400558E-4;;
29/11/2021  17:31:09,717641;9,400171E-4;;
29/11/2021  17:31:09,718141;9,401601E-4;;
29/11/2021  17:31:09,718641;9,395283E-4;;
29/11/2021  17:31:09,719141;9,393018E-4;;
29/11/2021  17:31:09,719641;9,384256E-4;;
29/11/2021  17:31:09,720141;9,390634E-4;;
29/11/2021  17:31:09,720641;9,390783E-4;;
29/11/2021  17:31:09,721141;9,390187E-4;;
29/11/2021  17:31:09,721641;9,399396E-4;;
29/11/2021  17:31:09,722141;9,396475E-4;;
29/11/2021  17:31:09,722641;9,404194E-4;;
29/11/2021  17:31:09,723141;9,393376E-4;;
29/11/2021  17:31:09,723641;9,395909E-4;;
29/11/2021  17:31:09,724141;9,382676E-4;;
29/11/2021  17:31:09,724641;9,399783E-4;;
29/11/2021  17:31:09,725141;9,401095E-4;;
29/11/2021  17:31:09,725641;9,392541E-4;;
29/11/2021  17:31:09,726141;9,385984E-4;;
29/11/2021  17:31:09,726641;9,388488E-4;;
29/11/2021  17:31:09,727141;9,406012E-4;;
29/11/2021  17:31:09,727641;9,390813E-4;;
29/11/2021  17:31:09,728141;9,386908E-4;;
29/11/2021  17:31:09,728641;9,391051E-4;;
29/11/2021  17:31:09,729141;9,392273E-4;;
29/11/2021  17:31:09,729641;9,389352E-4;;
29/11/2021  17:31:09,730141;9,398472E-4;;
29/11/2021  17:31:09,730641;9,393823E-4;;
29/11/2021  17:31:09,731141;9,387922E-4;;
29/11/2021  17:31:09,731641;9,399247E-4;;
29/11/2021  17:31:09,732141;9,391677E-4;;
29/11/2021  17:31:09,732641;9,403687E-4;;
29/11/2021  17:31:09,733141;9,395760E-4;;
29/11/2021  17:31:09,733641;9,394687E-4;;
29/11/2021  17:31:09,734141;9,394329E-4;;
29/11/2021  17:31:09,734641;9,392869E-4;;
29/11/2021  17:31:09,735141;9,389501E-4;;
29/11/2021  17:31:09,735641;9,389650E-4;;
29/11/2021  17:31:09,736141;9,397637E-4;;
29/11/2021  17:31:09,736641;9,391260E-4;;
29/11/2021  17:31:09,737141;9,382885E-4;;
29/11/2021  17:31:09,737641;9,388786E-4;;
29/11/2021  17:31:09,738141;9,387922E-4;;
29/11/2021  17:31:09,738641;9,392750E-4;;
29/11/2021  17:31:09,739141;9,397965E-4;;
29/11/2021  17:31:09,739641;9,390783E-4;;
29/11/2021  17:31:09,740141;9,397310E-4;;
29/11/2021  17:31:09,740641;9,387951E-4;;
29/11/2021  17:31:09,741141;9,394061E-4;;
29/11/2021  17:31:09,741641;9,380590E-4;;
29/11/2021  17:31:09,742141;9,394419E-4;;
29/11/2021  17:31:09,742641;9,393793E-4;;
29/11/2021  17:31:09,743141;9,385537E-4;;
29/11/2021  17:31:09,743641;9,380113E-4;;
29/11/2021  17:31:09,744141;9,379100E-4;;
29/11/2021  17:31:09,744641;9,388697E-4;;
29/11/2021  17:31:09,745141;9,388428E-4;;
29/11/2021  17:31:09,745641;9,391498E-4;;
29/11/2021  17:31:09,746141;9,386074E-4;;
29/11/2021  17:31:09,746641;9,393763E-4;;
29/11/2021  17:31:09,747141;9,395879E-4;;
29/11/2021  17:31:09,747641;9,388041E-4;;
29/11/2021  17:31:09,748141;9,379845E-4;;
29/11/2021  17:31:09,748641;9,386998E-4;;
29/11/2021  17:31:09,749141;9,389114E-4;;
29/11/2021  17:31:09,749641;9,385329E-4;;
29/11/2021  17:31:09,750141;9,395700E-4;;
29/11/2021  17:31:09,750641;9,391528E-4;;
29/11/2021  17:31:09,751141;9,389650E-4;;
29/11/2021  17:31:09,751641;9,392601E-4;;
29/11/2021  17:31:09,752141;9,401124E-4;;
29/11/2021  17:31:09,752641;9,396714E-4;;
29/11/2021  17:31:09,753141;9,389144E-4;;
29/11/2021  17:31:09,753641;9,387028E-4;;
29/11/2021  17:31:09,754141;9,399128E-4;;
29/11/2021  17:31:09,754641;9,390574E-4;;
29/11/2021  17:31:09,755141;9,401035E-4;;
29/11/2021  17:31:09,755641;9,387773E-4;;
29/11/2021  17:31:09,756141;9,394389E-4;;
29/11/2021  17:31:09,756641;9,393405E-4;;
29/11/2021  17:31:09,757141;9,398770E-4;;
29/11/2021  17:31:09,757641;9,388756E-4;;
29/11/2021  17:31:09,758141;9,393167E-4;;
29/11/2021  17:31:09,758641;9,394329E-4;;
29/11/2021  17:31:09,759141;9,382468E-4;;
29/11/2021  17:31:09,759641;9,397667E-4;;
29/11/2021  17:31:09,760141;9,392750E-4;;
29/11/2021  17:31:09,760641;9,389591E-4;;
29/11/2021  17:31:09,761141;9,391975E-4;;
29/11/2021  17:31:09,761641;9,384763E-4;;
29/11/2021  17:31:09,762141;9,399128E-4;;
29/11/2021  17:31:09,762641;9,392243E-4;;
29/11/2021  17:31:09,763141;9,389442E-4;;
29/11/2021  17:31:09,763641;9,395164E-4;;
29/11/2021  17:31:09,764141;9,398383E-4;;
29/11/2021  17:31:09,764641;9,389859E-4;;
29/11/2021  17:31:09,765141;9,401303E-4;;
29/11/2021  17:31:09,765641;9,389829E-4;;
29/11/2021  17:31:09,766141;9,396892E-4;;
29/11/2021  17:31:09,766641;9,405356E-4;;
29/11/2021  17:31:09,767141;9,391438E-4;;
29/11/2021  17:31:09,767641;9,394985E-4;;
29/11/2021  17:31:09,768141;9,391736E-4;;
29/11/2021  17:31:09,768641;9,395551E-4;;
29/11/2021  17:31:09,769141;9,393525E-4;;
29/11/2021  17:31:09,769641;9,385418E-4;;
29/11/2021  17:31:09,770141;9,387057E-4;;
29/11/2021  17:31:09,770641;9,388011E-4;;
29/11/2021  17:31:09,771141;9,388011E-4;;
29/11/2021  17:31:09,771641;9,394091E-4;;
29/11/2021  17:31:09,772141;9,391140E-4;;
29/11/2021  17:31:09,772641;9,380411E-4;;
29/11/2021  17:31:09,773141;9,393107E-4;;
29/11/2021  17:31:09,773641;9,388369E-4;;
29/11/2021  17:31:09,774141;9,388846E-4;;
29/11/2021  17:31:09,774641;9,390157E-4;;
29/11/2021  17:31:09,775141;9,387147E-4;;
29/11/2021  17:31:09,775641;9,388369E-4;;
29/11/2021  17:31:09,776141;9,394598E-4;;
29/11/2021  17:31:09,776641;9,391170E-4;;
29/11/2021  17:31:09,777141;9,388488E-4;;
29/11/2021  17:31:09,777641;9,392422E-4;;
29/11/2021  17:31:09,778141;9,399128E-4;;
29/11/2021  17:31:09,778641;9,394031E-4;;
29/11/2021  17:31:09,779141;9,395432E-4;;
29/11/2021  17:31:09,779641;9,403717E-4;;
29/11/2021  17:31:09,780141;9,394091E-4;;
29/11/2021  17:31:09,780641;9,411168E-4;;
29/11/2021  17:31:09,781141;9,396565E-4;;
29/11/2021  17:31:09,781641;9,390425E-4;;
29/11/2021  17:31:09,782141;9,397220E-4;;
29/11/2021  17:31:09,782641;9,397876E-4;;
29/11/2021  17:31:09,783141;9,391140E-4;;
29/11/2021  17:31:09,783641;9,393137E-4;;
29/11/2021  17:31:09,784141;9,383749E-4;;
29/11/2021  17:31:09,784641;9,384733E-4;;
29/11/2021  17:31:09,785141;9,390872E-4;;
29/11/2021  17:31:09,785641;9,384852E-4;;
29/11/2021  17:31:09,786141;9,385835E-4;;
29/11/2021  17:31:09,786641;9,394389E-4;;
29/11/2021  17:31:09,787141;9,397697E-4;;
29/11/2021  17:31:09,787641;9,384286E-4;;
29/11/2021  17:31:09,788141;9,394031E-4;;
29/11/2021  17:31:09,788641;9,388398E-4;;
29/11/2021  17:31:09,789141;9,391885E-4;;
29/11/2021  17:31:09,789641;9,390991E-4;;
29/11/2021  17:31:09,790141;9,390783E-4;;
29/11/2021  17:31:09,790641;9,395492E-4;;
29/11/2021  17:31:09,791141;9,389442E-4;;
29/11/2021  17:31:09,791641;9,390097E-4;;
29/11/2021  17:31:09,792141;9,390336E-4;;
29/11/2021  17:31:09,792641;9,380769E-4;;
29/11/2021  17:31:09,793141;9,386610E-4;;
29/11/2021  17:31:09,793641;9,393286E-4;;
29/11/2021  17:31:09,794141;9,390783E-4;;
29/11/2021  17:31:09,794641;9,393465E-4;;
29/11/2021  17:31:09,795141;9,393018E-4;;
29/11/2021  17:31:09,795641;9,389382E-4;;
29/11/2021  17:31:09,796141;9,390395E-4;;
29/11/2021  17:31:09,796641;9,396177E-4;;
29/11/2021  17:31:09,797141;9,385299E-4;;
29/11/2021  17:31:09,797641;9,381782E-4;;
29/11/2021  17:31:09,798141;9,392929E-4;;
29/11/2021  17:31:09,798641;9,397906E-4;;
29/11/2021  17:31:09,799141;9,387773E-4;;
29/11/2021  17:31:09,799641;9,392273E-4;;
29/11/2021  17:31:09,800141;9,393882E-4;;
29/11/2021  17:31:09,800641;9,395641E-4;;
29/11/2021  17:31:09,801141;9,387713E-4;;
29/11/2021  17:31:09,801641;9,400946E-4;;
29/11/2021  17:31:09,802141;9,404433E-4;;
29/11/2021  17:31:09,802641;9,395730E-4;;
29/11/2021  17:31:09,803141;9,405386E-4;;
29/11/2021  17:31:09,803641;9,395134E-4;;
29/11/2021  17:31:09,804141;9,396743E-4;;
29/11/2021  17:31:09,804641;9,397131E-4;;
29/11/2021  17:31:09,805141;9,390693E-4;;
29/11/2021  17:31:09,805641;9,392124E-4;;
29/11/2021  17:31:09,806141;9,387922E-4;;
29/11/2021  17:31:09,806641;9,393793E-4;;
29/11/2021  17:31:09,807141;9,392064E-4;;
29/11/2021  17:31:09,807641;9,394508E-4;;
29/11/2021  17:31:09,808141;9,394955E-4;;
29/11/2021  17:31:09,808641;9,390664E-4;;
29/11/2021  17:31:09,809141;9,397548E-4;;
29/11/2021  17:31:09,809641;9,395700E-4;;
29/11/2021  17:31:09,810141;9,395283E-4;;
29/11/2021  17:31:09,810641;9,389471E-4;;
29/11/2021  17:31:09,811141;9,389889E-4;;
29/11/2021  17:31:09,811641;9,383243E-4;;
29/11/2021  17:31:09,812141;9,387445E-4;;
29/11/2021  17:31:09,812641;9,387504E-4;;
29/11/2021  17:31:09,813141;9,384345E-4;;
29/11/2021  17:31:09,813641;9,387117E-4;;
29/11/2021  17:31:09,814141;9,385806E-4;;
29/11/2021  17:31:09,814641;9,382438E-4;;
29/11/2021  17:31:09,815141;9,384315E-4;;
29/11/2021  17:31:09,815641;9,379785E-4;;
29/11/2021  17:31:09,816141;9,404611E-4;;
29/11/2021  17:31:09,816641;9,395730E-4;;
29/11/2021  17:31:09,817141;9,393793E-4;;
29/11/2021  17:31:09,817641;9,387206E-4;;
29/11/2021  17:31:09,818141;9,403628E-4;;
29/11/2021  17:31:09,818641;9,385329E-4;;
29/11/2021  17:31:09,819141;9,386461E-4;;
29/11/2021  17:31:09,819641;9,395521E-4;;
29/11/2021  17:31:09,820141;9,392750E-4;;
29/11/2021  17:31:09,820641;9,400648E-4;;
29/11/2021  17:31:09,821141;9,390038E-4;;
29/11/2021  17:31:09,821641;9,393614E-4;;
29/11/2021  17:31:09,822141;9,400350E-4;;
29/11/2021  17:31:09,822641;9,397488E-4;;
29/11/2021  17:31:09,823141;9,387385E-4;;
29/11/2021  17:31:09,823641;9,399962E-4;;
29/11/2021  17:31:09,824141;9,404373E-4;;
29/11/2021  17:31:09,824641;9,391021E-4;;
29/11/2021  17:31:09,825141;9,394985E-4;;
29/11/2021  17:31:09,825641;9,392750E-4;;
29/11/2021  17:31:09,826141;9,398233E-4;;
29/11/2021  17:31:09,826641;9,395045E-4;;
29/11/2021  17:31:09,827141;9,397131E-4;;
29/11/2021  17:31:09,827641;9,397578E-4;;
29/11/2021  17:31:09,828141;9,383839E-4;;
29/11/2021  17:31:09,828641;9,393018E-4;;
29/11/2021  17:31:09,829141;9,391468E-4;;
29/11/2021  17:31:09,829641;9,399008E-4;;
29/11/2021  17:31:09,830141;9,390902E-4;;
29/11/2021  17:31:09,830641;9,395849E-4;;
29/11/2021  17:31:09,831141;9,388726E-4;;
29/11/2021  17:31:09,831641;9,385865E-4;;
29/11/2021  17:31:09,832141;9,397727E-4;;
29/11/2021  17:31:09,832641;9,389173E-4;;
29/11/2021  17:31:09,833141;9,383451E-4;;
29/11/2021  17:31:09,833641;9,386491E-4;;
29/11/2021  17:31:09,834141;9,386879E-4;;
29/11/2021  17:31:09,834641;9,390842E-4;;
29/11/2021  17:31:09,835141;9,379487E-4;;
29/11/2021  17:31:09,835641;9,392750E-4;;
29/11/2021  17:31:09,836141;9,384077E-4;;
29/11/2021  17:31:09,836641;9,387117E-4;;
29/11/2021  17:31:09,837141;9,392362E-4;;
29/11/2021  17:31:09,837641;9,392213E-4;;
29/11/2021  17:31:09,838141;9,394299E-4;;
29/11/2021  17:31:09,838641;9,389024E-4;;
29/11/2021  17:31:09,839141;9,394329E-4;;
29/11/2021  17:31:09,839641;9,393137E-4;;
29/11/2021  17:31:09,840141;9,391349E-4;;
29/11/2021  17:31:09,840641;9,391707E-4;;
29/11/2021  17:31:09,841141;9,392362E-4;;
29/11/2021  17:31:09,841641;9,394210E-4;;
29/11/2021  17:31:09,842141;9,399694E-4;;
29/11/2021  17:31:09,842641;9,391051E-4;;
29/11/2021  17:31:09,843141;9,384137E-4;;
29/11/2021  17:31:09,843641;9,389769E-4;;
29/11/2021  17:31:09,844141;9,391558E-4;;
29/11/2021  17:31:09,844641;9,396445E-4;;
29/11/2021  17:31:09,845141;9,396833E-4;;
29/11/2021  17:31:09,845641;9,389650E-4;;
29/11/2021  17:31:09,846141;9,391289E-4;;
29/11/2021  17:31:09,846641;9,393614E-4;;
29/11/2021  17:31:09,847141;9,390753E-4;;
29/11/2021  17:31:09,847641;9,395313E-4;;
29/11/2021  17:31:09,848141;9,398532E-4;;
29/11/2021  17:31:09,848641;9,394389E-4;;
29/11/2021  17:31:09,849141;9,392332E-4;;
29/11/2021  17:31:09,849641;9,391558E-4;;
29/11/2021  17:31:09,850141;9,391915E-4;;
29/11/2021  17:31:09,850641;9,394091E-4;;
29/11/2021  17:31:09,851141;9,394389E-4;;
29/11/2021  17:31:09,851641;9,390276E-4;;
29/11/2021  17:31:09,852141;9,396326E-4;;
29/11/2021  17:31:09,852641;9,390455E-4;;
29/11/2021  17:31:09,853141;9,395641E-4;;
29/11/2021  17:31:09,853641;9,390783E-4;;
29/11/2021  17:31:09,854141;9,395760E-4;;
29/11/2021  17:31:09,854641;9,394866E-4;;
29/11/2021  17:31:09,855141;9,387355E-4;;
29/11/2021  17:31:09,855641;9,395581E-4;;
29/11/2021  17:31:09,856141;9,396833E-4;;
29/11/2021  17:31:09,856641;9,397250E-4;;
29/11/2021  17:31:09,857141;9,387653E-4;;
29/11/2021  17:31:09,857641;9,388995E-4;;
29/11/2021  17:31:09,858141;9,398412E-4;;
29/11/2021  17:31:09,858641;9,383034E-4;;
29/11/2021  17:31:09,859141;9,399038E-4;;
29/11/2021  17:31:09,859641;9,386193E-4;;
29/11/2021  17:31:09,860141;9,379815E-4;;
29/11/2021  17:31:09,860641;9,386610E-4;;
29/11/2021  17:31:09,861141;9,398949E-4;;
29/11/2021  17:31:09,861641;9,390842E-4;;
29/11/2021  17:31:09,862141;9,393495E-4;;
29/11/2021  17:31:09,862641;9,387564E-4;;
29/11/2021  17:31:09,863141;9,380113E-4;;
29/11/2021  17:31:09,863641;9,395402E-4;;
29/11/2021  17:31:09,864141;9,389740E-4;;
29/11/2021  17:31:09,864641;9,392064E-4;;
29/11/2021  17:31:09,865141;9,392958E-4;;
29/11/2021  17:31:09,865641;9,388905E-4;;
29/11/2021  17:31:09,866141;9,398502E-4;;
29/11/2021  17:31:09,866641;9,396505E-4;;
29/11/2021  17:31:09,867141;9,403866E-4;;
29/11/2021  17:31:09,867641;9,394955E-4;;
29/11/2021  17:31:09,868141;9,395909E-4;;
29/11/2021  17:31:09,868641;9,397369E-4;;
29/11/2021  17:31:09,869141;9,397876E-4;;
29/11/2021  17:31:09,869641;9,395790E-4;;
29/11/2021  17:31:09,870141;9,393942E-4;;
29/11/2021  17:31:09,870641;9,392124E-4;;
29/11/2021  17:31:09,871141;9,396177E-4;;
29/11/2021  17:31:09,871641;9,395253E-4;;
29/11/2021  17:31:09,872141;9,391409E-4;;
29/11/2021  17:31:09,872641;9,397459E-4;;
29/11/2021  17:31:09,873141;9,382527E-4;;
29/11/2021  17:31:09,873641;9,386402E-4;;
29/11/2021  17:31:09,874141;9,393435E-4;;
29/11/2021  17:31:09,874641;9,390634E-4;;
29/11/2021  17:31:09,875141;9,385657E-4;;
29/11/2021  17:31:09,875641;9,391319E-4;;
29/11/2021  17:31:09,876141;9,390634E-4;;
29/11/2021  17:31:09,876641;9,386789E-4;;
29/11/2021  17:31:09,877141;9,395849E-4;;
29/11/2021  17:31:09,877641;9,390634E-4;;
29/11/2021  17:31:09,878141;9,388965E-4;;
29/11/2021  17:31:09,878641;9,397131E-4;;
29/11/2021  17:31:09,879141;9,387802E-4;;
29/11/2021  17:31:09,879641;9,384703E-4;;
29/11/2021  17:31:09,880141;9,396565E-4;;
29/11/2021  17:31:09,880641;9,399098E-4;;
29/11/2021  17:31:09,881141;9,392094E-4;;
29/11/2021  17:31:09,881641;9,388518E-4;;
29/11/2021  17:31:09,882141;9,396594E-4;;
29/11/2021  17:31:09,882641;9,388518E-4;;
29/11/2021  17:31:09,883141;9,392631E-4;;
29/11/2021  17:31:09,883641;9,398323E-4;;
29/11/2021  17:31:09,884141;9,387981E-4;;
29/11/2021  17:31:09,884641;9,389293E-4;;
29/11/2021  17:31:09,885141;9,386610E-4;;
29/11/2021  17:31:09,885641;9,391409E-4;;
29/11/2021  17:31:09,886141;9,391140E-4;;
29/11/2021  17:31:09,886641;9,400290E-4;;
29/11/2021  17:31:09,887141;9,391140E-4;;
29/11/2021  17:31:09,887641;9,402018E-4;;
29/11/2021  17:31:09,888141;9,398621E-4;;
29/11/2021  17:31:09,888641;9,386461E-4;;
29/11/2021  17:31:09,889141;9,391200E-4;;
29/11/2021  17:31:09,889641;9,379487E-4;;
29/11/2021  17:31:09,890141;9,390962E-4;;
29/11/2021  17:31:09,890641;9,383749E-4;;
29/11/2021  17:31:09,891141;9,396117E-4;;
29/11/2021  17:31:09,891641;9,390634E-4;;
29/11/2021  17:31:09,892141;9,394299E-4;;
29/11/2021  17:31:09,892641;9,394627E-4;;
29/11/2021  17:31:09,893141;9,392690E-4;;
29/11/2021  17:31:09,893641;9,392362E-4;;
29/11/2021  17:31:09,894141;9,404045E-4;;
29/11/2021  17:31:09,894641;9,393256E-4;;
29/11/2021  17:31:09,895141;9,394627E-4;;
29/11/2021  17:31:09,895641;9,390693E-4;;
29/11/2021  17:31:09,896141;9,396147E-4;;
29/11/2021  17:31:09,896641;9,390574E-4;;
29/11/2021  17:31:09,897141;9,390783E-4;;
29/11/2021  17:31:09,897641;9,385061E-4;;
29/11/2021  17:31:09,898141;9,398174E-4;;
29/11/2021  17:31:09,898641;9,403002E-4;;
29/11/2021  17:31:09,899141;9,396714E-4;;
29/11/2021  17:31:09,899641;9,392929E-4;;
29/11/2021  17:31:09,900141;9,393048E-4;;
29/11/2021  17:31:09,900641;9,398472E-4;;
29/11/2021  17:31:09,901141;9,387892E-4;;
29/11/2021  17:31:09,901641;9,383868E-4;;
29/11/2021  17:31:09,902141;9,388637E-4;;
29/11/2021  17:31:09,902641;9,396266E-4;;
29/11/2021  17:31:09,903141;9,396684E-4;;
29/11/2021  17:31:09,903641;9,390783E-4;;
29/11/2021  17:31:09,904141;9,390813E-4;;
29/11/2021  17:31:09,904641;9,384077E-4;;
29/11/2021  17:31:09,905141;9,392303E-4;;
29/11/2021  17:31:09,905641;9,394776E-4;;
29/11/2021  17:31:09,906141;9,387147E-4;;
29/11/2021  17:31:09,906641;9,389203E-4;;
29/11/2021  17:31:09,907141;9,394478E-4;;
29/11/2021  17:31:09,907641;9,385984E-4;;
29/11/2021  17:31:09,908141;9,391021E-4;;
29/11/2021  17:31:09,908641;9,396475E-4;;
29/11/2021  17:31:09,909141;9,394449E-4;;
29/11/2021  17:31:09,909641;9,393346E-4;;
29/11/2021  17:31:09,910141;9,386581E-4;;
29/11/2021  17:31:09,910641;9,396743E-4;;
29/11/2021  17:31:09,911141;9,389561E-4;;
29/11/2021  17:31:09,911641;9,396117E-4;;
29/11/2021  17:31:09,912141;9,387892E-4;;
29/11/2021  17:31:09,912641;9,393525E-4;;
29/11/2021  17:31:09,913141;9,396356E-4;;
29/11/2021  17:31:09,913641;9,391826E-4;;
29/11/2021  17:31:09,914141;9,389322E-4;;
29/11/2021  17:31:09,914641;9,397995E-4;;
29/11/2021  17:31:09,915141;9,387087E-4;;
29/11/2021  17:31:09,915641;9,391021E-4;;
29/11/2021  17:31:09,916141;9,394568E-4;;
29/11/2021  17:31:09,916641;9,380292E-4;;
29/11/2021  17:31:09,917141;9,391051E-4;;
29/11/2021  17:31:09,917641;9,389114E-4;;
29/11/2021  17:31:09,918141;9,388905E-4;;
29/11/2021  17:31:09,918641;9,389263E-4;;
29/11/2021  17:31:09,919141;9,410423E-4;;
29/11/2021  17:31:09,919641;9,390753E-4;;
29/11/2021  17:31:09,920141;9,390902E-4;;
29/11/2021  17:31:09,920641;9,397757E-4;;
29/11/2021  17:31:09,921141;9,390365E-4;;
29/11/2021  17:31:09,921641;9,397488E-4;;
29/11/2021  17:31:09,922141;9,403777E-4;;
29/11/2021  17:31:09,922641;9,391230E-4;;
29/11/2021  17:31:09,923141;9,392005E-4;;
29/11/2021  17:31:09,923641;9,392213E-4;;
29/11/2021  17:31:09,924141;9,389561E-4;;
29/11/2021  17:31:09,924641;9,394538E-4;;
29/11/2021  17:31:09,925141;9,396833E-4;;
29/11/2021  17:31:09,925641;9,386998E-4;;
29/11/2021  17:31:09,926141;9,394925E-4;;
29/11/2021  17:31:09,926641;9,396565E-4;;
29/11/2021  17:31:09,927141;9,386133E-4;;
29/11/2021  17:31:09,927641;9,392750E-4;;
29/11/2021  17:31:09,928141;9,388875E-4;;
29/11/2021  17:31:09,928641;9,392332E-4;;
29/11/2021  17:31:09,929141;9,388577E-4;;
29/11/2021  17:31:09,929641;9,390991E-4;;
29/11/2021  17:31:09,930141;9,392183E-4;;
29/11/2021  17:31:09,930641;9,387653E-4;;
29/11/2021  17:31:09,931141;9,392541E-4;;
29/11/2021  17:31:09,931641;9,388339E-4;;
29/11/2021  17:31:09,932141;9,385031E-4;;
29/11/2021  17:31:09,932641;9,395045E-4;;
29/11/2021  17:31:09,933141;9,385001E-4;;
29/11/2021  17:31:09,933641;9,395641E-4;;
29/11/2021  17:31:09,934141;9,383064E-4;;
29/11/2021  17:31:09,934641;9,394419E-4;;
29/11/2021  17:31:09,935141;9,392273E-4;;
29/11/2021  17:31:09,935641;9,393286E-4;;
29/11/2021  17:31:09,936141;9,390455E-4;;
29/11/2021  17:31:09,936641;9,399753E-4;;
29/11/2021  17:31:09,937141;9,380590E-4;;
29/11/2021  17:31:09,937641;9,384703E-4;;
29/11/2021  17:31:09,938141;9,397757E-4;;
29/11/2021  17:31:09,938641;9,391617E-4;;
29/11/2021  17:31:09,939141;9,399008E-4;;
29/11/2021  17:31:09,939641;9,391349E-4;;
29/11/2021  17:31:09,940141;9,390753E-4;;
29/11/2021  17:31:09,940641;9,399664E-4;;
29/11/2021  17:31:09,941141;9,395730E-4;;
29/11/2021  17:31:09,941641;9,397488E-4;;
29/11/2021  17:31:09,942141;9,398591E-4;;
29/11/2021  17:31:09,942641;9,392243E-4;;
29/11/2021  17:31:09,943141;9,395790E-4;;
29/11/2021  17:31:09,943641;9,391826E-4;;
29/11/2021  17:31:09,944141;9,390216E-4;;
29/11/2021  17:31:09,944641;9,398353E-4;;
29/11/2021  17:31:09,945141;9,394031E-4;;
29/11/2021  17:31:09,945641;9,401244E-4;;
29/11/2021  17:31:09,946141;9,390574E-4;;
29/11/2021  17:31:09,946641;9,394478E-4;;
29/11/2021  17:31:09,947141;9,388637E-4;;
29/11/2021  17:31:09,947641;9,404671E-4;;
29/11/2021  17:31:09,948141;9,390783E-4;;
29/11/2021  17:31:09,948641;9,381901E-4;;
29/11/2021  17:31:09,949141;9,390842E-4;;
29/11/2021  17:31:09,949641;9,399843E-4;;
29/11/2021  17:31:09,950141;9,398084E-4;;
29/11/2021  17:31:09,950641;9,383630E-4;;
29/11/2021  17:31:09,951141;9,387385E-4;;
29/11/2021  17:31:09,951641;9,393674E-4;;
29/11/2021  17:31:09,952141;9,389501E-4;;
29/11/2021  17:31:09,952641;9,388220E-4;;
29/11/2021  17:31:09,953141;9,389948E-4;;
29/11/2021  17:31:09,953641;9,387326E-4;;
29/11/2021  17:31:09,954141;9,397429E-4;;
29/11/2021  17:31:09,954641;9,398740E-4;;
29/11/2021  17:31:09,955141;9,396505E-4;;
29/11/2021  17:31:09,955641;9,385329E-4;;
29/11/2021  17:31:09,956141;9,383064E-4;;
29/11/2021  17:31:09,956641;9,390455E-4;;
29/11/2021  17:31:09,957141;9,385418E-4;;
29/11/2021  17:31:09,957641;9,387147E-4;;
29/11/2021  17:31:09,958141;9,385597E-4;;
29/11/2021  17:31:09,958641;9,390395E-4;;
29/11/2021  17:31:09,959141;9,390872E-4;;
29/11/2021  17:31:09,959641;9,383541E-4;;
29/11/2021  17:31:09,960141;9,392601E-4;;
29/11/2021  17:31:09,960641;9,398293E-4;;
29/11/2021  17:31:09,961141;9,387504E-4;;
29/11/2021  17:31:09,961641;9,395343E-4;;
29/11/2021  17:31:09,962141;9,397906E-4;;
29/11/2021  17:31:09,962641;9,393018E-4;;
29/11/2021  17:31:09,963141;9,392750E-4;;
29/11/2021  17:31:09,963641;9,400230E-4;;
29/11/2021  17:31:09,964141;9,392690E-4;;
29/11/2021  17:31:09,964641;9,392511E-4;;
29/11/2021  17:31:09,965141;9,398859E-4;;
29/11/2021  17:31:09,965641;9,392243E-4;;
29/11/2021  17:31:09,966141;9,401154E-4;;
29/11/2021  17:31:09,966641;9,393763E-4;;
29/11/2021  17:31:09,967141;9,390515E-4;;
29/11/2021  17:31:09,967641;9,392362E-4;;
29/11/2021  17:31:09,968141;9,397280E-4;;
29/11/2021  17:31:09,968641;9,387773E-4;;
29/11/2021  17:31:09,969141;9,384763E-4;;
29/11/2021  17:31:09,969641;9,391289E-4;;
29/11/2021  17:31:09,970141;9,388607E-4;;
29/11/2021  17:31:09,970641;9,387296E-4;;
29/11/2021  17:31:09,971141;9,395372E-4;;
29/11/2021  17:31:09,971641;9,391558E-4;;
29/11/2021  17:31:09,972141;9,390187E-4;;
29/11/2021  17:31:09,972641;9,398889E-4;;
29/11/2021  17:31:09,973141;9,388041E-4;;
29/11/2021  17:31:09,973641;9,385120E-4;;
29/11/2021  17:31:09,974141;9,391319E-4;;
29/11/2021  17:31:09,974641;9,382855E-4;;
29/11/2021  17:31:09,975141;9,391170E-4;;
29/11/2021  17:31:09,975641;9,393882E-4;;
29/11/2021  17:31:09,976141;9,391230E-4;;
29/11/2021  17:31:09,976641;9,396266E-4;;
29/11/2021  17:31:09,977141;9,390932E-4;;
29/11/2021  17:31:09,977641;9,386819E-4;;
29/11/2021  17:31:09,978141;9,386551E-4;;
29/11/2021  17:31:09,978641;9,390157E-4;;
29/11/2021  17:31:09,979141;9,398174E-4;;
29/11/2021  17:31:09,979641;9,386759E-4;;
29/11/2021  17:31:09,980141;9,392392E-4;;
29/11/2021  17:31:09,980641;9,378414E-4;;
29/11/2021  17:31:09,981141;9,389144E-4;;
29/11/2021  17:31:09,981641;9,392511E-4;;
29/11/2021  17:31:09,982141;9,396445E-4;;
29/11/2021  17:31:09,982641;9,402138E-4;;
29/11/2021  17:31:09,983141;9,392213E-4;;
29/11/2021  17:31:09,983641;9,401124E-4;;
29/11/2021  17:31:09,984141;9,393614E-4;;
29/11/2021  17:31:09,984641;9,393227E-4;;
29/11/2021  17:31:09,985141;9,388875E-4;;
29/11/2021  17:31:09,985641;9,393197E-4;;
29/11/2021  17:31:09,986141;9,389769E-4;;
29/11/2021  17:31:09,986641;9,390693E-4;;
29/11/2021  17:31:09,987141;9,389114E-4;;
29/11/2021  17:31:09,987641;9,400588E-4;;
29/11/2021  17:31:09,988141;9,392720E-4;;
29/11/2021  17:31:09,988641;9,393405E-4;;
29/11/2021  17:31:09,989141;9,395879E-4;;
29/11/2021  17:31:09,989641;9,394359E-4;;
29/11/2021  17:31:09,990141;9,391587E-4;;
29/11/2021  17:31:09,990641;9,396296E-4;;
29/11/2021  17:31:09,991141;9,394419E-4;;
29/11/2021  17:31:09,991641;9,394240E-4;;
29/11/2021  17:31:09,992141;9,390067E-4;;
29/11/2021  17:31:09,992641;9,389918E-4;;
29/11/2021  17:31:09,993141;9,392571E-4;;
29/11/2021  17:31:09,993641;9,392034E-4;;
29/11/2021  17:31:09,994141;9,389948E-4;;
29/11/2021  17:31:09,994641;9,390693E-4;;
29/11/2021  17:31:09,995141;9,395700E-4;;
29/11/2021  17:31:09,995641;9,391647E-4;;
29/11/2021  17:31:09,996141;9,386610E-4;;
29/11/2021  17:31:09,996641;9,393286E-4;;
29/11/2021  17:31:09,997141;9,392422E-4;;
29/11/2021  17:31:09,997641;9,393107E-4;;
29/11/2021  17:31:09,998141;9,384047E-4;;
29/11/2021  17:31:09,998641;9,388816E-4;;
29/11/2021  17:31:09,999141;9,392273E-4;;
29/11/2021  17:31:09,999641;9,396088E-4;;
29/11/2021  17:31:10,000141;9,393882E-4;;
29/11/2021  17:31:10,000641;9,392631E-4;;
29/11/2021  17:31:10,001141;9,392243E-4;;
29/11/2021  17:31:10,001641;9,391200E-4;;
29/11/2021  17:31:10,002141;9,391230E-4;;
29/11/2021  17:31:10,002641;9,388786E-4;;
29/11/2021  17:31:10,003141;9,393793E-4;;
29/11/2021  17:31:10,003641;9,389233E-4;;
29/11/2021  17:31:10,004141;9,404880E-4;;
29/11/2021  17:31:10,004641;9,392958E-4;;
29/11/2021  17:31:10,005141;9,395581E-4;;
29/11/2021  17:31:10,005641;9,392392E-4;;
29/11/2021  17:31:10,006141;9,403807E-4;;
29/11/2021  17:31:10,006641;9,404462E-4;;
29/11/2021  17:31:10,007141;9,401780E-4;;
29/11/2021  17:31:10,007641;9,397131E-4;;
29/11/2021  17:31:10,008141;9,392422E-4;;
29/11/2021  17:31:10,008641;9,403479E-4;;
29/11/2021  17:31:10,009141;9,390723E-4;;
29/11/2021  17:31:10,009641;9,400528E-4;;
29/11/2021  17:31:10,010141;9,394806E-4;;
29/11/2021  17:31:10,010641;9,402406E-4;;
29/11/2021  17:31:10,011141;9,393405E-4;;
29/11/2021  17:31:10,011641;9,386938E-4;;
29/11/2021  17:31:10,012141;9,399277E-4;;
29/11/2021  17:31:10,012641;9,398710E-4;;
29/11/2021  17:31:10,013141;9,394359E-4;;
29/11/2021  17:31:10,013641;9,391051E-4;;
29/11/2021  17:31:10,014141;9,392869E-4;;
29/11/2021  17:31:10,014641;9,384733E-4;;
29/11/2021  17:31:10,015141;9,403002E-4;;
29/11/2021  17:31:10,015641;9,387206E-4;;
29/11/2021  17:31:10,016141;9,384435E-4;;
29/11/2021  17:31:10,016641;9,393107E-4;;
29/11/2021  17:31:10,017141;9,385895E-4;;
29/11/2021  17:31:10,017641;9,390157E-4;;
29/11/2021  17:31:10,018141;9,385657E-4;;
29/11/2021  17:31:10,018641;9,391081E-4;;
29/11/2021  17:31:10,019141;9,389054E-4;;
29/11/2021  17:31:10,019641;9,395074E-4;;
29/11/2021  17:31:10,020141;9,391975E-4;;
29/11/2021  17:31:10,020641;9,384882E-4;;
29/11/2021  17:31:10,021141;9,391111E-4;;
29/11/2021  17:31:10,021641;9,396386E-4;;
29/11/2021  17:31:10,022141;9,392869E-4;;
29/11/2021  17:31:10,022641;9,395164E-4;;
29/11/2021  17:31:10,023141;9,399485E-4;;
29/11/2021  17:31:10,023641;9,388220E-4;;
29/11/2021  17:31:10,024141;9,385359E-4;;
29/11/2021  17:31:10,024641;9,393346E-4;;
29/11/2021  17:31:10,025141;9,394806E-4;;
29/11/2021  17:31:10,025641;9,393495E-4;;
29/11/2021  17:31:10,026141;9,393316E-4;;
29/11/2021  17:31:10,026641;9,396594E-4;;
29/11/2021  17:31:10,027141;9,384405E-4;;
29/11/2021  17:31:10,027641;9,388100E-4;;
29/11/2021  17:31:10,028141;9,396952E-4;;
29/11/2021  17:31:10,028641;9,389948E-4;;
29/11/2021  17:31:10,029141;9,395223E-4;;
29/11/2021  17:31:10,029641;9,397190E-4;;
29/11/2021  17:31:10,030141;9,391975E-4;;
29/11/2021  17:31:10,030641;9,387475E-4;;
29/11/2021  17:31:10,031141;9,391945E-4;;
29/11/2021  17:31:10,031641;9,396922E-4;;
29/11/2021  17:31:10,032141;9,396773E-4;;
29/11/2021  17:31:10,032641;9,401005E-4;;
29/11/2021  17:31:10,033141;9,393733E-4;;
29/11/2021  17:31:10,033641;9,398353E-4;;
29/11/2021  17:31:10,034141;9,390187E-4;;
29/11/2021  17:31:10,034641;9,387981E-4;;
29/11/2021  17:31:10,035141;9,401303E-4;;
29/11/2021  17:31:10,035641;9,391647E-4;;
29/11/2021  17:31:10,036141;9,388756E-4;;
29/11/2021  17:31:10,036641;9,384614E-4;;
29/11/2021  17:31:10,037141;9,399515E-4;;
29/11/2021  17:31:10,037641;9,394121E-4;;
29/11/2021  17:31:10,038141;9,392124E-4;;
29/11/2021  17:31:10,038641;9,398263E-4;;
29/11/2021  17:31:10,039141;9,389382E-4;;
29/11/2021  17:31:10,039641;9,384256E-4;;
29/11/2021  17:31:10,040141;9,391856E-4;;
29/11/2021  17:31:10,040641;9,381693E-4;;
29/11/2021  17:31:10,041141;9,393525E-4;;
29/11/2021  17:31:10,041641;9,386104E-4;;
29/11/2021  17:31:10,042141;9,394299E-4;;
29/11/2021  17:31:10,042641;9,389352E-4;;
29/11/2021  17:31:10,043141;9,388965E-4;;
29/11/2021  17:31:10,043641;9,377938E-4;;
29/11/2021  17:31:10,044141;9,389412E-4;;
29/11/2021  17:31:10,044641;9,403032E-4;;
29/11/2021  17:31:10,045141;9,385269E-4;;
29/11/2021  17:31:10,045641;9,389084E-4;;
29/11/2021  17:31:10,046141;9,387683E-4;;
29/11/2021  17:31:10,046641;9,403211E-4;;
29/11/2021  17:31:10,047141;9,392482E-4;;
29/11/2021  17:31:10,047641;9,397101E-4;;
29/11/2021  17:31:10,048141;9,390336E-4;;
29/11/2021  17:31:10,048641;9,399098E-4;;
29/11/2021  17:31:10,049141;9,391587E-4;;
29/11/2021  17:31:10,049641;9,392213E-4;;
29/11/2021  17:31:10,050141;9,398800E-4;;
29/11/2021  17:31:10,050641;9,389084E-4;;
29/11/2021  17:31:10,051141;9,393942E-4;;
29/11/2021  17:31:10,051641;9,390544E-4;;
29/11/2021  17:31:10,052141;9,393167E-4;;
29/11/2021  17:31:10,052641;9,401393E-4;;
29/11/2021  17:31:10,053141;9,390813E-4;;
29/11/2021  17:31:10,053641;9,396088E-4;;
29/11/2021  17:31:10,054141;9,402108E-4;;
29/11/2021  17:31:10,054641;9,391766E-4;;
29/11/2021  17:31:10,055141;9,388488E-4;;
29/11/2021  17:31:10,055641;9,389740E-4;;
29/11/2021  17:31:10,056141;9,400648E-4;;
29/11/2021  17:31:10,056641;9,403717E-4;;
29/11/2021  17:31:10,057141;9,382170E-4;;
29/11/2021  17:31:10,057641;9,393733E-4;;
29/11/2021  17:31:10,058141;9,394210E-4;;
29/11/2021  17:31:10,058641;9,398442E-4;;
29/11/2021  17:31:10,059141;9,386581E-4;;
29/11/2021  17:31:10,059641;9,388637E-4;;
29/11/2021  17:31:10,060141;9,394299E-4;;
29/11/2021  17:31:10,060641;9,385597E-4;;
29/11/2021  17:31:10,061141;9,381007E-4;;
29/11/2021  17:31:10,061641;9,387028E-4;;
29/11/2021  17:31:10,062141;9,389501E-4;;
29/11/2021  17:31:10,062641;9,381216E-4;;
29/11/2021  17:31:10,063141;9,388756E-4;;
29/11/2021  17:31:10,063641;9,388100E-4;;
29/11/2021  17:31:10,064141;9,388965E-4;;
29/11/2021  17:31:10,064641;9,383719E-4;;
29/11/2021  17:31:10,065141;9,404373E-4;;
29/11/2021  17:31:10,065641;9,407890E-4;;
29/11/2021  17:31:10,066141;9,389650E-4;;
29/11/2021  17:31:10,066641;9,399157E-4;;
29/11/2021  17:31:10,067141;9,390157E-4;;
29/11/2021  17:31:10,067641;9,391289E-4;;
29/11/2021  17:31:10,068141;9,383928E-4;;
29/11/2021  17:31:10,068641;9,393435E-4;;
29/11/2021  17:31:10,069141;9,390336E-4;;
29/11/2021  17:31:10,069641;9,393912E-4;;
29/11/2021  17:31:10,070141;9,394210E-4;;
29/11/2021  17:31:10,070641;9,394240E-4;;
29/11/2021  17:31:10,071141;9,399724E-4;;
29/11/2021  17:31:10,071641;9,390962E-4;;
29/11/2021  17:31:10,072141;9,392482E-4;;
29/11/2021  17:31:10,072641;9,395194E-4;;
29/11/2021  17:31:10,073141;9,393584E-4;;
29/11/2021  17:31:10,073641;9,391140E-4;;
29/11/2021  17:31:10,074141;9,391468E-4;;
29/11/2021  17:31:10,074641;9,394180E-4;;
29/11/2021  17:31:10,075141;9,396505E-4;;
29/11/2021  17:31:10,075641;9,379905E-4;;
29/11/2021  17:31:10,076141;9,386849E-4;;
29/11/2021  17:31:10,076641;9,400469E-4;;
29/11/2021  17:31:10,077141;9,398055E-4;;
29/11/2021  17:31:10,077641;9,388607E-4;;
29/11/2021  17:31:10,078141;9,397757E-4;;
29/11/2021  17:31:10,078641;9,390038E-4;;
29/11/2021  17:31:10,079141;9,388488E-4;;
29/11/2021  17:31:10,079641;9,397012E-4;;
29/11/2021  17:31:10,080141;9,398323E-4;;
29/11/2021  17:31:10,080641;9,394210E-4;;
29/11/2021  17:31:10,081141;9,389352E-4;;
29/11/2021  17:31:10,081641;9,397280E-4;;
29/11/2021  17:31:10,082141;9,389144E-4;;
29/11/2021  17:31:10,082641;9,400737E-4;;
29/11/2021  17:31:10,083141;9,388458E-4;;
29/11/2021  17:31:10,083641;9,396684E-4;;
29/11/2021  17:31:10,084141;9,396117E-4;;
29/11/2021  17:31:10,084641;9,388041E-4;;
29/11/2021  17:31:10,085141;9,392958E-4;;
29/11/2021  17:31:10,085641;9,399843E-4;;
29/11/2021  17:31:10,086141;9,404671E-4;;
29/11/2021  17:31:10,086641;9,397518E-4;;
29/11/2021  17:31:10,087141;9,396684E-4;;
29/11/2021  17:31:10,087641;9,393435E-4;;
29/11/2021  17:31:10,088141;9,394657E-4;;
29/11/2021  17:31:10,088641;9,400260E-4;;
29/11/2021  17:31:10,089141;9,390008E-4;;
29/11/2021  17:31:10,089641;9,388488E-4;;
29/11/2021  17:31:10,090141;9,397667E-4;;
29/11/2021  17:31:10,090641;9,395998E-4;;
29/11/2021  17:31:10,091141;9,386133E-4;;
29/11/2021  17:31:10,091641;9,392064E-4;;
29/11/2021  17:31:10,092141;9,390067E-4;;
29/11/2021  17:31:10,092641;9,387743E-4;;
29/11/2021  17:31:10,093141;9,381186E-4;;
29/11/2021  17:31:10,093641;9,389710E-4;;
29/11/2021  17:31:10,094141;9,388607E-4;;
29/11/2021  17:31:10,094641;9,385925E-4;;
29/11/2021  17:31:10,095141;9,388995E-4;;
29/11/2021  17:31:10,095641;9,384494E-4;;
29/11/2021  17:31:10,096141;9,391140E-4;;
29/11/2021  17:31:10,096641;9,388190E-4;;
29/11/2021  17:31:10,097141;9,391915E-4;;
29/11/2021  17:31:10,097641;9,382706E-4;;
29/11/2021  17:31:10,098141;9,400141E-4;;
29/11/2021  17:31:10,098641;9,386700E-4;;
29/11/2021  17:31:10,099141;9,396505E-4;;
29/11/2021  17:31:10,099641;9,396445E-4;;
29/11/2021  17:31:10,100141;9,389740E-4;;
29/11/2021  17:31:10,100641;9,384107E-4;;
29/11/2021  17:31:10,101141;9,390604E-4;;
29/11/2021  17:31:10,101641;9,388816E-4;;
29/11/2021  17:31:10,102141;9,386253E-4;;
29/11/2021  17:31:10,102641;9,393465E-4;;
29/11/2021  17:31:10,103141;9,398174E-4;;
29/11/2021  17:31:10,103641;9,384703E-4;;
29/11/2021  17:31:10,104141;9,386998E-4;;
29/11/2021  17:31:10,104641;9,399455E-4;;
29/11/2021  17:31:10,105141;9,385776E-4;;
29/11/2021  17:31:10,105641;9,396088E-4;;
29/11/2021  17:31:10,106141;9,392541E-4;;
29/11/2021  17:31:10,106641;9,398919E-4;;
29/11/2021  17:31:10,107141;9,388309E-4;;
29/11/2021  17:31:10,107641;9,396654E-4;;
29/11/2021  17:31:10,108141;9,390485E-4;;
29/11/2021  17:31:10,108641;9,384405E-4;;
29/11/2021  17:31:10,109141;9,389710E-4;;
29/11/2021  17:31:10,109641;9,395283E-4;;
29/11/2021  17:31:10,110141;9,387832E-4;;
29/11/2021  17:31:10,110641;9,393376E-4;;
29/11/2021  17:31:10,111141;9,383094E-4;;
29/11/2021  17:31:10,111641;9,401363E-4;;
29/11/2021  17:31:10,112141;9,391349E-4;;
29/11/2021  17:31:10,112641;9,387087E-4;;
29/11/2021  17:31:10,113141;9,396565E-4;;
29/11/2021  17:31:10,113641;9,394419E-4;;
29/11/2021  17:31:10,114141;9,393376E-4;;
29/11/2021  17:31:10,114641;9,394747E-4;;
29/11/2021  17:31:10,115141;9,389501E-4;;
29/11/2021  17:31:10,115641;9,398681E-4;;
29/11/2021  17:31:10,116141;9,388607E-4;;
29/11/2021  17:31:10,116641;9,393018E-4;;
29/11/2021  17:31:10,117141;9,395879E-4;;
29/11/2021  17:31:10,117641;9,387951E-4;;
29/11/2021  17:31:10,118141;9,388190E-4;;
29/11/2021  17:31:10,118641;9,380769E-4;;
29/11/2021  17:31:10,119141;9,374272E-4;;
29/11/2021  17:31:10,119641;9,398830E-4;;
29/11/2021  17:31:10,120141;9,384614E-4;;
29/11/2021  17:31:10,120641;9,388488E-4;;
29/11/2021  17:31:10,121141;9,391587E-4;;
29/11/2021  17:31:10,121641;9,388905E-4;;
29/11/2021  17:31:10,122141;9,395670E-4;;
29/11/2021  17:31:10,122641;9,377580E-4;;
29/11/2021  17:31:10,123141;9,400916E-4;;
29/11/2021  17:31:10,123641;9,387624E-4;;
29/11/2021  17:31:10,124141;9,382080E-4;;
29/11/2021  17:31:10,124641;9,396356E-4;;
29/11/2021  17:31:10,125141;9,391349E-4;;
29/11/2021  17:31:10,125641;9,393972E-4;;
29/11/2021  17:31:10,126141;9,388249E-4;;
29/11/2021  17:31:10,126641;9,396594E-4;;
29/11/2021  17:31:10,127141;9,393078E-4;;
29/11/2021  17:31:10,127641;9,394657E-4;;
29/11/2021  17:31:10,128141;9,399008E-4;;
29/11/2021  17:31:10,128641;9,394836E-4;;
29/11/2021  17:31:10,129141;9,389620E-4;;
29/11/2021  17:31:10,129641;9,396594E-4;;
29/11/2021  17:31:10,130141;9,389769E-4;;
29/11/2021  17:31:10,130641;9,391558E-4;;
29/11/2021  17:31:10,131141;9,393465E-4;;
29/11/2021  17:31:10,131641;9,390157E-4;;
29/11/2021  17:31:10,132141;9,401571E-4;;
29/11/2021  17:31:10,132641;9,391796E-4;;
29/11/2021  17:31:10,133141;9,390872E-4;;
29/11/2021  17:31:10,133641;9,396505E-4;;
29/11/2021  17:31:10,134141;9,393286E-4;;
29/11/2021  17:31:10,134641;9,388875E-4;;
29/11/2021  17:31:10,135141;9,399724E-4;;
29/11/2021  17:31:10,135641;9,386819E-4;;
29/11/2021  17:31:10,136141;9,391975E-4;;
29/11/2021  17:31:10,136641;9,396356E-4;;
29/11/2021  17:31:10,137141;9,388071E-4;;
29/11/2021  17:31:10,137641;9,383481E-4;;
29/11/2021  17:31:10,138141;9,384733E-4;;
29/11/2021  17:31:10,138641;9,385716E-4;;
29/11/2021  17:31:10,139141;9,391200E-4;;
29/11/2021  17:31:10,139641;9,388905E-4;;
29/11/2021  17:31:10,140141;9,381693E-4;;
29/11/2021  17:31:10,140641;9,379368E-4;;
29/11/2021  17:31:10,141141;9,385627E-4;;
29/11/2021  17:31:10,141641;9,380650E-4;;
29/11/2021  17:31:10,142141;9,390991E-4;;
29/11/2021  17:31:10,142641;9,384137E-4;;
29/11/2021  17:31:10,143141;9,382885E-4;;
29/11/2021  17:31:10,143641;9,399664E-4;;
29/11/2021  17:31:10,144141;9,388011E-4;;
29/11/2021  17:31:10,144641;9,383690E-4;;
29/11/2021  17:31:10,145141;9,388369E-4;;
29/11/2021  17:31:10,145641;9,395730E-4;;
29/11/2021  17:31:10,146141;9,392750E-4;;
29/11/2021  17:31:10,146641;9,405356E-4;;
29/11/2021  17:31:10,147141;9,385746E-4;;
29/11/2021  17:31:10,147641;9,398979E-4;;
29/11/2021  17:31:10,148141;9,392064E-4;;
29/11/2021  17:31:10,148641;9,402615E-4;;
29/11/2021  17:31:10,149141;9,401363E-4;;
29/11/2021  17:31:10,149641;9,393763E-4;;
29/11/2021  17:31:10,150141;9,386968E-4;;
29/11/2021  17:31:10,150641;9,394299E-4;;
29/11/2021  17:31:10,151141;9,395462E-4;;
29/11/2021  17:31:10,151641;9,384882E-4;;
29/11/2021  17:31:10,152141;9,391021E-4;;
29/11/2021  17:31:10,152641;9,391975E-4;;
29/11/2021  17:31:10,153141;9,390664E-4;;
29/11/2021  17:31:10,153641;9,386342E-4;;
29/11/2021  17:31:10,154141;9,388756E-4;;
29/11/2021  17:31:10,154641;9,384405E-4;;
29/11/2021  17:31:10,155141;9,393495E-4;;
29/11/2021  17:31:10,155641;9,402138E-4;;
29/11/2021  17:31:10,156141;9,398621E-4;;
29/11/2021  17:31:10,156641;9,392869E-4;;
29/11/2021  17:31:10,157141;9,392392E-4;;
29/11/2021  17:31:10,157641;9,393763E-4;;
29/11/2021  17:31:10,158141;9,385925E-4;;
29/11/2021  17:31:10,158641;9,383690E-4;;
29/11/2021  17:31:10,159141;9,386640E-4;;
29/11/2021  17:31:10,159641;9,390216E-4;;
29/11/2021  17:31:10,160141;9,388548E-4;;
29/11/2021  17:31:10,160641;9,385895E-4;;
29/11/2021  17:31:10,161141;9,390336E-4;;
29/11/2021  17:31:10,161641;9,392034E-4;;
29/11/2021  17:31:10,162141;9,395730E-4;;
29/11/2021  17:31:10,162641;9,391379E-4;;
29/11/2021  17:31:10,163141;9,383272E-4;;
29/11/2021  17:31:10,163641;9,389293E-4;;
29/11/2021  17:31:10,164141;9,387385E-4;;
29/11/2021  17:31:10,164641;9,391260E-4;;
29/11/2021  17:31:10,165141;9,394747E-4;;
29/11/2021  17:31:10,165641;9,391587E-4;;
29/11/2021  17:31:10,166141;9,389948E-4;;
29/11/2021  17:31:10,166641;9,385835E-4;;
29/11/2021  17:31:10,167141;9,391051E-4;;
29/11/2021  17:31:10,167641;9,386491E-4;;
29/11/2021  17:31:10,168141;9,387147E-4;;
29/11/2021  17:31:10,168641;9,393376E-4;;
29/11/2021  17:31:10,169141;9,402764E-4;;
29/11/2021  17:31:10,169641;9,393078E-4;;
29/11/2021  17:31:10,170141;9,399247E-4;;
29/11/2021  17:31:10,170641;9,392720E-4;;
29/11/2021  17:31:10,171141;9,398502E-4;;
29/11/2021  17:31:10,171641;9,395521E-4;;
29/11/2021  17:31:10,172141;9,392809E-4;;
29/11/2021  17:31:10,172641;9,389859E-4;;
29/11/2021  17:31:10,173141;9,387475E-4;;
29/11/2021  17:31:10,173641;9,387951E-4;;
29/11/2021  17:31:10,174141;9,395283E-4;;
29/11/2021  17:31:10,174641;9,388726E-4;;
29/11/2021  17:31:10,175141;9,388577E-4;;
29/11/2021  17:31:10,175641;9,403985E-4;;
29/11/2021  17:31:10,176141;9,400469E-4;;
29/11/2021  17:31:10,176641;9,397488E-4;;
29/11/2021  17:31:10,177141;9,393227E-4;;
29/11/2021  17:31:10,177641;9,389799E-4;;
29/11/2021  17:31:10,178141;9,391498E-4;;
29/11/2021  17:31:10,178641;9,388726E-4;;
29/11/2021  17:31:10,179141;9,392362E-4;;
29/11/2021  17:31:10,179641;9,393167E-4;;
29/11/2021  17:31:10,180141;9,397518E-4;;
29/11/2021  17:31:10,180641;9,400618E-4;;
29/11/2021  17:31:10,181141;9,386640E-4;;
29/11/2021  17:31:10,181641;9,381931E-4;;
29/11/2021  17:31:10,182141;9,385388E-4;;
29/11/2021  17:31:10,182641;9,393674E-4;;
29/11/2021  17:31:10,183141;9,394449E-4;;
29/11/2021  17:31:10,183641;9,393912E-4;;
29/11/2021  17:31:10,184141;9,386402E-4;;
29/11/2021  17:31:10,184641;9,387385E-4;;
29/11/2021  17:31:10,185141;9,396624E-4;;
29/11/2021  17:31:10,185641;9,396863E-4;;
29/11/2021  17:31:10,186141;9,388965E-4;;
29/11/2021  17:31:10,186641;9,388488E-4;;
29/11/2021  17:31:10,187141;9,391975E-4;;
29/11/2021  17:31:10,187641;9,392541E-4;;
29/11/2021  17:31:10,188141;9,395849E-4;;
29/11/2021  17:31:10,188641;9,394091E-4;;
29/11/2021  17:31:10,189141;9,396177E-4;;
29/11/2021  17:31:10,189641;9,388786E-4;;
29/11/2021  17:31:10,190141;9,389144E-4;;
29/11/2021  17:31:10,190641;9,393852E-4;;
29/11/2021  17:31:10,191141;9,390365E-4;;
29/11/2021  17:31:10,191641;9,392541E-4;;
29/11/2021  17:31:10,192141;9,398710E-4;;
29/11/2021  17:31:10,192641;9,387117E-4;;
29/11/2021  17:31:10,193141;9,391438E-4;;
29/11/2021  17:31:10,193641;9,392809E-4;;
29/11/2021  17:31:10,194141;9,399068E-4;;
29/11/2021  17:31:10,194641;9,389263E-4;;
29/11/2021  17:31:10,195141;9,396088E-4;;
29/11/2021  17:31:10,195641;9,396833E-4;;
29/11/2021  17:31:10,196141;9,391915E-4;;
29/11/2021  17:31:10,196641;9,394776E-4;;
29/11/2021  17:31:10,197141;9,396296E-4;;
29/11/2021  17:31:10,197641;9,393942E-4;;
29/11/2021  17:31:10,198141;9,395045E-4;;
29/11/2021  17:31:10,198641;9,396803E-4;;
29/11/2021  17:31:10,199141;9,399992E-4;;
29/11/2021  17:31:10,199641;9,395581E-4;;
29/11/2021  17:31:10,200141;9,396743E-4;;
29/11/2021  17:31:10,200641;9,397816E-4;;
29/11/2021  17:31:10,201141;9,393286E-4;;
29/11/2021  17:31:10,201641;9,390962E-4;;
29/11/2021  17:31:10,202141;9,392720E-4;;
29/11/2021  17:31:10,202641;9,391468E-4;;
29/11/2021  17:31:10,203141;9,392750E-4;;
29/11/2021  17:31:10,203641;9,398114E-4;;
29/11/2021  17:31:10,204141;9,384524E-4;;
29/11/2021  17:31:10,204641;9,392005E-4;;
29/11/2021  17:31:10,205141;9,394061E-4;;
29/11/2021  17:31:10,205641;9,391111E-4;;
29/11/2021  17:31:10,206141;9,403658E-4;;
29/11/2021  17:31:10,206641;9,391736E-4;;
29/11/2021  17:31:10,207141;9,403240E-4;;
29/11/2021  17:31:10,207641;9,387743E-4;;
29/11/2021  17:31:10,208141;9,384703E-4;;
29/11/2021  17:31:10,208641;9,396326E-4;;
29/11/2021  17:31:10,209141;9,394031E-4;;
29/11/2021  17:31:10,209641;9,390067E-4;;
29/11/2021  17:31:10,210141;9,383988E-4;;
29/11/2021  17:31:10,210641;9,385895E-4;;
29/11/2021  17:31:10,211141;9,385478E-4;;
29/11/2021  17:31:10,211641;9,396296E-4;;
29/11/2021  17:31:10,212141;9,380113E-4;;
29/11/2021  17:31:10,212641;9,391677E-4;;
29/11/2021  17:31:10,213141;9,391140E-4;;
29/11/2021  17:31:10,213641;9,382498E-4;;
29/11/2021  17:31:10,214141;9,385478E-4;;
29/11/2021  17:31:10,214641;9,397935E-4;;
29/11/2021  17:31:10,215141;9,393942E-4;;
29/11/2021  17:31:10,215641;9,395372E-4;;
29/11/2021  17:31:10,216141;9,391796E-4;;
29/11/2021  17:31:10,216641;9,392303E-4;;
29/11/2021  17:31:10,217141;9,403121E-4;;
29/11/2021  17:31:10,217641;9,398114E-4;;
29/11/2021  17:31:10,218141;9,391111E-4;;
29/11/2021  17:31:10,218641;9,399157E-4;;
29/11/2021  17:31:10,219141;9,398144E-4;;
29/11/2021  17:31:10,219641;9,395372E-4;;
29/11/2021  17:31:10,220141;9,388488E-4;;
29/11/2021  17:31:10,220641;9,391677E-4;;
29/11/2021  17:31:10,221141;9,395998E-4;;
29/11/2021  17:31:10,221641;9,393048E-4;;
29/11/2021  17:31:10,222141;9,395223E-4;;
29/11/2021  17:31:10,222641;9,385806E-4;;
29/11/2021  17:31:10,223141;9,389054E-4;;
29/11/2021  17:31:10,223641;9,388011E-4;;
29/11/2021  17:31:10,224141;9,398651E-4;;
29/11/2021  17:31:10,224641;9,386253E-4;;
29/11/2021  17:31:10,225141;9,388458E-4;;
29/11/2021  17:31:10,225641;9,390515E-4;;
29/11/2021  17:31:10,226141;9,380203E-4;;
29/11/2021  17:31:10,226641;9,395134E-4;;
29/11/2021  17:31:10,227141;9,391140E-4;;
29/11/2021  17:31:10,227641;9,384494E-4;;
29/11/2021  17:31:10,228141;9,389799E-4;;
29/11/2021  17:31:10,228641;9,382647E-4;;
29/11/2021  17:31:10,229141;9,379160E-4;;
29/11/2021  17:31:10,229641;9,380620E-4;;
29/11/2021  17:31:10,230141;9,389352E-4;;
29/11/2021  17:31:10,230641;9,387951E-4;;
29/11/2021  17:31:10,231141;9,387981E-4;;
29/11/2021  17:31:10,231641;9,386312E-4;;
29/11/2021  17:31:10,232141;9,391617E-4;;
29/11/2021  17:31:10,232641;9,391647E-4;;
29/11/2021  17:31:10,233141;9,389173E-4;;
29/11/2021  17:31:10,233641;9,390485E-4;;
29/11/2021  17:31:10,234141;9,392988E-4;;
29/11/2021  17:31:10,234641;9,390365E-4;;
29/11/2021  17:31:10,235141;9,392392E-4;;
29/11/2021  17:31:10,235641;9,387922E-4;;
29/11/2021  17:31:10,236141;9,385537E-4;;
29/11/2021  17:31:10,236641;9,393703E-4;;
29/11/2021  17:31:10,237141;9,389680E-4;;
29/11/2021  17:31:10,237641;9,394538E-4;;
29/11/2021  17:31:10,238141;9,394061E-4;;
29/11/2021  17:31:10,238641;9,388726E-4;;
29/11/2021  17:31:10,239141;9,395462E-4;;
29/11/2021  17:31:10,239641;9,403330E-4;;
29/11/2021  17:31:10,240141;9,390216E-4;;
29/11/2021  17:31:10,240641;9,389561E-4;;
29/11/2021  17:31:10,241141;9,392154E-4;;
29/11/2021  17:31:10,241641;9,395551E-4;;
29/11/2021  17:31:10,242141;9,393852E-4;;
29/11/2021  17:31:10,242641;9,388518E-4;;
29/11/2021  17:31:10,243141;9,397757E-4;;
29/11/2021  17:31:10,243641;9,394150E-4;;
29/11/2021  17:31:10,244141;9,397429E-4;;
29/11/2021  17:31:10,244641;9,399634E-4;;
29/11/2021  17:31:10,245141;9,399128E-4;;
29/11/2021  17:31:10,245641;9,402644E-4;;
29/11/2021  17:31:10,246141;9,394568E-4;;
29/11/2021  17:31:10,246641;9,392422E-4;;
29/11/2021  17:31:10,247141;9,383570E-4;;
29/11/2021  17:31:10,247641;9,390962E-4;;
29/11/2021  17:31:10,248141;9,395939E-4;;
29/11/2021  17:31:10,248641;9,397667E-4;;
29/11/2021  17:31:10,249141;9,391021E-4;;
29/11/2021  17:31:10,249641;9,385716E-4;;
29/11/2021  17:31:10,250141;9,401273E-4;;
29/11/2021  17:31:10,250641;9,393823E-4;;
29/11/2021  17:31:10,251141;9,383749E-4;;
29/11/2021  17:31:10,251641;9,388935E-4;;
29/11/2021  17:31:10,252141;9,386044E-4;;
29/11/2021  17:31:10,252641;9,392601E-4;;
29/11/2021  17:31:10,253141;9,389859E-4;;
29/11/2021  17:31:10,253641;9,388726E-4;;
29/11/2021  17:31:10,254141;9,398114E-4;;
29/11/2021  17:31:10,254641;9,400707E-4;;
29/11/2021  17:31:10,255141;9,392720E-4;;
29/11/2021  17:31:10,255641;9,393256E-4;;
29/11/2021  17:31:10,256141;9,399336E-4;;
29/11/2021  17:31:10,256641;9,386312E-4;;
29/11/2021  17:31:10,257141;9,385955E-4;;
29/11/2021  17:31:10,257641;9,391766E-4;;
29/11/2021  17:31:10,258141;9,396386E-4;;
29/11/2021  17:31:10,258641;9,380978E-4;;
29/11/2021  17:31:10,259141;9,380054E-4;;
29/11/2021  17:31:10,259641;9,389680E-4;;
29/11/2021  17:31:10,260141;9,392124E-4;;
29/11/2021  17:31:10,260641;9,388071E-4;;
29/11/2021  17:31:10,261141;9,390634E-4;;
29/11/2021  17:31:10,261641;9,393972E-4;;
29/11/2021  17:31:10,262141;9,403330E-4;;
29/11/2021  17:31:10,262641;9,390991E-4;;
29/11/2021  17:31:10,263141;9,396356E-4;;
29/11/2021  17:31:10,263641;9,392571E-4;;
29/11/2021  17:31:10,264141;9,395521E-4;;
29/11/2021  17:31:10,264641;9,395253E-4;;
29/11/2021  17:31:10,265141;9,406101E-4;;
29/11/2021  17:31:10,265641;9,402615E-4;;
29/11/2021  17:31:10,266141;9,398532E-4;;
29/11/2021  17:31:10,266641;9,396416E-4;;
29/11/2021  17:31:10,267141;9,395670E-4;;
29/11/2021  17:31:10,267641;9,406191E-4;;
29/11/2021  17:31:10,268141;9,400141E-4;;
29/11/2021  17:31:10,268641;9,390574E-4;;
29/11/2021  17:31:10,269141;9,393078E-4;;
29/11/2021  17:31:10,269641;9,392929E-4;;
29/11/2021  17:31:10,270141;9,395432E-4;;
29/11/2021  17:31:10,270641;9,390932E-4;;
29/11/2021  17:31:10,271141;9,390216E-4;;
29/11/2021  17:31:10,271641;9,389173E-4;;
29/11/2021  17:31:10,272141;9,397101E-4;;
29/11/2021  17:31:10,272641;9,392273E-4;;
29/11/2021  17:31:10,273141;9,385388E-4;;
29/11/2021  17:31:10,273641;9,385984E-4;;
29/11/2021  17:31:10,274141;9,385448E-4;;
29/11/2021  17:31:10,274641;9,392362E-4;;
29/11/2021  17:31:10,275141;9,388220E-4;;
29/11/2021  17:31:10,275641;9,392780E-4;;
29/11/2021  17:31:10,276141;9,393137E-4;;
29/11/2021  17:31:10,276641;9,384107E-4;;
29/11/2021  17:31:10,277141;9,385984E-4;;
29/11/2021  17:31:10,277641;9,386670E-4;;
29/11/2021  17:31:10,278141;9,376686E-4;;
29/11/2021  17:31:10,278641;9,383719E-4;;
29/11/2021  17:31:10,279141;9,394508E-4;;
29/11/2021  17:31:10,279641;9,393227E-4;;
29/11/2021  17:31:10,280141;9,401184E-4;;
29/11/2021  17:31:10,280641;9,386759E-4;;
29/11/2021  17:31:10,281141;9,381961E-4;;
29/11/2021  17:31:10,281641;9,387504E-4;;
29/11/2021  17:31:10,282141;9,395074E-4;;
29/11/2021  17:31:10,282641;9,394598E-4;;
29/11/2021  17:31:10,283141;9,387177E-4;;
29/11/2021  17:31:10,283641;9,392303E-4;;
29/11/2021  17:31:10,284141;9,392362E-4;;
29/11/2021  17:31:10,284641;9,391796E-4;;
29/11/2021  17:31:10,285141;9,397548E-4;;
29/11/2021  17:31:10,285641;9,392392E-4;;
29/11/2021  17:31:10,286141;9,393882E-4;;
29/11/2021  17:31:10,286641;9,396356E-4;;
29/11/2021  17:31:10,287141;9,388369E-4;;
29/11/2021  17:31:10,287641;9,391558E-4;;
29/11/2021  17:31:10,288141;9,395432E-4;;
29/11/2021  17:31:10,288641;9,384077E-4;;
29/11/2021  17:31:10,289141;9,398949E-4;;
29/11/2021  17:31:10,289641;9,400886E-4;;
29/11/2021  17:31:10,290141;9,388071E-4;;
29/11/2021  17:31:10,290641;9,383630E-4;;
29/11/2021  17:31:10,291141;9,394299E-4;;
29/11/2021  17:31:10,291641;9,397578E-4;;
29/11/2021  17:31:10,292141;9,396982E-4;;
29/11/2021  17:31:10,292641;9,396714E-4;;
29/11/2021  17:31:10,293141;9,390634E-4;;
29/11/2021  17:31:10,293641;9,392094E-4;;
29/11/2021  17:31:10,294141;9,389263E-4;;
29/11/2021  17:31:10,294641;9,392332E-4;;
29/11/2021  17:31:10,295141;9,384226E-4;;
29/11/2021  17:31:10,295641;9,392034E-4;;
29/11/2021  17:31:10,296141;9,388369E-4;;
29/11/2021  17:31:10,296641;9,390336E-4;;
29/11/2021  17:31:10,297141;9,387296E-4;;
29/11/2021  17:31:10,297641;9,396207E-4;;
29/11/2021  17:31:10,298141;9,395164E-4;;
29/11/2021  17:31:10,298641;9,394925E-4;;
29/11/2021  17:31:10,299141;9,388488E-4;;
29/11/2021  17:31:10,299641;9,392303E-4;;
29/11/2021  17:31:10,300141;9,381782E-4;;
29/11/2021  17:31:10,300641;9,390693E-4;;
29/11/2021  17:31:10,301141;9,387087E-4;;
29/11/2021  17:31:10,301641;9,395402E-4;;
29/11/2021  17:31:10,302141;9,399098E-4;;
29/11/2021  17:31:10,302641;9,394627E-4;;
29/11/2021  17:31:10,303141;9,395849E-4;;
29/11/2021  17:31:10,303641;9,387057E-4;;
29/11/2021  17:31:10,304141;9,391111E-4;;
29/11/2021  17:31:10,304641;9,380560E-4;;
29/11/2021  17:31:10,305141;9,387475E-4;;
29/11/2021  17:31:10,305641;9,385746E-4;;
29/11/2021  17:31:10,306141;9,383153E-4;;
29/11/2021  17:31:10,306641;9,391379E-4;;
29/11/2021  17:31:10,307141;9,394031E-4;;
29/11/2021  17:31:10,307641;9,401720E-4;;
29/11/2021  17:31:10,308141;9,394598E-4;;
29/11/2021  17:31:10,308641;9,398681E-4;;
29/11/2021  17:31:10,309141;9,391468E-4;;
29/11/2021  17:31:10,309641;9,389948E-4;;
29/11/2021  17:31:10,310141;9,395283E-4;;
29/11/2021  17:31:10,310641;9,396296E-4;;
29/11/2021  17:31:10,311141;9,393137E-4;;
29/11/2021  17:31:10,311641;9,390485E-4;;
29/11/2021  17:31:10,312141;9,388667E-4;;
29/11/2021  17:31:10,312641;9,389799E-4;;
29/11/2021  17:31:10,313141;9,386700E-4;;
29/11/2021  17:31:10,313641;9,397071E-4;;
29/11/2021  17:31:10,314141;9,391707E-4;;
29/11/2021  17:31:10,314641;9,389769E-4;;
29/11/2021  17:31:10,315141;9,389233E-4;;
29/11/2021  17:31:10,315641;9,391915E-4;;
29/11/2021  17:31:10,316141;9,396445E-4;;
29/11/2021  17:31:10,316641;9,391081E-4;;
29/11/2021  17:31:10,317141;9,389769E-4;;
29/11/2021  17:31:10,317641;9,389710E-4;;
29/11/2021  17:31:10,318141;9,395313E-4;;
29/11/2021  17:31:10,318641;9,396952E-4;;
29/11/2021  17:31:10,319141;9,401989E-4;;
29/11/2021  17:31:10,319641;9,389412E-4;;
29/11/2021  17:31:10,320141;9,398859E-4;;
29/11/2021  17:31:10,320641;9,399068E-4;;
29/11/2021  17:31:10,321141;9,388518E-4;;
29/11/2021  17:31:10,321641;9,398263E-4;;
29/11/2021  17:31:10,322141;9,399753E-4;;
29/11/2021  17:31:10,322641;9,392362E-4;;
29/11/2021  17:31:10,323141;9,396594E-4;;
29/11/2021  17:31:10,323641;9,401035E-4;;
29/11/2021  17:31:10,324141;9,391826E-4;;
29/11/2021  17:31:10,324641;9,384465E-4;;
29/11/2021  17:31:10,325141;9,391289E-4;;
29/11/2021  17:31:10,325641;9,392988E-4;;
29/11/2021  17:31:10,326141;9,402764E-4;;
29/11/2021  17:31:10,326641;9,389293E-4;;
29/11/2021  17:31:10,327141;9,392899E-4;;
29/11/2021  17:31:10,327641;9,390604E-4;;
29/11/2021  17:31:10,328141;9,393137E-4;;
29/11/2021  17:31:10,328641;9,389054E-4;;
29/11/2021  17:31:10,329141;9,387057E-4;;
29/11/2021  17:31:10,329641;9,391260E-4;;
29/11/2021  17:31:10,330141;9,387475E-4;;
29/11/2021  17:31:10,330641;9,394210E-4;;
29/11/2021  17:31:10,331141;9,383898E-4;;
29/11/2021  17:31:10,331641;9,390693E-4;;
29/11/2021  17:31:10,332141;9,388726E-4;;
29/11/2021  17:31:10,332641;9,385299E-4;;
29/11/2021  17:31:10,333141;9,391260E-4;;
29/11/2021  17:31:10,333641;9,394270E-4;;
29/11/2021  17:31:10,334141;9,394180E-4;;
29/11/2021  17:31:10,334641;9,387087E-4;;
29/11/2021  17:31:10,335141;9,390872E-4;;
29/11/2021  17:31:10,335641;9,388339E-4;;
29/11/2021  17:31:10,336141;9,397518E-4;;
29/11/2021  17:31:10,336641;9,389978E-4;;
29/11/2021  17:31:10,337141;9,393733E-4;;
29/11/2021  17:31:10,337641;9,379905E-4;;
29/11/2021  17:31:10,338141;9,378414E-4;;
29/11/2021  17:31:10,338641;9,402734E-4;;
29/11/2021  17:31:10,339141;9,386461E-4;;
29/11/2021  17:31:10,339641;9,392780E-4;;
29/11/2021  17:31:10,340141;9,396147E-4;;
29/11/2021  17:31:10,340641;9,390842E-4;;
29/11/2021  17:31:10,341141;9,388816E-4;;
29/11/2021  17:31:10,341641;9,394031E-4;;
29/11/2021  17:31:10,342141;9,384405E-4;;
29/11/2021  17:31:10,342641;9,391349E-4;;
29/11/2021  17:31:10,343141;9,389471E-4;;
29/11/2021  17:31:10,343641;9,394061E-4;;
29/11/2021  17:31:10,344141;9,392005E-4;;
29/11/2021  17:31:10,344641;9,387206E-4;;
29/11/2021  17:31:10,345141;9,389412E-4;;
29/11/2021  17:31:10,345641;9,390455E-4;;
29/11/2021  17:31:10,346141;9,394836E-4;;
29/11/2021  17:31:10,346641;9,385418E-4;;
29/11/2021  17:31:10,347141;9,385239E-4;;
29/11/2021  17:31:10,347641;9,381007E-4;;
29/11/2021  17:31:10,348141;9,386193E-4;;
29/11/2021  17:31:10,348641;9,390693E-4;;
29/11/2021  17:31:10,349141;9,394717E-4;;
29/11/2021  17:31:10,349641;9,389293E-4;;
29/11/2021  17:31:10,350141;9,389471E-4;;
29/11/2021  17:31:10,350641;9,385925E-4;;
29/11/2021  17:31:10,351141;9,386670E-4;;
29/11/2021  17:31:10,351641;9,380888E-4;;
29/11/2021  17:31:10,352141;9,388965E-4;;
29/11/2021  17:31:10,352641;9,390515E-4;;
29/11/2021  17:31:10,353141;9,381335E-4;;
29/11/2021  17:31:10,353641;9,399694E-4;;
29/11/2021  17:31:10,354141;9,387653E-4;;
29/11/2021  17:31:10,354641;9,390693E-4;;
29/11/2021  17:31:10,355141;9,392094E-4;;
29/11/2021  17:31:10,355641;9,384554E-4;;
29/11/2021  17:31:10,356141;9,395372E-4;;
29/11/2021  17:31:10,356641;9,388816E-4;;
29/11/2021  17:31:10,357141;9,391498E-4;;
29/11/2021  17:31:10,357641;9,388488E-4;;
29/11/2021  17:31:10,358141;9,392482E-4;;
29/11/2021  17:31:10,358641;9,395313E-4;;
29/11/2021  17:31:10,359141;9,398114E-4;;
29/11/2021  17:31:10,359641;9,393197E-4;;
29/11/2021  17:31:10,360141;9,388875E-4;;
29/11/2021  17:31:10,360641;9,387683E-4;;
29/11/2021  17:31:10,361141;9,391140E-4;;
29/11/2021  17:31:10,361641;9,398084E-4;;
29/11/2021  17:31:10,362141;9,399396E-4;;
29/11/2021  17:31:10,362641;9,394985E-4;;
29/11/2021  17:31:10,363141;9,395551E-4;;
29/11/2021  17:31:10,363641;9,396803E-4;;
29/11/2021  17:31:10,364141;9,392511E-4;;
29/11/2021  17:31:10,364641;9,393882E-4;;
29/11/2021  17:31:10,365141;9,400350E-4;;
29/11/2021  17:31:10,365641;9,398204E-4;;
29/11/2021  17:31:10,366141;9,391707E-4;;
29/11/2021  17:31:10,366641;9,397399E-4;;
29/11/2021  17:31:10,367141;9,392124E-4;;
29/11/2021  17:31:10,367641;9,395909E-4;;
29/11/2021  17:31:10,368141;9,389889E-4;;
29/11/2021  17:31:10,368641;9,393644E-4;;
29/11/2021  17:31:10,369141;9,389710E-4;;
29/11/2021  17:31:10,369641;9,390097E-4;;
29/11/2021  17:31:10,370141;9,392660E-4;;
29/11/2021  17:31:10,370641;9,386581E-4;;
29/11/2021  17:31:10,371141;9,389293E-4;;
29/11/2021  17:31:10,371641;9,393882E-4;;
29/11/2021  17:31:10,372141;9,394687E-4;;
29/11/2021  17:31:10,372641;9,392303E-4;;
29/11/2021  17:31:10,373141;9,401005E-4;;
29/11/2021  17:31:10,373641;9,381186E-4;;
29/11/2021  17:31:10,374141;9,387028E-4;;
29/11/2021  17:31:10,374641;9,391021E-4;;
29/11/2021  17:31:10,375141;9,387087E-4;;
29/11/2021  17:31:10,375641;9,394180E-4;;
29/11/2021  17:31:10,376141;9,388875E-4;;
29/11/2021  17:31:10,376641;9,387594E-4;;
29/11/2021  17:31:10,377141;9,390962E-4;;
29/11/2021  17:31:10,377641;9,389382E-4;;
29/11/2021  17:31:10,378141;9,393256E-4;;
29/11/2021  17:31:10,378641;9,387028E-4;;
29/11/2021  17:31:10,379141;9,395402E-4;;
29/11/2021  17:31:10,379641;9,396058E-4;;
29/11/2021  17:31:10,380141;9,396684E-4;;
29/11/2021  17:31:10,380641;9,392332E-4;;
29/11/2021  17:31:10,381141;9,390306E-4;;
29/11/2021  17:31:10,381641;9,410691E-4;;
29/11/2021  17:31:10,382141;9,401303E-4;;
29/11/2021  17:31:10,382641;9,400975E-4;;
29/11/2021  17:31:10,383141;9,375494E-4;;
29/11/2021  17:31:10,383641;9,389054E-4;;
29/11/2021  17:31:10,384141;9,393972E-4;;
29/11/2021  17:31:10,384641;9,383392E-4;;
29/11/2021  17:31:10,385141;9,385180E-4;;
29/11/2021  17:31:10,385641;9,401989E-4;;
29/11/2021  17:31:10,386141;9,386312E-4;;
29/11/2021  17:31:10,386641;9,387177E-4;;
29/11/2021  17:31:10,387141;9,395551E-4;;
29/11/2021  17:31:10,387641;9,388905E-4;;
29/11/2021  17:31:10,388141;9,388339E-4;;
29/11/2021  17:31:10,388641;9,380024E-4;;
29/11/2021  17:31:10,389141;9,398472E-4;;
29/11/2021  17:31:10,389641;9,387296E-4;;
29/11/2021  17:31:10,390141;9,383541E-4;;
29/11/2021  17:31:10,390641;9,397578E-4;;
29/11/2021  17:31:10,391141;9,395045E-4;;
29/11/2021  17:31:10,391641;9,385120E-4;;
29/11/2021  17:31:10,392141;9,379160E-4;;
29/11/2021  17:31:10,392641;9,392034E-4;;
29/11/2021  17:31:10,393141;9,375255E-4;;
29/11/2021  17:31:10,393641;9,383839E-4;;
29/11/2021  17:31:10,394141;9,388190E-4;;
29/11/2021  17:31:10,394641;9,390813E-4;;
29/11/2021  17:31:10,395141;9,387296E-4;;
29/11/2021  17:31:10,395641;9,387206E-4;;
29/11/2021  17:31:10,396141;9,392750E-4;;
29/11/2021  17:31:10,396641;9,376358E-4;;
29/11/2021  17:31:10,397141;9,392720E-4;;
29/11/2021  17:31:10,397641;9,381305E-4;;
29/11/2021  17:31:10,398141;9,386968E-4;;
29/11/2021  17:31:10,398641;9,385597E-4;;
29/11/2021  17:31:10,399141;9,390067E-4;;
29/11/2021  17:31:10,399641;9,394508E-4;;
29/11/2021  17:31:10,400141;9,394836E-4;;
29/11/2021  17:31:10,400641;9,389352E-4;;
29/11/2021  17:31:10,401141;9,393256E-4;;
29/11/2021  17:31:10,401641;9,395253E-4;;
29/11/2021  17:31:10,402141;9,391379E-4;;
29/11/2021  17:31:10,402641;9,393614E-4;;
29/11/2021  17:31:10,403141;9,401363E-4;;
29/11/2021  17:31:10,403641;9,396624E-4;;
29/11/2021  17:31:10,404141;9,395998E-4;;
29/11/2021  17:31:10,404641;9,399157E-4;;
29/11/2021  17:31:10,405141;9,394508E-4;;
29/11/2021  17:31:10,405641;9,396594E-4;;
29/11/2021  17:31:10,406141;9,398293E-4;;
29/11/2021  17:31:10,406641;9,400499E-4;;
29/11/2021  17:31:10,407141;9,398055E-4;;
29/11/2021  17:31:10,407641;9,392601E-4;;
29/11/2021  17:31:10,408141;9,392243E-4;;
29/11/2021  17:31:10,408641;9,395164E-4;;
29/11/2021  17:31:10,409141;9,396654E-4;;
29/11/2021  17:31:10,409641;9,387534E-4;;
29/11/2021  17:31:10,410141;9,392601E-4;;
29/11/2021  17:31:10,410641;9,401929E-4;;
29/11/2021  17:31:10,411141;9,387653E-4;;
29/11/2021  17:31:10,411641;9,391796E-4;;
29/11/2021  17:31:10,412141;9,391796E-4;;
29/11/2021  17:31:10,412641;9,386551E-4;;
29/11/2021  17:31:10,413141;9,390246E-4;;
29/11/2021  17:31:10,413641;9,391349E-4;;
29/11/2021  17:31:10,414141;9,391647E-4;;
29/11/2021  17:31:10,414641;9,388726E-4;;
29/11/2021  17:31:10,415141;9,388756E-4;;
29/11/2021  17:31:10,415641;9,402138E-4;;
29/11/2021  17:31:10,416141;9,390902E-4;;
29/11/2021  17:31:10,416641;9,391617E-4;;
29/11/2021  17:31:10,417141;9,386104E-4;;
29/11/2021  17:31:10,417641;9,392332E-4;;
29/11/2021  17:31:10,418141;9,392571E-4;;
29/11/2021  17:31:10,418641;9,388428E-4;;
29/11/2021  17:31:10,419141;9,379964E-4;;
29/11/2021  17:31:10,419641;9,381216E-4;;
29/11/2021  17:31:10,420141;9,381574E-4;;
29/11/2021  17:31:10,420641;9,388190E-4;;
29/11/2021  17:31:10,421141;9,395432E-4;;
29/11/2021  17:31:10,421641;9,396505E-4;;
29/11/2021  17:31:10,422141;9,389948E-4;;
29/11/2021  17:31:10,422641;9,391081E-4;;
29/11/2021  17:31:10,423141;9,388697E-4;;
29/11/2021  17:31:10,423641;9,390962E-4;;
29/11/2021  17:31:10,424141;9,394478E-4;;
29/11/2021  17:31:10,424641;9,391677E-4;;
29/11/2021  17:31:10,425141;9,391915E-4;;
29/11/2021  17:31:10,425641;9,391170E-4;;
29/11/2021  17:31:10,426141;9,387355E-4;;
29/11/2021  17:31:10,426641;9,381603E-4;;
29/11/2021  17:31:10,427141;9,389203E-4;;
29/11/2021  17:31:10,427641;9,392482E-4;;
29/11/2021  17:31:10,428141;9,396266E-4;;
29/11/2021  17:31:10,428641;9,389263E-4;;
29/11/2021  17:31:10,429141;9,394299E-4;;
29/11/2021  17:31:10,429641;9,403062E-4;;
29/11/2021  17:31:10,430141;9,385984E-4;;
29/11/2021  17:31:10,430641;9,403211E-4;;
29/11/2021  17:31:10,431141;9,396654E-4;;
29/11/2021  17:31:10,431641;9,385776E-4;;
29/11/2021  17:31:10,432141;9,394776E-4;;
29/11/2021  17:31:10,432641;9,383928E-4;;
29/11/2021  17:31:10,433141;9,390783E-4;;
29/11/2021  17:31:10,433641;9,401840E-4;;
29/11/2021  17:31:10,434141;9,396088E-4;;
29/11/2021  17:31:10,434641;9,396117E-4;;
29/11/2021  17:31:10,435141;9,394210E-4;;
29/11/2021  17:31:10,435641;9,389144E-4;;
29/11/2021  17:31:10,436141;9,396177E-4;;
29/11/2021  17:31:10,436641;9,394687E-4;;
29/11/2021  17:31:10,437141;9,390425E-4;;
29/11/2021  17:31:10,437641;9,385746E-4;;
29/11/2021  17:31:10,438141;9,390455E-4;;
29/11/2021  17:31:10,438641;9,386312E-4;;
29/11/2021  17:31:10,439141;9,391617E-4;;
29/11/2021  17:31:10,439641;9,380620E-4;;
29/11/2021  17:31:10,440141;9,383690E-4;;
29/11/2021  17:31:10,440641;9,385418E-4;;
29/11/2021  17:31:10,441141;9,391647E-4;;
29/11/2021  17:31:10,441641;9,390127E-4;;
29/11/2021  17:31:10,442141;9,385567E-4;;
29/11/2021  17:31:10,442641;9,385716E-4;;
29/11/2021  17:31:10,443141;9,391379E-4;;
29/11/2021  17:31:10,443641;9,393942E-4;;
29/11/2021  17:31:10,444141;9,385180E-4;;
29/11/2021  17:31:10,444641;9,388428E-4;;
29/11/2021  17:31:10,445141;9,397250E-4;;
29/11/2021  17:31:10,445641;9,386938E-4;;
29/11/2021  17:31:10,446141;9,387206E-4;;
29/11/2021  17:31:10,446641;9,395670E-4;;
29/11/2021  17:31:10,447141;9,390783E-4;;
29/11/2021  17:31:10,447641;9,399932E-4;;
29/11/2021  17:31:10,448141;9,390187E-4;;
29/11/2021  17:31:10,448641;9,394240E-4;;
29/11/2021  17:31:10,449141;9,390216E-4;;
29/11/2021  17:31:10,449641;9,388756E-4;;
29/11/2021  17:31:10,450141;9,394627E-4;;
29/11/2021  17:31:10,450641;9,401989E-4;;
29/11/2021  17:31:10,451141;9,384494E-4;;
29/11/2021  17:31:10,451641;9,384703E-4;;
29/11/2021  17:31:10,452141;9,400618E-4;;
29/11/2021  17:31:10,452641;9,400797E-4;;
29/11/2021  17:31:10,453141;9,394031E-4;;
29/11/2021  17:31:10,453641;9,391677E-4;;
29/11/2021  17:31:10,454141;9,389054E-4;;
29/11/2021  17:31:10,454641;9,386640E-4;;
29/11/2021  17:31:10,455141;9,392034E-4;;
29/11/2021  17:31:10,455641;9,393525E-4;;
29/11/2021  17:31:10,456141;9,397667E-4;;
29/11/2021  17:31:10,456641;9,388279E-4;;
29/11/2021  17:31:10,457141;9,398442E-4;;
29/11/2021  17:31:10,457641;9,393733E-4;;
29/11/2021  17:31:10,458141;9,384584E-4;;
29/11/2021  17:31:10,458641;9,390813E-4;;
29/11/2021  17:31:10,459141;9,384166E-4;;
29/11/2021  17:31:10,459641;9,390365E-4;;
29/11/2021  17:31:10,460141;9,406906E-4;;
29/11/2021  17:31:10,460641;9,393644E-4;;
29/11/2021  17:31:10,461141;9,383600E-4;;
29/11/2021  17:31:10,461641;9,391826E-4;;
29/11/2021  17:31:10,462141;9,382408E-4;;
29/11/2021  17:31:10,462641;9,398472E-4;;
29/11/2021  17:31:10,463141;9,395849E-4;;
29/11/2021  17:31:10,463641;9,385716E-4;;
29/11/2021  17:31:10,464141;9,383213E-4;;
29/11/2021  17:31:10,464641;9,389948E-4;;
29/11/2021  17:31:10,465141;9,389680E-4;;
29/11/2021  17:31:10,465641;9,394121E-4;;
29/11/2021  17:31:10,466141;9,388846E-4;;
29/11/2021  17:31:10,466641;9,388011E-4;;
29/11/2021  17:31:10,467141;9,406668E-4;;
29/11/2021  17:31:10,467641;9,394210E-4;;
29/11/2021  17:31:10,468141;9,392541E-4;;
29/11/2021  17:31:10,468641;9,383243E-4;;
29/11/2021  17:31:10,469141;9,399128E-4;;
29/11/2021  17:31:10,469641;9,392005E-4;;
29/11/2021  17:31:10,470141;9,391766E-4;;
29/11/2021  17:31:10,470641;9,402644E-4;;
29/11/2021  17:31:10,471141;9,391170E-4;;
29/11/2021  17:31:10,471641;9,387564E-4;;
29/11/2021  17:31:10,472141;9,384763E-4;;
29/11/2021  17:31:10,472641;9,390038E-4;;
29/11/2021  17:31:10,473141;9,396594E-4;;
29/11/2021  17:31:10,473641;9,391617E-4;;
29/11/2021  17:31:10,474141;9,391677E-4;;
29/11/2021  17:31:10,474641;9,388995E-4;;
29/11/2021  17:31:10,475141;9,396833E-4;;
29/11/2021  17:31:10,475641;9,388637E-4;;
29/11/2021  17:31:10,476141;9,394150E-4;;
29/11/2021  17:31:10,476641;9,390395E-4;;
29/11/2021  17:31:10,477141;9,389054E-4;;
29/11/2021  17:31:10,477641;9,395134E-4;;
29/11/2021  17:31:10,478141;9,390753E-4;;
29/11/2021  17:31:10,478641;9,388071E-4;;
29/11/2021  17:31:10,479141;9,395611E-4;;
29/11/2021  17:31:10,479641;9,403568E-4;;
29/11/2021  17:31:10,480141;9,392571E-4;;
29/11/2021  17:31:10,480641;9,395760E-4;;
29/11/2021  17:31:10,481141;9,393882E-4;;
29/11/2021  17:31:10,481641;9,390485E-4;;
29/11/2021  17:31:10,482141;9,396058E-4;;
29/11/2021  17:31:10,482641;9,390932E-4;;
29/11/2021  17:31:10,483141;9,387266E-4;;
29/11/2021  17:31:10,483641;9,392988E-4;;
29/11/2021  17:31:10,484141;9,397697E-4;;
29/11/2021  17:31:10,484641;9,395700E-4;;
29/11/2021  17:31:10,485141;9,393346E-4;;
29/11/2021  17:31:10,485641;9,388130E-4;;
29/11/2021  17:31:10,486141;9,388130E-4;;
29/11/2021  17:31:10,486641;9,405386E-4;;
29/11/2021  17:31:10,487141;9,390932E-4;;
29/11/2021  17:31:10,487641;9,394806E-4;;
29/11/2021  17:31:10,488141;9,392332E-4;;
29/11/2021  17:31:10,488641;9,390991E-4;;
29/11/2021  17:31:10,489141;9,381782E-4;;
29/11/2021  17:31:10,489641;9,391140E-4;;
29/11/2021  17:31:10,490141;9,392601E-4;;
29/11/2021  17:31:10,490641;9,392660E-4;;
29/11/2021  17:31:10,491141;9,377520E-4;;
